symbol,name,tag,published_at,title,url
SSE:601138,工业富联,institutional_capital,2026-05-30,工业富联:富士康工业互联网股份有限公司2025年年度股东会会议资料,https://data.eastmoney.com/notices/detail/601138/AN202605291823012767.html
SSE:601138,工业富联,investor_relations,2026-05-21,工业富联:富士康工业互联网股份有限公司投资者关系活动记录表20260520,https://data.eastmoney.com/notices/detail/601138/AN202605211822642700.html
SSE:601138,工业富联,institutional_capital,2026-05-20,工业富联:富士康工业互联网股份有限公司关于召开2025年年度股东会的通知,https://data.eastmoney.com/notices/detail/601138/AN202605191822445096.html
SSE:601138,工业富联,investor_relations,2026-05-19,工业富联:富士康工业互联网股份有限公司投资者关系活动记录表-20260515-20260518,https://data.eastmoney.com/notices/detail/601138/AN202605191822440533.html
SSE:601138,工业富联,investor_relations,2026-05-14,工业富联:富士康工业互联网股份有限公司关于召开2026年第一季度业绩说明会的公告,https://data.eastmoney.com/notices/detail/601138/AN202605131822269432.html
SSE:601138,工业富联,earnings,2026-04-29,工业富联:富士康工业互联网股份有限公司2026年第一季度报告,https://data.eastmoney.com/notices/detail/601138/AN202604281821679602.html
SSE:601138,工业富联,investor_relations,2026-04-17,工业富联:富士康工业互联网股份有限公司投资者关系活动记录表20260416,https://data.eastmoney.com/notices/detail/601138/AN202604171821292159.html
SSE:601138,工业富联,investor_relations,2026-04-09,工业富联:富士康工业互联网股份有限公司关于召开2025年年度业绩说明会的公告,https://data.eastmoney.com/notices/detail/601138/AN202604081821063138.html
SSE:601138,工业富联,institutional_capital,2026-03-31,工业富联:富士康工业互联网股份有限公司关于股份回购实施结果暨股份变动的公告,https://data.eastmoney.com/notices/detail/601138/AN202603301820868331.html
SSE:601138,工业富联,institutional_capital,2026-03-11,工业富联:富士康工业互联网股份有限公司控股股东及其他关联方占用资金情况专项报告,https://data.eastmoney.com/notices/detail/601138/AN202603101820464709.html
SSE:601138,工业富联,earnings,2026-03-11,工业富联:富士康工业互联网股份有限公司2025年年度报告摘要,https://data.eastmoney.com/notices/detail/601138/AN202603101820464722.html
SSE:601138,工业富联,earnings,2026-03-11,工业富联:富士康工业互联网股份有限公司关于公司2025年度利润分配方案的公告,https://data.eastmoney.com/notices/detail/601138/AN202603101820464712.html
SSE:601138,工业富联,earnings,2026-03-11,工业富联:富士康工业互联网股份有限公司2025年年度报告,https://data.eastmoney.com/notices/detail/601138/AN202603101820464731.html
SSE:601138,工业富联,institutional_capital,2026-03-04,工业富联:富士康工业互联网股份有限公司关于股份回购进展公告,https://data.eastmoney.com/notices/detail/601138/AN202603031820224213.html
SSE:601138,工业富联,institutional_capital,2026-02-04,工业富联:富士康工业互联网股份有限公司关于股份回购进展公告,https://data.eastmoney.com/notices/detail/601138/AN202602031819616985.html
SSE:601138,工业富联,earnings,2026-01-09,工业富联:中国国际金融股份有限公司关于富士康工业互联网股份有限公司2025年半年度差异化分红事项的核查意见,https://data.eastmoney.com/notices/detail/601138/AN202601081816853946.html
SSE:601138,工业富联,institutional_capital,2026-01-09,工业富联:富士康工业互联网股份有限公司关于2025年半年度权益分派实施后调整回购价格上限的公告,https://data.eastmoney.com/notices/detail/601138/AN202601081816853945.html
SSE:601138,工业富联,institutional_capital,2026-01-07,工业富联:富士康工业互联网股份有限公司关于2019年股票期权与限制性股票激励计划2025年第四季度自主行权结果暨股份变动的公告,https://data.eastmoney.com/notices/detail/601138/AN202601061816086829.html
SSE:601138,工业富联,institutional_capital,2026-01-05,工业富联:富士康工业互联网股份有限公司关于股份回购进展公告,https://data.eastmoney.com/notices/detail/601138/AN202601041814691798.html
SSE:601138,工业富联,institutional_capital,2025-12-09,工业富联:富士康工业互联网股份有限公司关于2019年股票期权与限制性股票激励计划限制行权期间的提示性公告,https://data.eastmoney.com/notices/detail/601138/AN202512081796322547.html
SSE:601138,工业富联,institutional_capital,2025-12-02,工业富联:富士康工业互联网股份有限公司关于股份回购进展公告,https://data.eastmoney.com/notices/detail/601138/AN202512011791860568.html
SSE:601138,工业富联,institutional_capital,2025-11-27,工业富联:富士康工业互联网股份有限公司关于调整回购股份价格上限的公告,https://data.eastmoney.com/notices/detail/601138/AN202511261788776555.html
SSE:601138,工业富联,institutional_capital,2025-11-25,工业富联:北京市金杜律师事务所关于富士康工业互联网股份有限公司2025年第二次临时股东大会之法律意见书,https://data.eastmoney.com/notices/detail/601138/AN202511241787537906.html
SSE:601138,工业富联,institutional_capital,2025-11-25,工业富联:富士康工业互联网股份有限公司2025年第二次临时股东大会决议公告,https://data.eastmoney.com/notices/detail/601138/AN202511241787537905.html
SSE:601138,工业富联,investor_relations,2025-11-14,工业富联:富士康工业互联网股份有限公司投资者关系活动记录表20251113,https://data.eastmoney.com/notices/detail/601138/AN202511141781202859.html
SSE:601138,工业富联,institutional_capital,2025-11-07,工业富联:富士康工业互联网股份有限公司2025年第二次临时股东大会会议资料,https://data.eastmoney.com/notices/detail/601138/AN202511061776269575.html
SSE:601138,工业富联,investor_relations,2025-11-07,工业富联:富士康工业互联网股份有限公司关于召开2025年第三季度业绩说明会的公告,https://data.eastmoney.com/notices/detail/601138/AN202511061776267349.html
SSE:601138,工业富联,institutional_capital,2025-11-05,工业富联:富士康工业互联网股份有限公司关于股份回购进展公告,https://data.eastmoney.com/notices/detail/601138/AN202511041775000202.html
SSE:601138,工业富联,earnings,2025-10-30,工业富联:富士康工业互联网股份有限公司2025年第三季度报告,https://data.eastmoney.com/notices/detail/601138/AN202510291771306226.html
SSE:601138,工业富联,institutional_capital,2025-10-30,工业富联:富士康工业互联网股份有限公司股东会议事规则,https://data.eastmoney.com/notices/detail/601138/AN202510291771306224.html
SSE:601138,工业富联,institutional_capital,2025-10-30,工业富联:富士康工业互联网股份有限公司关于召开2025年第二次临时股东大会的通知,https://data.eastmoney.com/notices/detail/601138/AN202510291771306217.html
SSE:601138,工业富联,earnings,2025-10-21,工业富联:富士康工业互联网股份有限公司监事会关于利润分配的核查意见,https://data.eastmoney.com/notices/detail/601138/AN202510201765723675.html
SSE:601138,工业富联,earnings,2025-10-21,工业富联:富士康工业互联网股份有限公司关于公司2025年半年度利润分配方案的公告,https://data.eastmoney.com/notices/detail/601138/AN202510201765723676.html
SSE:601138,工业富联,institutional_capital,2025-10-11,工业富联:富士康工业互联网股份有限公司关于2019年股票期权与限制性股票激励计划2025年第三季度自主行权结果暨股份变动的公告,https://data.eastmoney.com/notices/detail/601138/AN202510101759613668.html
SSE:601138,工业富联,institutional_capital,2025-10-10,工业富联:富士康工业互联网股份有限公司关于股份回购进展公告,https://data.eastmoney.com/notices/detail/601138/AN202510091758922736.html
SSE:601138,工业富联,institutional_capital,2025-09-27,工业富联:富士康工业互联网股份有限公司关于2019年股票期权与限制性股票激励计划限制行权期间的提示性公告,https://data.eastmoney.com/notices/detail/601138/AN202509261750993610.html
SSE:601138,工业富联,institutional_capital,2025-09-16,工业富联:富士康工业互联网股份有限公司关于股权激励限制性股票回购注销实施的公告,https://data.eastmoney.com/notices/detail/601138/AN202509151744230949.html
SSE:601138,工业富联,institutional_capital,2025-09-16,工业富联:北京市金杜律师事务所关于富士康工业互联网股份有限公司2019年股票期权与限制性股票激励计划回购注销部分限制性股票相关事项的法律意见书,https://data.eastmoney.com/notices/detail/601138/AN202509151744230948.html
SSE:601138,工业富联,institutional_capital,2025-09-02,工业富联:富士康工业互联网股份有限公司关于股份回购进展公告,https://data.eastmoney.com/notices/detail/601138/AN202509011737683501.html
SSE:601138,工业富联,investor_relations,2025-08-18,工业富联:富士康工业互联网股份有限公司投资者关系活动记录表20250815,https://data.eastmoney.com/notices/detail/601138/AN202508181729860120.html
SSE:601138,工业富联,earnings,2025-08-11,工业富联:富士康工业互联网股份有限公司2025年半年度报告,https://data.eastmoney.com/notices/detail/601138/AN202508101724881640.html
SSE:601138,工业富联,investor_relations,2025-08-11,工业富联:富士康工业互联网股份有限公司关于召开2025年半年度业绩说明会的公告,https://data.eastmoney.com/notices/detail/601138/AN202508101724899561.html
SSE:601138,工业富联,earnings,2025-08-11,工业富联:富士康工业互联网股份有限公司2025年半年度报告摘要,https://data.eastmoney.com/notices/detail/601138/AN202508101724881652.html
SSE:601138,工业富联,risk,2025-08-05,工业富联:富士康工业互联网股份有限公司关于签订募集资金专户存储三方监管协议的公告,https://data.eastmoney.com/notices/detail/601138/AN202508041721365700.html
SSE:601138,工业富联,institutional_capital,2025-08-05,工业富联:富士康工业互联网股份有限公司关于股份回购进展公告,https://data.eastmoney.com/notices/detail/601138/AN202508041721365702.html
SSE:601138,工业富联,institutional_capital,2025-07-29,工业富联:富士康工业互联网股份有限公司关于2024年年度权益分派实施后调整回购价格上限的公告,https://data.eastmoney.com/notices/detail/601138/AN202507281717206580.html
SSE:601138,工业富联,institutional_capital,2025-07-29,工业富联:北京市金杜律师事务所关于富士康工业互联网股份有限公司2019年股票期权与限制性股票激励计划调整股票期权行权价格的法律意见书,https://data.eastmoney.com/notices/detail/601138/AN202507281717206585.html
SSE:601138,工业富联,institutional_capital,2025-07-29,工业富联:富士康工业互联网股份有限公司关于调整2019年股票期权与限制性股票激励计划股票期权行权价格的公告,https://data.eastmoney.com/notices/detail/601138/AN202507281717206584.html
SSE:601138,工业富联,institutional_capital,2025-07-29,工业富联:富士康工业互联网股份有限公司监事会关于调整2019年股票期权与限制性股票激励计划股票期权行权价格的核查意见,https://data.eastmoney.com/notices/detail/601138/AN202507281717206581.html
SSE:601138,工业富联,earnings,2025-07-24,工业富联:中国国际金融股份有限公司关于富士康工业互联网股份有限公司2024年度差异化分红事项的核查意见,https://data.eastmoney.com/notices/detail/601138/AN202507231714281220.html
SSE:601138,工业富联,earnings,2025-07-08,工业富联:富士康工业互联网股份有限公司2025年半年度业绩预告,https://data.eastmoney.com/notices/detail/601138/AN202507071704600000.html
SSE:601138,工业富联,institutional_capital,2025-07-03,工业富联:富士康工业互联网股份有限公司关于2019年股票期权与限制性股票激励计划2025年第二季度自主行权结果暨股份变动的公告,https://data.eastmoney.com/notices/detail/601138/AN202507021701631173.html
SSE:601138,工业富联,institutional_capital,2025-07-03,工业富联:富士康工业互联网股份有限公司关于股份回购进展公告,https://data.eastmoney.com/notices/detail/601138/AN202507021701631172.html
SSE:601138,工业富联,capacity_project,2025-06-28,工业富联:中国国际金融股份有限公司关于富士康工业互联网股份有限公司使用募集资金向募投项目实施主体增资实施募投项目的核查意见,https://data.eastmoney.com/notices/detail/601138/AN202506271698627053.html
SSE:601138,工业富联,institutional_capital,2025-06-28,工业富联:富士康工业互联网股份有限公司关于2019年股票期权与限制性股票激励计划限制行权期间的提示性公告,https://data.eastmoney.com/notices/detail/601138/AN202506271698627048.html
SSE:601138,工业富联,capacity_project,2025-06-28,工业富联:富士康工业互联网股份有限公司关于使用募集资金向募投项目实施主体增资实施募投项目的公告,https://data.eastmoney.com/notices/detail/601138/AN202506271698627046.html
SSE:601138,工业富联,institutional_capital,2025-06-20,工业富联:富士康工业互联网股份有限公司2024年年度股东大会法律意见书,https://data.eastmoney.com/notices/detail/601138/AN202506191693875856.html
SSE:601138,工业富联,institutional_capital,2025-06-20,工业富联:富士康工业互联网股份有限公司2024年年度股东大会决议公告,https://data.eastmoney.com/notices/detail/601138/AN202506191693875853.html
SSE:601138,工业富联,institutional_capital,2025-06-11,工业富联:富士康工业互联网股份有限公司关于2022年员工持股计划第二个锁定期届满暨解锁条件成就的公告,https://data.eastmoney.com/notices/detail/601138/AN202506101688249843.html
SSE:601138,工业富联,institutional_capital,2025-06-11,工业富联:富士康工业互联网股份有限公司2024年年度股东大会会议资料,https://data.eastmoney.com/notices/detail/601138/AN202506101688249784.html
SSE:601138,工业富联,institutional_capital,2025-06-04,工业富联:富士康工业互联网股份有限公司关于股份回购进展公告,https://data.eastmoney.com/notices/detail/601138/AN202506031684123078.html
SZSE:001389,广合科技,capacity_project,2026-05-28,广合科技:国联民生证券承销保荐有限公司关于广州广合科技股份有限公司使用募集资金向全资子公司增资实施募投项目的核查意见,https://data.eastmoney.com/notices/detail/001389/AN202605271822913535.html
SZSE:001389,广合科技,capacity_project,2026-05-28,广合科技:关于使用募集资金向全资子公司增资实施募投项目的公告,https://data.eastmoney.com/notices/detail/001389/AN202605271822913526.html
SZSE:001389,广合科技,institutional_capital,2026-05-28,广合科技:关于召开2025年年度股东会的通知,https://data.eastmoney.com/notices/detail/001389/AN202605271822913521.html
SZSE:001389,广合科技,investor_relations,2026-05-15,广合科技:2026年5月15日投资者关系活动记录表,https://data.eastmoney.com/notices/detail/001389/AN202605151822349572.html
SZSE:001389,广合科技,institutional_capital,2026-04-30,广合科技:关于公司2024年股票期权与限制性股票激励计划首次授予股票期权(特别授予部分)第一个行权期行权条件成就、首次授予限制性股票(特别授予部分)第一个解除限售期解除限售条件成就及注销部分股票期权与回购注销部分限制性股票的法律意见书,https://data.eastmoney.com/notices/detail/001389/AN202604291821744794.html
SZSE:001389,广合科技,institutional_capital,2026-04-30,广合科技:关于注销部分股票期权与回购注销部分限制性股票的公告,https://data.eastmoney.com/notices/detail/001389/AN202604291821742078.html
SZSE:001389,广合科技,earnings,2026-04-30,广合科技:2026年一季度报告,https://data.eastmoney.com/notices/detail/001389/AN202604291821742075.html
SZSE:001389,广合科技,institutional_capital,2026-04-30,广合科技:董事会薪酬与考核委员会关于2024年股票期权与限制性股票激励计划(特别授予部分)第一个行权期行权条件成就、第一个解除限售期解除限售条件成就及注销部分股票期权与回购注销部分限制性股票相关事项的核查意见,https://data.eastmoney.com/notices/detail/001389/AN202604291821741951.html
SZSE:001389,广合科技,investor_relations,2026-04-30,广合科技:关于举行2025年度网上业绩说明会的公告,https://data.eastmoney.com/notices/detail/001389/AN202604291821741949.html
SZSE:001389,广合科技,institutional_capital,2026-04-30,广合科技:关于2024年股票期权与限制性股票激励计划首次授予股票期权(特别授予部分)第一个行权期行权条件成就的公告,https://data.eastmoney.com/notices/detail/001389/AN202604291821741948.html
SZSE:001389,广合科技,institutional_capital,2026-04-30,广合科技:关于2024年股票期权与限制性股票激励计划首次授予限制性股票(特别授予部分)第一个解除限售期解除限售条件成就的公告,https://data.eastmoney.com/notices/detail/001389/AN202604291821741943.html
SZSE:001389,广合科技,institutional_capital,2026-04-25,广合科技:关于部分限制性股票回购注销完成的公告,https://data.eastmoney.com/notices/detail/001389/AN202604241821554069.html
SZSE:001389,广合科技,earnings,2026-04-09,广合科技:2026年第一季度业绩预告,https://data.eastmoney.com/notices/detail/001389/AN202604081821066953.html
SZSE:001389,广合科技,investor_relations,2026-03-30,广合科技:2026年3月30日投资者关系活动记录表,https://data.eastmoney.com/notices/detail/001389/AN202603301820868858.html
SZSE:001389,广合科技,capacity_project,2026-03-28,广合科技:关于部分募集资金投资项目延期的公告,https://data.eastmoney.com/notices/detail/001389/AN202603271820812041.html
SZSE:001389,广合科技,capacity_project,2026-03-28,广合科技:国联民生证券承销保荐有限公司关于广州广合科技股份有限公司部分募集资金投资项目延期的核查意见,https://data.eastmoney.com/notices/detail/001389/AN202603271820812035.html
SZSE:001389,广合科技,earnings,2026-03-28,广合科技:关于公司2025年度利润分配预案的公告,https://data.eastmoney.com/notices/detail/001389/AN202603271820812074.html
SZSE:001389,广合科技,earnings,2026-03-28,广合科技:2025年年度报告,https://data.eastmoney.com/notices/detail/001389/AN202603271820812045.html
SZSE:001389,广合科技,earnings,2026-03-28,广合科技:2025年年度报告摘要,https://data.eastmoney.com/notices/detail/001389/AN202603271820812054.html
SZSE:001389,广合科技,institutional_capital,2026-03-21,广合科技:关于控股股东及其一致行动人及持股5%以上股东持股比例被动稀释触及1%及5%整数倍的提示性公告,https://data.eastmoney.com/notices/detail/001389/AN202603201820666946.html
SZSE:001389,广合科技,institutional_capital,2026-03-17,广合科技:上海市锦天城(深圳)律师事务所关于广州广合科技股份有限公司2026年第一次临时股东会的法律意见书,https://data.eastmoney.com/notices/detail/001389/AN202603161820580947.html
SZSE:001389,广合科技,institutional_capital,2026-03-17,广合科技:2026年第一次临时股东会决议公告,https://data.eastmoney.com/notices/detail/001389/AN202603161820580951.html
SZSE:001389,广合科技,institutional_capital,2026-02-28,广合科技:关于召开2026年第一次临时股东会的通知,https://data.eastmoney.com/notices/detail/001389/AN202602271820106561.html
SZSE:001389,广合科技,institutional_capital,2026-02-28,广合科技:股东提名人选参选董事的程序(草案)(H股发行上市后适用),https://data.eastmoney.com/notices/detail/001389/AN202602271820106550.html
SZSE:001389,广合科技,institutional_capital,2026-02-28,广合科技:股东通讯政策(草案)(H股发行上市后适用),https://data.eastmoney.com/notices/detail/001389/AN202602271820106565.html
SZSE:001389,广合科技,institutional_capital,2026-02-28,广合科技:控股股东、实际控制人、董事、高级管理人员对外发布信息行为规范(2026年2月),https://data.eastmoney.com/notices/detail/001389/AN202602271820106543.html
SZSE:001389,广合科技,capacity_project,2026-01-30,广合科技:国联民生证券承销保荐有限公司关于广州广合科技股份有限公司使用募集资金向全资子公司增资实施募投项目的核查意见,https://data.eastmoney.com/notices/detail/001389/AN202601291818541744.html
SZSE:001389,广合科技,capacity_project,2026-01-30,广合科技:关于使用募集资金向全资子公司增资实施募投项目的公告,https://data.eastmoney.com/notices/detail/001389/AN202601291818541738.html
SZSE:001389,广合科技,earnings,2026-01-16,广合科技:2025年度业绩预告,https://data.eastmoney.com/notices/detail/001389/AN202601151817053683.html
SZSE:001389,广合科技,investor_relations,2025-12-23,广合科技:2025年12月11日-23日投资者关系活动记录表,https://data.eastmoney.com/notices/detail/001389/AN202512231806597070.html
SZSE:001389,广合科技,institutional_capital,2025-12-16,广合科技:2025年第五次临时股东会决议公告,https://data.eastmoney.com/notices/detail/001389/AN202512151801080722.html
SZSE:001389,广合科技,institutional_capital,2025-12-16,广合科技:上海市锦天城(深圳)律师事务所关于广州广合科技股份有限公司2025年第五次临时股东会的法律意见书,https://data.eastmoney.com/notices/detail/001389/AN202512151801080693.html
SZSE:001389,广合科技,institutional_capital,2025-12-16,广合科技:关于回购注销部分限制性股票减少注册资本暨通知债权人的公告,https://data.eastmoney.com/notices/detail/001389/AN202512151801080657.html
SZSE:001389,广合科技,institutional_capital,2025-12-10,广合科技:关于2024年股票期权与限制性股票激励计划首次授予股票期权(非特别授予部分)第一个行权期采用自主行权模式的提示性公告,https://data.eastmoney.com/notices/detail/001389/AN202512091797000258.html
SZSE:001389,广合科技,institutional_capital,2025-12-10,广合科技:关于2024年股票期权与限制性股票激励计划首次授予限制性股票(非特别授予部分)第一个解除限售期解除限售股份上市流通的提示性公告,https://data.eastmoney.com/notices/detail/001389/AN202512091797000261.html
SZSE:001389,广合科技,institutional_capital,2025-11-29,广合科技:《上海市锦天城(深圳)律师事务所关于公司2024年股票期权与限制性股票激励计划首次授予股票期权第一个行权期行权条件成就、首次授予限制性股票第一个解除限售期解除限售条件成就及注销部分股票期权与回购注销部分限制性股票的法律意见书》,https://data.eastmoney.com/notices/detail/001389/AN202511281790094692.html
SZSE:001389,广合科技,institutional_capital,2025-11-29,广合科技:关于召开2025年第五次临时股东会的通知,https://data.eastmoney.com/notices/detail/001389/AN202511281790094688.html
SZSE:001389,广合科技,institutional_capital,2025-11-29,广合科技:关于2024年股票期权与限制性股票激励计划首次授予限制性股票(非特别授予部分)第一个解除限售期解除限售条件成就的公告,https://data.eastmoney.com/notices/detail/001389/AN202511281790094687.html
SZSE:001389,广合科技,institutional_capital,2025-11-29,广合科技:关于2024年股票期权与限制性股票激励计划首次授予股票期权(非特别授予部分)第一个行权期行权条件成就的公告,https://data.eastmoney.com/notices/detail/001389/AN202511281790094689.html
SZSE:001389,广合科技,institutional_capital,2025-11-29,广合科技:关于注销部分股票期权与回购注销部分限制性股票的公告,https://data.eastmoney.com/notices/detail/001389/AN202511281790094685.html
SZSE:001389,广合科技,institutional_capital,2025-11-29,广合科技:董事会薪酬与考核委员会关于2024年股票期权与限制性股票激励计划(非特别授予部分)第一个行权期行权条件成就、第一个解除限售期解除限售条件成就及注销部分股票期权与回购注销部分限制性股票相关事项的核查意见,https://data.eastmoney.com/notices/detail/001389/AN202511281790094684.html
SZSE:001389,广合科技,institutional_capital,2025-11-14,广合科技:上海市锦天城(深圳)律师事务所关于广州广合科技股份有限公司2025年第四次临时股东会的法律意见书,https://data.eastmoney.com/notices/detail/001389/AN202511131780639115.html
SZSE:001389,广合科技,institutional_capital,2025-11-14,广合科技:2025年第四次临时股东会决议公告,https://data.eastmoney.com/notices/detail/001389/AN202511131780638312.html
SZSE:001389,广合科技,institutional_capital,2025-11-06,广合科技:关于2024年股票期权与限制性股票激励计划限制性股票预留授予登记完成的公告,https://data.eastmoney.com/notices/detail/001389/AN202511051775651177.html
SZSE:001389,广合科技,institutional_capital,2025-11-06,广合科技:关于2024年股票期权与限制性股票激励计划股票期权预留授予登记完成的公告,https://data.eastmoney.com/notices/detail/001389/AN202511051775649228.html
SZSE:001389,广合科技,institutional_capital,2025-10-31,广合科技:关于部分限制性股票回购注销完成的公告,https://data.eastmoney.com/notices/detail/001389/AN202510301772006382.html
SZSE:001389,广合科技,earnings,2025-10-28,广合科技:2025年三季度报告,https://data.eastmoney.com/notices/detail/001389/AN202510271770075210.html
SZSE:001389,广合科技,institutional_capital,2025-10-28,广合科技:关于召开2025年第四次临时股东会的通知,https://data.eastmoney.com/notices/detail/001389/AN202510271770075189.html
SZSE:001389,广合科技,capacity_project,2025-10-21,广合科技:关于拟购买土地使用权并投资建设云擎智造基地项目的进展公告,https://data.eastmoney.com/notices/detail/001389/AN202510201765742519.html
SZSE:001389,广合科技,institutional_capital,2025-10-11,广合科技:2025年第三次临时股东会决议公告,https://data.eastmoney.com/notices/detail/001389/AN202510101759613698.html
SZSE:001389,广合科技,institutional_capital,2025-10-11,广合科技:关于回购注销部分限制性股票减少注册资本暨通知债权人的公告,https://data.eastmoney.com/notices/detail/001389/AN202510101759613700.html
SZSE:001389,广合科技,institutional_capital,2025-10-11,广合科技:上海市锦天城(深圳)律师事务所关于广州广合科技股份有限公司2025年第三次临时股东会的法律意见书,https://data.eastmoney.com/notices/detail/001389/AN202510101759613702.html
SZSE:001389,广合科技,capacity_project,2025-09-26,广合科技:关于拟购买土地使用权并投资建设云擎智造基地项目的进展公告,https://data.eastmoney.com/notices/detail/001389/AN202509251750356971.html
SZSE:001389,广合科技,institutional_capital,2025-09-24,广合科技:上海市锦天城(深圳)律师事务所关于广州广合科技股份有限公司2024年股票期权与限制性股票激励计划调整、预留授予及注销部分股票期权与回购注销部分限制性股票相关事项的法律意见书,https://data.eastmoney.com/notices/detail/001389/AN202509231749196548.html
SZSE:001389,广合科技,institutional_capital,2025-09-24,广合科技:董事会薪酬与考核委员会关于2024年股票期权与限制性股票激励计划调整、预留授予及注销部分股票期权与回购注销部分限制性股票相关事项的核查意见,https://data.eastmoney.com/notices/detail/001389/AN202509231749196551.html
SZSE:001389,广合科技,institutional_capital,2025-09-24,广合科技:2024年股票期权与限制性股票激励计划预留授予激励对象名单(授予日),https://data.eastmoney.com/notices/detail/001389/AN202509231749196545.html
SZSE:001389,广合科技,institutional_capital,2025-09-24,广合科技:关于注销部分股票期权与回购注销部分限制性股票的公告,https://data.eastmoney.com/notices/detail/001389/AN202509231749196552.html
SZSE:001389,广合科技,institutional_capital,2025-09-24,广合科技:关于向激励对象授予预留股票期权与限制性股票的公告,https://data.eastmoney.com/notices/detail/001389/AN202509231749196549.html
SZSE:001389,广合科技,institutional_capital,2025-09-24,广合科技:关于召开2025年第三次临时股东会的通知,https://data.eastmoney.com/notices/detail/001389/AN202509231749196550.html
SZSE:001389,广合科技,investor_relations,2025-09-19,广合科技:2025年9月19日投资者关系活动记录表,https://data.eastmoney.com/notices/detail/001389/AN202509191746786895.html
SZSE:001389,广合科技,investor_relations,2025-09-17,广合科技:关于参加广东辖区2025年投资者网上集体接待日活动的公告,https://data.eastmoney.com/notices/detail/001389/AN202509161744804818.html
SZSE:001389,广合科技,investor_relations,2025-09-13,广合科技:2025年8月29日-9月11日投资者关系活动记录表,https://data.eastmoney.com/notices/detail/001389/AN202509141743522671.html
SZSE:001389,广合科技,institutional_capital,2025-09-13,广合科技:上海市锦天城(深圳)律师事务所关于广州广合科技股份有限公司2025年第二次临时股东会的法律意见书,https://data.eastmoney.com/notices/detail/001389/AN202509121742453169.html
SZSE:001389,广合科技,institutional_capital,2025-09-13,广合科技:2025年第二次临时股东会决议公告,https://data.eastmoney.com/notices/detail/001389/AN202509121742453166.html
SZSE:001389,广合科技,capacity_project,2025-08-28,广合科技:关于拟购买土地使用权并投资建设云擎智造基地项目的公告,https://data.eastmoney.com/notices/detail/001389/AN202508271735481740.html
SZSE:001389,广合科技,institutional_capital,2025-08-28,广合科技:关于召开2025年第二次临时股东会的通知,https://data.eastmoney.com/notices/detail/001389/AN202508271735481746.html
SZSE:001389,广合科技,earnings,2025-08-22,广合科技:半年报董事会决议公告,https://data.eastmoney.com/notices/detail/001389/AN202508211731689006.html
SZSE:001389,广合科技,earnings,2025-08-22,广合科技:2025年半年度报告摘要,https://data.eastmoney.com/notices/detail/001389/AN202508211731689004.html
SZSE:001389,广合科技,earnings,2025-08-22,广合科技:2025年半年度报告,https://data.eastmoney.com/notices/detail/001389/AN202508211731688997.html
SZSE:001389,广合科技,earnings,2025-07-12,广合科技:2025年半年度业绩预告,https://data.eastmoney.com/notices/detail/001389/AN202507111706986220.html
SZSE:001389,广合科技,capacity_project,2025-06-26,广合科技:关于使用募集资金向全资子公司增资实施募投项目的公告,https://data.eastmoney.com/notices/detail/001389/AN202506251697385042.html
SZSE:001389,广合科技,capacity_project,2025-06-26,广合科技:民生证券股份有限公司关于广州广合科技股份有限公司使用募集资金向全资子公司增资实施募投项目的核查意见,https://data.eastmoney.com/notices/detail/001389/AN202506251697385044.html
SZSE:002290,禾盛新材,risk,2026-05-29,禾盛新材:2026年度以简易程序向特定对象发行股票摊薄即期回报的风险提示及填补回报措施和相关主体承诺的公告,https://data.eastmoney.com/notices/detail/002290/AN202605281822952250.html
SZSE:002290,禾盛新材,risk,2026-05-29,禾盛新材:关于最近五年不存在被证券监管部门和交易所采取监管措施或处罚及整改情况的公告,https://data.eastmoney.com/notices/detail/002290/AN202605281822952245.html
SZSE:002290,禾盛新材,institutional_capital,2026-05-16,禾盛新材:关于控股股东部分股份质押的公告,https://data.eastmoney.com/notices/detail/002290/AN202605151822352084.html
SZSE:002290,禾盛新材,capacity_project,2026-05-15,禾盛新材:关于出售厂房进展暨完成产权过户的公告,https://data.eastmoney.com/notices/detail/002290/AN202605141822319918.html
SZSE:002290,禾盛新材,earnings,2026-04-29,禾盛新材:2026年一季度报告,https://data.eastmoney.com/notices/detail/002290/AN202604281821666411.html
SZSE:002290,禾盛新材,institutional_capital,2026-04-28,禾盛新材:2026年第二次临时股东会决议公告,https://data.eastmoney.com/notices/detail/002290/AN202604271821627398.html
SZSE:002290,禾盛新材,institutional_capital,2026-04-28,禾盛新材:禾盛新材2026年第二次临时股东会的法律意见书,https://data.eastmoney.com/notices/detail/002290/AN202604271821627434.html
SZSE:002290,禾盛新材,institutional_capital,2026-04-24,禾盛新材:安徽承义律师事务所关于禾盛新材2025年年度股东会的法律意见书,https://data.eastmoney.com/notices/detail/002290/AN202604231821504129.html
SZSE:002290,禾盛新材,institutional_capital,2026-04-24,禾盛新材:2025年度股东大会决议公告,https://data.eastmoney.com/notices/detail/002290/AN202604231821504125.html
SZSE:002290,禾盛新材,institutional_capital,2026-04-11,禾盛新材:关于召开2026年第二次临时股东会的通知,https://data.eastmoney.com/notices/detail/002290/AN202604101821127005.html
SZSE:002290,禾盛新材,investor_relations,2026-04-09,禾盛新材:002290禾盛新材投资者关系管理信息20260409,https://data.eastmoney.com/notices/detail/002290/AN202604091821092264.html
SZSE:002290,禾盛新材,institutional_capital,2026-04-08,禾盛新材:关于持股5%以上股东股份质押的公告,https://data.eastmoney.com/notices/detail/002290/AN202604071821043306.html
SZSE:002290,禾盛新材,institutional_capital,2026-03-27,禾盛新材:关于提请股东会授权董事会全权办理以简易程序向特定对象发行股票的公告,https://data.eastmoney.com/notices/detail/002290/AN202603261820775983.html
SZSE:002290,禾盛新材,earnings,2026-03-27,禾盛新材:2025年年度报告,https://data.eastmoney.com/notices/detail/002290/AN202603261820775919.html
SZSE:002290,禾盛新材,institutional_capital,2026-03-27,禾盛新材:未来三年(2026-2028年)股东回报规划,https://data.eastmoney.com/notices/detail/002290/AN202603261820775958.html
SZSE:002290,禾盛新材,earnings,2026-03-27,禾盛新材:关于2025年度利润分配预案的公告,https://data.eastmoney.com/notices/detail/002290/AN202603261820775895.html
SZSE:002290,禾盛新材,investor_relations,2026-03-27,禾盛新材:关于召开2025年度业绩说明会的通知,https://data.eastmoney.com/notices/detail/002290/AN202603261820775896.html
SZSE:002290,禾盛新材,institutional_capital,2026-03-27,禾盛新材:关于召开2025年年度股东会的通知,https://data.eastmoney.com/notices/detail/002290/AN202603261820776005.html
SZSE:002290,禾盛新材,earnings,2026-03-27,禾盛新材:2025年年度报告摘要,https://data.eastmoney.com/notices/detail/002290/AN202603261820775897.html
SZSE:002290,禾盛新材,capacity_project,2026-03-17,禾盛新材:关于出售厂房的公告,https://data.eastmoney.com/notices/detail/002290/AN202603161820580867.html
SZSE:002290,禾盛新材,institutional_capital,2026-03-03,禾盛新材:禾盛新材2026年第一次临时股东会的法律意见书,https://data.eastmoney.com/notices/detail/002290/AN202603021820187804.html
SZSE:002290,禾盛新材,institutional_capital,2026-03-03,禾盛新材:2026年第一次临时股东会决议公告,https://data.eastmoney.com/notices/detail/002290/AN202603021820187793.html
SZSE:002290,禾盛新材,institutional_capital,2026-02-11,禾盛新材:关于召开2026年第一次临时股东会的通知,https://data.eastmoney.com/notices/detail/002290/AN202602101819859466.html
SZSE:002290,禾盛新材,institutional_capital,2026-02-10,禾盛新材:关于原董事增持公司股份计划实施完成的公告,https://data.eastmoney.com/notices/detail/002290/AN202602091819837223.html
SZSE:002290,禾盛新材,institutional_capital,2026-02-05,禾盛新材:关于股东协议转让股份完成过户登记暨控制权发生变更的公告,https://data.eastmoney.com/notices/detail/002290/AN202602041819772985.html
SZSE:002290,禾盛新材,earnings,2026-01-21,禾盛新材:2025年度业绩预告公告,https://data.eastmoney.com/notices/detail/002290/AN202601201818163295.html
SZSE:002290,禾盛新材,institutional_capital,2026-01-13,禾盛新材:关于股东协议转让股权事项取得深圳证券交易所合规性确认暨股东权益变动的进展公告,https://data.eastmoney.com/notices/detail/002290/AN202601121816946155.html
SZSE:002290,禾盛新材,institutional_capital,2025-12-05,禾盛新材:关于控股股东的一致行动人股份解除质押的公告,https://data.eastmoney.com/notices/detail/002290/AN202512041793809141.html
SZSE:002290,禾盛新材,institutional_capital,2025-11-22,禾盛新材:关于公司股东签署股份转让协议暨控制权拟发生变更的提示性公告,https://data.eastmoney.com/notices/detail/002290/AN202511211785721984.html
SZSE:002290,禾盛新材,institutional_capital,2025-11-22,禾盛新材:关于持股5%以上股东股份协议转让的提示性公告,https://data.eastmoney.com/notices/detail/002290/AN202511211785721982.html
SZSE:002290,禾盛新材,institutional_capital,2025-11-19,禾盛新材:2025年第三次临时股东会决议公告,https://data.eastmoney.com/notices/detail/002290/AN202511181783712706.html
SZSE:002290,禾盛新材,institutional_capital,2025-11-19,禾盛新材:禾盛新材2025年第三次临时股东会的法律意见书,https://data.eastmoney.com/notices/detail/002290/AN202511181783712705.html
SZSE:002290,禾盛新材,institutional_capital,2025-11-12,禾盛新材:关于原董事增持公司股份计划时间过半的公告,https://data.eastmoney.com/notices/detail/002290/AN202511111779390653.html
SZSE:002290,禾盛新材,institutional_capital,2025-10-30,禾盛新材:关于控股股东的一致行动人办理股票质押式回购部分解除质押及股票质押式回购延期的公告,https://data.eastmoney.com/notices/detail/002290/AN202510291771324069.html
SZSE:002290,禾盛新材,institutional_capital,2025-10-29,禾盛新材:关于召开2025年第三次临时股东大会的通知,https://data.eastmoney.com/notices/detail/002290/AN202510281770658703.html
SZSE:002290,禾盛新材,earnings,2025-10-29,禾盛新材:2025年三季度报告,https://data.eastmoney.com/notices/detail/002290/AN202510281770658700.html
SZSE:002290,禾盛新材,capacity_project,2025-10-29,禾盛新材:关于调整出租厂房租金的公告,https://data.eastmoney.com/notices/detail/002290/AN202510281770658697.html
SZSE:002290,禾盛新材,earnings,2025-10-16,禾盛新材:2025年前三季度业绩预告,https://data.eastmoney.com/notices/detail/002290/AN202510151762626821.html
SZSE:002290,禾盛新材,institutional_capital,2025-10-10,禾盛新材:关于董事长、董事和高级管理人员减持计划期限届满暨实施情况的公告,https://data.eastmoney.com/notices/detail/002290/AN202510091758992442.html
SZSE:002290,禾盛新材,risk,2025-09-11,禾盛新材:关于使用公积金弥补亏损通知债权人的公告,https://data.eastmoney.com/notices/detail/002290/AN202509101741138635.html
SZSE:002290,禾盛新材,institutional_capital,2025-09-06,禾盛新材:禾盛新材2025年第二次临时股东会的法律意见书,https://data.eastmoney.com/notices/detail/002290/AN202509051739240280.html
SZSE:002290,禾盛新材,institutional_capital,2025-09-06,禾盛新材:2025年第二次临时股东会决议公告,https://data.eastmoney.com/notices/detail/002290/AN202509051739239021.html
SZSE:002290,禾盛新材,institutional_capital,2025-08-12,禾盛新材:关于董事增持公司股份计划的公告,https://data.eastmoney.com/notices/detail/002290/AN202508111725598874.html
SZSE:002290,禾盛新材,risk,2025-08-08,禾盛新材:关于使用公积金弥补亏损的公告,https://data.eastmoney.com/notices/detail/002290/AN202508071723193294.html
SZSE:002290,禾盛新材,institutional_capital,2025-08-08,禾盛新材:关于召开2025年第二次临时股东会的通知,https://data.eastmoney.com/notices/detail/002290/AN202508071723193285.html
SZSE:002290,禾盛新材,order_contract,2025-08-08,禾盛新材:关于提前解除租赁合同的公告,https://data.eastmoney.com/notices/detail/002290/AN202508071723193293.html
SZSE:002290,禾盛新材,earnings,2025-08-08,禾盛新材:2025年半年度报告摘要,https://data.eastmoney.com/notices/detail/002290/AN202508071723193298.html
SZSE:002290,禾盛新材,capacity_project,2025-08-08,禾盛新材:关于调整出租厂房租金的公告,https://data.eastmoney.com/notices/detail/002290/AN202508071723193283.html
SZSE:002290,禾盛新材,earnings,2025-08-08,禾盛新材:半年报董事会决议公告,https://data.eastmoney.com/notices/detail/002290/AN202508071723193297.html
SZSE:002290,禾盛新材,earnings,2025-08-08,禾盛新材:2025年半年度报告,https://data.eastmoney.com/notices/detail/002290/AN202508071723193303.html
SZSE:002290,禾盛新材,earnings,2025-07-12,禾盛新材:2025年半年度业绩预告公告(1),https://data.eastmoney.com/notices/detail/002290/AN202507111706991879.html
SZSE:002290,禾盛新材,institutional_capital,2025-06-18,禾盛新材:关于董事长、董事和高级管理人员减持股份的预披露公告,https://data.eastmoney.com/notices/detail/002290/AN202506171692685013.html
SZSE:002290,禾盛新材,institutional_capital,2025-06-07,禾盛新材:2025年第一次临时股东会决议公告,https://data.eastmoney.com/notices/detail/002290/AN202506061685972456.html
SZSE:002290,禾盛新材,institutional_capital,2025-06-07,禾盛新材:禾盛新材2025年第一次临时股东会的法律意见书,https://data.eastmoney.com/notices/detail/002290/AN202506061685972957.html
SZSE:002463,沪电股份,investor_relations,2026-06-02,沪电股份:2026年6月2日投资者关系活动记录表,https://data.eastmoney.com/notices/detail/002463/AN202606021823162633.html
SZSE:002463,沪电股份,investor_relations,2026-06-01,沪电股份:2026年6月1日投资者关系活动记录表,https://data.eastmoney.com/notices/detail/002463/AN202606011823127567.html
SZSE:002463,沪电股份,investor_relations,2026-05-27,沪电股份:2026年5月27日投资者关系活动记录表,https://data.eastmoney.com/notices/detail/002463/AN202605271822914260.html
SZSE:002463,沪电股份,investor_relations,2026-05-26,沪电股份:2026年5月26日投资者关系活动记录表,https://data.eastmoney.com/notices/detail/002463/AN202605261822885915.html
SZSE:002463,沪电股份,investor_relations,2026-05-25,沪电股份:2026年5月25日投资者关系活动记录表,https://data.eastmoney.com/notices/detail/002463/AN202605251822855882.html
SZSE:002463,沪电股份,investor_relations,2026-05-20,沪电股份:2026年5月20日投资者关系活动记录表,https://data.eastmoney.com/notices/detail/002463/AN202605201822493672.html
SZSE:002463,沪电股份,investor_relations,2026-05-19,沪电股份:2026年5月19日投资者关系活动记录表,https://data.eastmoney.com/notices/detail/002463/AN202605191822448961.html
SZSE:002463,沪电股份,investor_relations,2026-05-13,沪电股份:2026年5月13日投资者关系活动记录表,https://data.eastmoney.com/notices/detail/002463/AN202605131822270338.html
SZSE:002463,沪电股份,investor_relations,2026-05-07,沪电股份:2026年5月7日投资者关系活动记录表,https://data.eastmoney.com/notices/detail/002463/AN202605071822028537.html
SZSE:002463,沪电股份,investor_relations,2026-04-28,沪电股份:2026年4月28日投资者关系活动记录表,https://data.eastmoney.com/notices/detail/002463/AN202604281821681018.html
SZSE:002463,沪电股份,investor_relations,2026-04-27,沪电股份:2026年4月27日投资者关系活动记录表,https://data.eastmoney.com/notices/detail/002463/AN202604271821625963.html
SZSE:002463,沪电股份,investor_relations,2026-04-24,沪电股份:2026年4月24日投资者关系活动记录表,https://data.eastmoney.com/notices/detail/002463/AN202604241821541986.html
SZSE:002463,沪电股份,institutional_capital,2026-04-24,沪电股份:关于沪士电子股份有限公司2025年度股东会之法律意见书,https://data.eastmoney.com/notices/detail/002463/AN202604231821513965.html
SZSE:002463,沪电股份,institutional_capital,2026-04-24,沪电股份:2025年度股东会决议公告,https://data.eastmoney.com/notices/detail/002463/AN202604231821513891.html
SZSE:002463,沪电股份,institutional_capital,2026-04-23,沪电股份:关于注销《公司2024年度股票期权激励计划》部分股票期权的公告,https://data.eastmoney.com/notices/detail/002463/AN202604221821454350.html
SZSE:002463,沪电股份,institutional_capital,2026-04-23,沪电股份:国浩律师(南京)事务所关于沪士电子股份有限公司调整股票期权激励计划行权价格并注销部分股票期权之法律意见书,https://data.eastmoney.com/notices/detail/002463/AN202604221821454280.html
SZSE:002463,沪电股份,earnings,2026-04-23,沪电股份:2026年一季度报告,https://data.eastmoney.com/notices/detail/002463/AN202604221821454413.html
SZSE:002463,沪电股份,earnings,2026-04-14,沪电股份:2026年第一季度业绩预告,https://data.eastmoney.com/notices/detail/002463/AN202604131821155176.html
SZSE:002463,沪电股份,investor_relations,2026-04-08,沪电股份:2026年4月8日投资者关系活动记录表,https://data.eastmoney.com/notices/detail/002463/AN202604081821066526.html
SZSE:002463,沪电股份,institutional_capital,2026-04-02,沪电股份:关于2025年度股东会增加临时提案暨股东会补充通知的公告,https://data.eastmoney.com/notices/detail/002463/AN202604011820954694.html
SZSE:002463,沪电股份,capacity_project,2026-04-02,沪电股份:关于同意签署投资协议暨建设印制电路板生产项目及其配套设施的公告,https://data.eastmoney.com/notices/detail/002463/AN202604011820954681.html
SZSE:002463,沪电股份,institutional_capital,2026-03-25,沪电股份:关于召开2025年度股东会的通知,https://data.eastmoney.com/notices/detail/002463/AN202603241820725529.html
SZSE:002463,沪电股份,earnings,2026-03-25,沪电股份:关于举行2025年度业绩和利润分配预案网上说明会并征集问题的公告,https://data.eastmoney.com/notices/detail/002463/AN202603241820725533.html
SZSE:002463,沪电股份,earnings,2026-03-25,沪电股份:关于2025年度利润分配预案的公告,https://data.eastmoney.com/notices/detail/002463/AN202603241820725534.html
SZSE:002463,沪电股份,product_cycle,2026-03-25,沪电股份:关于使用自有资金投资于稳健型理财产品的公告,https://data.eastmoney.com/notices/detail/002463/AN202603241820725536.html
SZSE:002463,沪电股份,earnings,2026-03-25,沪电股份:2025年年度报告摘要,https://data.eastmoney.com/notices/detail/002463/AN202603241820725545.html
SZSE:002463,沪电股份,earnings,2026-03-25,沪电股份:2025年年度报告,https://data.eastmoney.com/notices/detail/002463/AN202603241820725531.html
SZSE:002463,沪电股份,investor_relations,2026-03-12,沪电股份:2026年3月12日投资者关系活动记录表,https://data.eastmoney.com/notices/detail/002463/AN202603121820521891.html
SZSE:002463,沪电股份,investor_relations,2026-03-09,沪电股份:2026年3月9日投资者关系活动记录表,https://data.eastmoney.com/notices/detail/002463/AN202603091820414320.html
SZSE:002463,沪电股份,capacity_project,2026-03-07,沪电股份:关于同意签署投资协议暨新建印制电路板生产项目及其配套设施的公告,https://data.eastmoney.com/notices/detail/002463/AN202603061820349171.html
SZSE:002463,沪电股份,investor_relations,2026-03-03,沪电股份:2026年3月3日投资者关系活动记录表,https://data.eastmoney.com/notices/detail/002463/AN202603031820225962.html
SZSE:002463,沪电股份,capacity_project,2026-02-13,沪电股份:关于新建高端印制电路板生产项目的公告,https://data.eastmoney.com/notices/detail/002463/AN202602121819906079.html
SZSE:002463,沪电股份,institutional_capital,2026-02-13,沪电股份:2026年第一次临时股东会决议公告,https://data.eastmoney.com/notices/detail/002463/AN202602121819906080.html
SZSE:002463,沪电股份,institutional_capital,2026-02-13,沪电股份:关于沪士电子股份有限公司2026年第一次临时股东会之法律意见书,https://data.eastmoney.com/notices/detail/002463/AN202602121819906078.html
SZSE:002463,沪电股份,investor_relations,2026-01-28,沪电股份:2026年1月28日投资者关系活动记录表,https://data.eastmoney.com/notices/detail/002463/AN202601281818504733.html
SZSE:002463,沪电股份,earnings,2026-01-28,沪电股份:2025年度业绩快报,https://data.eastmoney.com/notices/detail/002463/AN202601271818470521.html
SZSE:002463,沪电股份,institutional_capital,2026-01-28,沪电股份:关于召开2026年第一次临时股东会的通知,https://data.eastmoney.com/notices/detail/002463/AN202601271818470528.html
SZSE:002463,沪电股份,institutional_capital,2026-01-28,沪电股份:国浩律师(南京)事务所关于沪士电子股份有限公司注销2024年度股票期权激励计划部分股票期权之法律意见书,https://data.eastmoney.com/notices/detail/002463/AN202601271818470512.html
SZSE:002463,沪电股份,institutional_capital,2026-01-28,沪电股份:关于注销《公司2024年度股票期权激励计划》部分股票期权的公告,https://data.eastmoney.com/notices/detail/002463/AN202601271818470516.html
SZSE:002463,沪电股份,investor_relations,2026-01-12,沪电股份:2026年1月12日投资者关系活动记录表,https://data.eastmoney.com/notices/detail/002463/AN202601121816946719.html
SZSE:002463,沪电股份,product_cycle,2025-12-31,沪电股份:关于购买股权、专利及技术资产暨关联交易的进展公告,https://data.eastmoney.com/notices/detail/002463/AN202512301811356824.html
SZSE:002463,沪电股份,institutional_capital,2025-12-23,沪电股份:关于高级管理人员股份减持计划实施完成的公告,https://data.eastmoney.com/notices/detail/002463/AN202512221805885398.html
SZSE:002463,沪电股份,earnings,2025-11-28,沪电股份:关于2022年、2023年、2024年年度报告的更正公告,https://data.eastmoney.com/notices/detail/002463/AN202511271789433475.html
SZSE:002463,沪电股份,risk,2025-11-28,沪电股份:关于2022年、2023年、2024年年度报告的更正公告,https://data.eastmoney.com/notices/detail/002463/AN202511271789433475.html
SZSE:002463,沪电股份,earnings,2025-11-28,沪电股份:2023年年度报告全文(更正后),https://data.eastmoney.com/notices/detail/002463/AN202511271789433476.html
SZSE:002463,沪电股份,risk,2025-11-28,沪电股份:2023年年度报告全文(更正后),https://data.eastmoney.com/notices/detail/002463/AN202511271789433476.html
SZSE:002463,沪电股份,earnings,2025-11-28,沪电股份:2022年年度报告全文(更正后),https://data.eastmoney.com/notices/detail/002463/AN202511271789433473.html
SZSE:002463,沪电股份,risk,2025-11-28,沪电股份:2022年年度报告全文(更正后),https://data.eastmoney.com/notices/detail/002463/AN202511271789433473.html
SZSE:002463,沪电股份,earnings,2025-11-28,沪电股份:2024年年度报告全文(更正后),https://data.eastmoney.com/notices/detail/002463/AN202511271789433474.html
SZSE:002463,沪电股份,risk,2025-11-28,沪电股份:2024年年度报告全文(更正后),https://data.eastmoney.com/notices/detail/002463/AN202511271789433474.html
SZSE:002463,沪电股份,product_cycle,2025-11-21,沪电股份:关于购买股权、专利及技术资产暨关联交易的公告,https://data.eastmoney.com/notices/detail/002463/AN202511201785048133.html
SZSE:002463,沪电股份,institutional_capital,2025-11-18,沪电股份:2025年第一次临时股东会决议公告,https://data.eastmoney.com/notices/detail/002463/AN202511171783211363.html
SZSE:002463,沪电股份,institutional_capital,2025-11-18,沪电股份:国浩律师(南京)事务所关于沪士电子股份有限公司2025年第一次临时股东会之法律意见书,https://data.eastmoney.com/notices/detail/002463/AN202511171783211360.html
SZSE:002463,沪电股份,investor_relations,2025-11-13,沪电股份:2025年11月13日投资者关系活动记录表,https://data.eastmoney.com/notices/detail/002463/AN202511131780624112.html
SZSE:002463,沪电股份,investor_relations,2025-11-04,沪电股份:2025年11月4日投资者关系活动记录表,https://data.eastmoney.com/notices/detail/002463/AN202511041775113671.html
SZSE:002463,沪电股份,institutional_capital,2025-11-01,沪电股份:股东会议事规则(2025年10月),https://data.eastmoney.com/notices/detail/002463/AN202510311772632076.html
SZSE:002463,沪电股份,institutional_capital,2025-11-01,沪电股份:股东会议事规则(草案)(H股发行并上市后适用),https://data.eastmoney.com/notices/detail/002463/AN202510311772631356.html
SZSE:002463,沪电股份,institutional_capital,2025-11-01,沪电股份:关于召开2025年第一次临时股东会的通知,https://data.eastmoney.com/notices/detail/002463/AN202510311772632058.html
SZSE:002463,沪电股份,earnings,2025-10-29,沪电股份:2025年三季度报告,https://data.eastmoney.com/notices/detail/002463/AN202510281770738568.html
SZSE:002463,沪电股份,investor_relations,2025-09-26,沪电股份:2025年9月26日投资者关系活动记录表,https://data.eastmoney.com/notices/detail/002463/AN202509261750987601.html
SZSE:002463,沪电股份,investor_relations,2025-09-24,沪电股份:2025年9月24日投资者关系活动记录表,https://data.eastmoney.com/notices/detail/002463/AN202509241749789744.html
SZSE:002463,沪电股份,investor_relations,2025-09-23,沪电股份:2025年9月23日投资者关系活动记录表,https://data.eastmoney.com/notices/detail/002463/AN202509231749165460.html
SZSE:002463,沪电股份,investor_relations,2025-09-17,沪电股份:2025年9月17日投资者关系活动记录表,https://data.eastmoney.com/notices/detail/002463/AN202509171745512826.html
SZSE:002463,沪电股份,institutional_capital,2025-09-01,沪电股份:关于高级管理人员拟减持公司股份的预披露公告,https://data.eastmoney.com/notices/detail/002463/AN202508311737275917.html
SZSE:002463,沪电股份,earnings,2025-08-22,沪电股份:半年报董事会决议公告,https://data.eastmoney.com/notices/detail/002463/AN202508211731784349.html
SZSE:002463,沪电股份,earnings,2025-08-22,沪电股份:半年报监事会决议公告,https://data.eastmoney.com/notices/detail/002463/AN202508211731784356.html
SZSE:002463,沪电股份,institutional_capital,2025-08-22,沪电股份:关于注销《公司2024年度股票期权激励计划》部分股票期权的公告,https://data.eastmoney.com/notices/detail/002463/AN202508211731784337.html
SZSE:002463,沪电股份,institutional_capital,2025-08-22,沪电股份:国浩律师(南京)事务所关于沪士电子股份有限公司注销2024年度股票期权激励计划部分股票期权之法律意见书,https://data.eastmoney.com/notices/detail/002463/AN202508211731784341.html
SZSE:002463,沪电股份,earnings,2025-08-22,沪电股份:2025年半年度报告,https://data.eastmoney.com/notices/detail/002463/AN202508211731784354.html
SZSE:002463,沪电股份,earnings,2025-08-22,沪电股份:2025年半年度报告摘要,https://data.eastmoney.com/notices/detail/002463/AN202508211731784344.html
SZSE:002463,沪电股份,investor_relations,2025-07-28,沪电股份:2025年7月28日投资者关系活动记录表,https://data.eastmoney.com/notices/detail/002463/AN202507281717197325.html
SZSE:002463,沪电股份,investor_relations,2025-07-25,沪电股份:2025年7月25日投资者关系活动记录表,https://data.eastmoney.com/notices/detail/002463/AN202507251715365279.html
SZSE:002463,沪电股份,investor_relations,2025-07-23,沪电股份:2025年7月23日投资者关系活动记录表,https://data.eastmoney.com/notices/detail/002463/AN202507231714182017.html
SZSE:002463,沪电股份,investor_relations,2025-07-22,沪电股份:2025年7月22日投资者关系活动记录表,https://data.eastmoney.com/notices/detail/002463/AN202507221713618037.html
SZSE:002463,沪电股份,institutional_capital,2025-07-16,沪电股份:关于持股5%以上股东减持计划实施完成的公告,https://data.eastmoney.com/notices/detail/002463/AN202507151709489539.html
SZSE:002463,沪电股份,earnings,2025-07-11,沪电股份:2025年半年度业绩预告,https://data.eastmoney.com/notices/detail/002463/AN202507101706405537.html
SZSE:002463,沪电股份,investor_relations,2025-07-03,沪电股份:2025年7月3日投资者关系活动记录表,https://data.eastmoney.com/notices/detail/002463/AN202507031702196854.html
SZSE:002463,沪电股份,investor_relations,2025-06-26,沪电股份:2025年6月26日投资者关系活动记录表,https://data.eastmoney.com/notices/detail/002463/AN202506261697986474.html
SZSE:002463,沪电股份,investor_relations,2025-06-25,沪电股份:2025年6月25日投资者关系活动记录表,https://data.eastmoney.com/notices/detail/002463/AN202506251697422621.html
SZSE:002463,沪电股份,investor_relations,2025-06-24,沪电股份:2025年6月24日投资者关系活动记录表,https://data.eastmoney.com/notices/detail/002463/AN202506241696777407.html
SZSE:002463,沪电股份,investor_relations,2025-06-23,沪电股份:2025年6月23日投资者关系活动记录表,https://data.eastmoney.com/notices/detail/002463/AN202506231696183500.html
SZSE:002463,沪电股份,investor_relations,2025-06-19,沪电股份:2025年6月19日投资者关系活动记录表,https://data.eastmoney.com/notices/detail/002463/AN202506191693798871.html
SZSE:002463,沪电股份,investor_relations,2025-06-18,沪电股份:2025年6月18日投资者关系活动记录表,https://data.eastmoney.com/notices/detail/002463/AN202506181693229292.html
SZSE:002463,沪电股份,investor_relations,2025-06-11,沪电股份:2025年6月11日投资者关系活动记录表,https://data.eastmoney.com/notices/detail/002463/AN202506111688912220.html
SZSE:300308,中际旭创,institutional_capital,2026-05-29,中际旭创:关于公司第四期限制性股票激励计划首次授予部分第一个归属期归属结果暨股份上市公告,https://data.eastmoney.com/notices/detail/300308/AN202605281822953260.html
SZSE:300308,中际旭创,institutional_capital,2026-05-28,中际旭创:关于召开2026年第二次临时股东会的通知,https://data.eastmoney.com/notices/detail/300308/AN202605271822920419.html
SZSE:300308,中际旭创,institutional_capital,2026-05-22,中际旭创:关于特定股东部分股票进行质押交易及解除质押的公告,https://data.eastmoney.com/notices/detail/300308/AN202605221822688389.html
SZSE:300308,中际旭创,investor_relations,2026-05-15,中际旭创:投资者关系活动记录表20260515,https://data.eastmoney.com/notices/detail/300308/AN202605151822353742.html
SZSE:300308,中际旭创,investor_relations,2026-05-14,中际旭创:关于参加2026年山东辖区上市公司投资者网上集体接待日活动的公告,https://data.eastmoney.com/notices/detail/300308/AN202605131822270384.html
SZSE:300308,中际旭创,institutional_capital,2026-05-09,中际旭创:薪酬与考核委员会关于公司第四期限制性股票激励计划股份归属及激励对象名单的核查意见,https://data.eastmoney.com/notices/detail/300308/AN202605081822080778.html
SZSE:300308,中际旭创,institutional_capital,2026-05-09,中际旭创:薪酬与考核委员会关于公司第三期限制性股票激励计划股份归属及激励对象名单的核查意见,https://data.eastmoney.com/notices/detail/300308/AN202605081822080765.html
SZSE:300308,中际旭创,institutional_capital,2026-05-09,中际旭创:关于调整公司第三期限制性股票激励计划预留部分归属价格的公告,https://data.eastmoney.com/notices/detail/300308/AN202605081822080768.html
SZSE:300308,中际旭创,institutional_capital,2026-05-09,中际旭创:上海泽昌律师事务所关于公司调整第四期限制性股票激励计划首次授予部分归属价格、首次授予部分第一个归属期归属条件成就暨作废部分激励对象已获授但尚未归属的限制性股票的法律意见书,https://data.eastmoney.com/notices/detail/300308/AN202605081822080779.html
SZSE:300308,中际旭创,institutional_capital,2026-05-09,中际旭创:关于调整公司第四期限制性股票激励计划首次授予部分归属价格的公告,https://data.eastmoney.com/notices/detail/300308/AN202605081822080783.html
SZSE:300308,中际旭创,institutional_capital,2026-05-09,中际旭创:关于作废第四期限制性股票激励计划部分激励对象已获授但尚未归属的限制性股票的公告,https://data.eastmoney.com/notices/detail/300308/AN202605081822080767.html
SZSE:300308,中际旭创,institutional_capital,2026-05-09,中际旭创:关于作废第三期限制性股票激励计划部分激励对象已获授但尚未归属的限制性股票的公告,https://data.eastmoney.com/notices/detail/300308/AN202605081822080734.html
SZSE:300308,中际旭创,institutional_capital,2026-05-09,中际旭创:关于公司第三期限制性股票激励计划预留部分第一个归属期归属条件成就的公告,https://data.eastmoney.com/notices/detail/300308/AN202605081822080728.html
SZSE:300308,中际旭创,institutional_capital,2026-05-09,中际旭创:关于公司第四期限制性股票激励计划首次授予部分第一个归属期归属条件成就的公告,https://data.eastmoney.com/notices/detail/300308/AN202605081822080730.html
SZSE:300308,中际旭创,institutional_capital,2026-05-09,中际旭创:上海泽昌律师事务所关于公司调整第三期限制性股票激励计划预留部分归属价格、预留部分第一个归属期归属条件成就暨作废部分激励对象已获授但尚未归属的限制性股票的法律意见书,https://data.eastmoney.com/notices/detail/300308/AN202605081822080731.html
SZSE:300308,中际旭创,investor_relations,2026-04-24,中际旭创:投资者关系活动记录表20260424,https://data.eastmoney.com/notices/detail/300308/AN202604241821557866.html
SZSE:300308,中际旭创,institutional_capital,2026-04-20,中际旭创:北京中银(苏州)律师事务所关于公司2025年度股东会之法律意见书,https://data.eastmoney.com/notices/detail/300308/AN202604201821347863.html
SZSE:300308,中际旭创,institutional_capital,2026-04-20,中际旭创:2025年度股东会决议公告,https://data.eastmoney.com/notices/detail/300308/AN202604201821347896.html
SZSE:300308,中际旭创,investor_relations,2026-04-20,中际旭创:关于举行2025年度业绩说明会的公告,https://data.eastmoney.com/notices/detail/300308/AN202604201821347878.html
SZSE:300308,中际旭创,institutional_capital,2026-04-20,中际旭创:关于公司第三期限制性股票激励计划首次授予部分第二个归属期归属结果暨股份上市公告,https://data.eastmoney.com/notices/detail/300308/AN202604201821347794.html
SZSE:300308,中际旭创,investor_relations,2026-04-17,中际旭创:投资者关系活动记录表20260416,https://data.eastmoney.com/notices/detail/300308/AN202604171821277544.html
SZSE:300308,中际旭创,earnings,2026-04-17,中际旭创:2026年第一季度报告披露的提示性公告,https://data.eastmoney.com/notices/detail/300308/AN202604161821269629.html
SZSE:300308,中际旭创,earnings,2026-04-17,中际旭创:2026年一季度报告,https://data.eastmoney.com/notices/detail/300308/AN202604161821269635.html
SZSE:300308,中际旭创,earnings,2026-04-15,中际旭创:关于变更2026年第一季度报告预约披露时间的公告,https://data.eastmoney.com/notices/detail/300308/AN202604141821180690.html
SZSE:300308,中际旭创,institutional_capital,2026-03-31,中际旭创:未来三年(2026年-2028年)股东回报规划,https://data.eastmoney.com/notices/detail/300308/AN202603301820868497.html
SZSE:300308,中际旭创,institutional_capital,2026-03-31,中际旭创:关于公司控股股东及其他关联方占用资金情况专项报告,https://data.eastmoney.com/notices/detail/300308/AN202603301820868434.html
SZSE:300308,中际旭创,earnings,2026-03-31,中际旭创:2025年度报告披露的提示性公告,https://data.eastmoney.com/notices/detail/300308/AN202603301820868475.html
SZSE:300308,中际旭创,institutional_capital,2026-03-31,中际旭创:关于作废部分激励对象已获授但尚未归属的限制性股票的公告,https://data.eastmoney.com/notices/detail/300308/AN202603301820868433.html
SZSE:300308,中际旭创,earnings,2026-03-31,中际旭创:2025年年度报告摘要,https://data.eastmoney.com/notices/detail/300308/AN202603301820868498.html
SZSE:300308,中际旭创,institutional_capital,2026-03-31,中际旭创:关于第三期员工持股计划第三个锁定期解锁条件成就的公告,https://data.eastmoney.com/notices/detail/300308/AN202603301820868435.html
SZSE:300308,中际旭创,institutional_capital,2026-03-31,中际旭创:关于公司第三期限制性股票激励计划首次授予部分第二个归属期归属条件成就的公告,https://data.eastmoney.com/notices/detail/300308/AN202603301820868457.html
SZSE:300308,中际旭创,earnings,2026-03-31,中际旭创:2025年年度报告,https://data.eastmoney.com/notices/detail/300308/AN202603301820868469.html
SZSE:300308,中际旭创,institutional_capital,2026-03-31,中际旭创:上海泽昌律师事务所关于公司调整第三期限制性股票激励计划首次授予部分归属价格、首次授予部分第二个归属期归属条件成就暨作废部分激励对象已获授但尚未归属的限制性股票的法律意见书,https://data.eastmoney.com/notices/detail/300308/AN202603301820868446.html
SZSE:300308,中际旭创,institutional_capital,2026-03-31,中际旭创:关于调整公司第三期限制性股票激励计划首次授予部分归属价格的公告,https://data.eastmoney.com/notices/detail/300308/AN202603301820868496.html
SZSE:300308,中际旭创,institutional_capital,2026-03-31,中际旭创:关于召开2025年度股东会的通知,https://data.eastmoney.com/notices/detail/300308/AN202603301820868501.html
SZSE:300308,中际旭创,institutional_capital,2026-03-31,中际旭创:薪酬与考核委员会关于公司第三期股权激励计划首次授予部分股份归属及激励对象名单的核查意见,https://data.eastmoney.com/notices/detail/300308/AN202603301820868450.html
SZSE:300308,中际旭创,earnings,2026-03-31,中际旭创:关于2025年度利润分配预案的公告,https://data.eastmoney.com/notices/detail/300308/AN202603301820868456.html
SZSE:300308,中际旭创,earnings,2026-03-31,中际旭创:关于提请股东会授权董事会制定2026年中期分红方案的公告,https://data.eastmoney.com/notices/detail/300308/AN202603301820868442.html
SZSE:300308,中际旭创,institutional_capital,2026-03-31,中际旭创:关于提请股东会授权董事会制定2026年中期分红方案的公告,https://data.eastmoney.com/notices/detail/300308/AN202603301820868442.html
SZSE:300308,中际旭创,investor_relations,2026-03-30,中际旭创:投资者关系活动记录表20260330,https://data.eastmoney.com/notices/detail/300308/AN202603301820884446.html
SZSE:300308,中际旭创,institutional_capital,2026-03-23,中际旭创:关于特定股东及其一致行动人部分股票质押延期购回的公告,https://data.eastmoney.com/notices/detail/300308/AN202603231820704983.html
SZSE:300308,中际旭创,institutional_capital,2026-03-14,中际旭创:第四期限制性股票激励计划预留部分激励对象名单(授予日),https://data.eastmoney.com/notices/detail/300308/AN202603131820550779.html
SZSE:300308,中际旭创,institutional_capital,2026-03-14,中际旭创:上海泽昌律师事务所关于公司第四期限制性股票激励计划预留部分价格调整及授予相关事项的法律意见书,https://data.eastmoney.com/notices/detail/300308/AN202603131820550778.html
SZSE:300308,中际旭创,institutional_capital,2026-03-14,中际旭创:关于向第四期限制性股票激励计划激励对象授予预留限制性股票的公告,https://data.eastmoney.com/notices/detail/300308/AN202603131820550777.html
SZSE:300308,中际旭创,institutional_capital,2026-03-14,中际旭创:薪酬与考核委员会关于公司第四期股权激励计划预留部分授予及激励对象名单的核查意见,https://data.eastmoney.com/notices/detail/300308/AN202603131820550640.html
SZSE:300308,中际旭创,institutional_capital,2026-03-14,中际旭创:关于调整第四期限制性股票激励计划预留部分授予价格的公告,https://data.eastmoney.com/notices/detail/300308/AN202603131820550641.html
SZSE:300308,中际旭创,institutional_capital,2026-03-07,中际旭创:关于特定股东部分股票解除质押及延期购回的公告,https://data.eastmoney.com/notices/detail/300308/AN202603061820344370.html
SZSE:300308,中际旭创,earnings,2026-02-28,中际旭创:2025年度业绩快报,https://data.eastmoney.com/notices/detail/300308/AN202602271820109038.html
SZSE:300308,中际旭创,investor_relations,2026-02-01,中际旭创:投资者关系活动记录表20260131,https://data.eastmoney.com/notices/detail/300308/AN202602011818906615.html
SZSE:300308,中际旭创,earnings,2026-01-31,中际旭创:2025年度业绩预告,https://data.eastmoney.com/notices/detail/300308/AN202601301818597692.html
SZSE:300308,中际旭创,institutional_capital,2026-01-29,中际旭创:2026年第一次临时股东会决议公告,https://data.eastmoney.com/notices/detail/300308/AN202601281818511879.html
SZSE:300308,中际旭创,institutional_capital,2026-01-29,中际旭创:北京中银(苏州)律师事务所关于公司2026年第一次临时股东会之法律意见书,https://data.eastmoney.com/notices/detail/300308/AN202601281818511877.html
SZSE:300308,中际旭创,institutional_capital,2026-01-19,中际旭创:关于特定股东之一致行动人部分股票进行质押交易及解除质押的公告,https://data.eastmoney.com/notices/detail/300308/AN202601191818111798.html
SZSE:300308,中际旭创,institutional_capital,2026-01-16,中际旭创:关于控股股东减持计划实施完毕的公告,https://data.eastmoney.com/notices/detail/300308/AN202601161817863156.html
SZSE:300308,中际旭创,institutional_capital,2026-01-13,中际旭创:股东通讯政策(草案),https://data.eastmoney.com/notices/detail/300308/AN202601121816954123.html
SZSE:300308,中际旭创,institutional_capital,2026-01-13,中际旭创:股东提名人选参选董事的程序(草案),https://data.eastmoney.com/notices/detail/300308/AN202601121816954144.html
SZSE:300308,中际旭创,investor_relations,2026-01-13,中际旭创:媒体来访和投资者调研接待制度,https://data.eastmoney.com/notices/detail/300308/AN202601121816954131.html
SZSE:300308,中际旭创,institutional_capital,2026-01-13,中际旭创:关于召开2026年第一次临时股东会的通知,https://data.eastmoney.com/notices/detail/300308/AN202601121816954135.html
SZSE:300308,中际旭创,investor_relations,2026-01-13,中际旭创:投资者关系管理制度,https://data.eastmoney.com/notices/detail/300308/AN202601121816954133.html
SZSE:300308,中际旭创,institutional_capital,2026-01-13,中际旭创:股东会议事规则(草案),https://data.eastmoney.com/notices/detail/300308/AN202601121816954116.html
SZSE:300308,中际旭创,earnings,2026-01-13,中际旭创:年报信息披露重大差错责任追究制度,https://data.eastmoney.com/notices/detail/300308/AN202601121816954143.html
SZSE:300308,中际旭创,institutional_capital,2026-01-13,中际旭创:关于防范控股股东及关联方占用公司资金的管理办法,https://data.eastmoney.com/notices/detail/300308/AN202601121816954141.html
SZSE:300308,中际旭创,institutional_capital,2026-01-08,中际旭创:关于特定股东及其一致行动人部分股票进行质押交易及解除质押的公告,https://data.eastmoney.com/notices/detail/300308/AN202601071816823373.html
SZSE:300308,中际旭创,institutional_capital,2025-12-10,中际旭创:北京中银(苏州)律师事务所关于公司2025年第四次临时股东会之法律意见书,https://data.eastmoney.com/notices/detail/300308/AN202512091797018570.html
SZSE:300308,中际旭创,institutional_capital,2025-12-10,中际旭创:2025年第四次临时股东会决议公告,https://data.eastmoney.com/notices/detail/300308/AN202512091797018568.html
SZSE:300308,中际旭创,institutional_capital,2025-11-25,中际旭创:关于部分高级管理人员减持计划期限届满暨实施情况公告,https://data.eastmoney.com/notices/detail/300308/AN202511241787557655.html
SZSE:300308,中际旭创,institutional_capital,2025-11-22,中际旭创:关于召开2025年第四次临时股东会的通知,https://data.eastmoney.com/notices/detail/300308/AN202511211785661262.html
SZSE:300308,中际旭创,institutional_capital,2025-11-22,中际旭创:关于控股孙公司实施股权激励的公告,https://data.eastmoney.com/notices/detail/300308/AN202511211785661263.html
SZSE:300308,中际旭创,capacity_project,2025-11-07,中际旭创:关于募集资金投资项目结项并注销专项账户的公告,https://data.eastmoney.com/notices/detail/300308/AN202511061776313626.html
SZSE:300308,中际旭创,investor_relations,2025-10-31,中际旭创:投资者关系活动记录表20251030,https://data.eastmoney.com/notices/detail/300308/AN202510311772150202.html
SZSE:300308,中际旭创,earnings,2025-10-31,中际旭创:2025年三季度报告,https://data.eastmoney.com/notices/detail/300308/AN202510301771970903.html
SZSE:300308,中际旭创,earnings,2025-10-31,中际旭创:2025年第三季度报告披露的提示性公告,https://data.eastmoney.com/notices/detail/300308/AN202510301771970896.html
SZSE:300308,中际旭创,institutional_capital,2025-09-26,中际旭创:关于控股股东减持股份的预披露公告,https://data.eastmoney.com/notices/detail/300308/AN202509261751126399.html
SZSE:300308,中际旭创,institutional_capital,2025-09-18,中际旭创:关于特定股东及其一致行动人持股比例变动超过1%整数倍的公告,https://data.eastmoney.com/notices/detail/300308/AN202509171745574523.html
SZSE:300308,中际旭创,institutional_capital,2025-09-18,中际旭创:2025年第三次临时股东会决议公告,https://data.eastmoney.com/notices/detail/300308/AN202509171745574519.html
SZSE:300308,中际旭创,institutional_capital,2025-09-18,中际旭创:北京中银(苏州)律师事务所关于公司2025年第三次临时股东会之法律意见书,https://data.eastmoney.com/notices/detail/300308/AN202509171745574521.html
SZSE:300308,中际旭创,institutional_capital,2025-09-10,中际旭创:关于实际控制人部分股票进行质押交易的公告,https://data.eastmoney.com/notices/detail/300308/AN202509091740807499.html
SZSE:300308,中际旭创,investor_relations,2025-08-27,中际旭创:投资者关系活动记录表20250827,https://data.eastmoney.com/notices/detail/300308/AN202508271735519389.html
SZSE:300308,中际旭创,institutional_capital,2025-08-27,中际旭创:关于召开2025年第三次临时股东会的通知,https://data.eastmoney.com/notices/detail/300308/AN202508261734925557.html
SZSE:300308,中际旭创,earnings,2025-08-27,中际旭创:2025年半年度报告摘要,https://data.eastmoney.com/notices/detail/300308/AN202508261734924243.html
SZSE:300308,中际旭创,earnings,2025-08-27,中际旭创:2025年半年度报告,https://data.eastmoney.com/notices/detail/300308/AN202508261734924247.html
SZSE:300308,中际旭创,earnings,2025-08-27,中际旭创:2025年半年度报告披露的提示性公告,https://data.eastmoney.com/notices/detail/300308/AN202508261734924179.html
SZSE:300308,中际旭创,earnings,2025-08-27,中际旭创:关于2025年半年度利润分配预案的公告,https://data.eastmoney.com/notices/detail/300308/AN202508261734924184.html
SZSE:300308,中际旭创,institutional_capital,2025-08-01,中际旭创:关于部分高级管理人员减持股份的预披露公告,https://data.eastmoney.com/notices/detail/300308/AN202508011719735363.html
SZSE:300308,中际旭创,investor_relations,2025-07-16,中际旭创:投资者关系活动记录表20250715,https://data.eastmoney.com/notices/detail/300308/AN202507161709775275.html
SZSE:300308,中际旭创,earnings,2025-07-16,中际旭创:2025年半年度业绩预告,https://data.eastmoney.com/notices/detail/300308/AN202507151709457012.html
SZSE:300308,中际旭创,institutional_capital,2025-07-04,中际旭创:关于控股股东部分股票解除质押的公告,https://data.eastmoney.com/notices/detail/300308/AN202507031702285342.html
SZSE:300308,中际旭创,capacity_project,2025-06-28,中际旭创:关于部分募集资金投资项目结项并注销专项账户的公告,https://data.eastmoney.com/notices/detail/300308/AN202506271698661115.html
SZSE:300308,中际旭创,institutional_capital,2025-06-28,中际旭创:关于特定股东部分股票进行质押交易及解除质押的公告,https://data.eastmoney.com/notices/detail/300308/AN202506271698661097.html
SZSE:300308,中际旭创,investor_relations,2025-06-12,中际旭创:投资者关系活动记录表20250611,https://data.eastmoney.com/notices/detail/300308/AN202506121689253441.html
SZSE:300308,中际旭创,institutional_capital,2025-06-10,中际旭创:关于公司第三期限制性股票激励计划首次授予部分第一个归属期归属结果暨股份上市公告,https://data.eastmoney.com/notices/detail/300308/AN202506091687755766.html
SZSE:300394,天孚通信,investor_relations,2026-05-14,天孚通信:2026年5月14日天孚通信投资者关系活动记录表,https://data.eastmoney.com/notices/detail/300394/AN202605141822319063.html
SZSE:300394,天孚通信,institutional_capital,2026-05-12,天孚通信:2025年年度股东会决议公告,https://data.eastmoney.com/notices/detail/300394/AN202605121822224051.html
SZSE:300394,天孚通信,institutional_capital,2026-05-12,天孚通信:江苏世纪同仁律师事务所关于公司2025年年度股东会的法律意见书,https://data.eastmoney.com/notices/detail/300394/AN202605121822224045.html
SZSE:300394,天孚通信,investor_relations,2026-04-29,天孚通信:2026年4月29日天孚通信投资者关系活动记录表,https://data.eastmoney.com/notices/detail/300394/AN202604291821770026.html
SZSE:300394,天孚通信,investor_relations,2026-04-22,天孚通信:2026年4月22日天孚通信投资者关系活动记录表,https://data.eastmoney.com/notices/detail/300394/AN202604221821457491.html
SZSE:300394,天孚通信,investor_relations,2026-04-21,天孚通信:2026年4月21日天孚通信投资者关系活动记录表,https://data.eastmoney.com/notices/detail/300394/AN202604211821393611.html
SZSE:300394,天孚通信,institutional_capital,2026-04-21,天孚通信:关于2023年限制性股票激励计划首次授予第二个归属期及预留授予第一个归属期限制性股票归属结果暨股份上市的公告,https://data.eastmoney.com/notices/detail/300394/AN202604211821388714.html
SZSE:300394,天孚通信,earnings,2026-04-21,天孚通信:2026年一季度报告,https://data.eastmoney.com/notices/detail/300394/AN202604201821344635.html
SZSE:300394,天孚通信,institutional_capital,2026-04-08,天孚通信:关于2023年限制性股票激励计划首次授予第二个归属期及预留授予第一个归属期归属条件成就的公告,https://data.eastmoney.com/notices/detail/300394/AN202604071821047382.html
SZSE:300394,天孚通信,earnings,2026-04-08,天孚通信:关于2025年度利润分配和资本公积金转增股本预案的公告,https://data.eastmoney.com/notices/detail/300394/AN202604071821047403.html
SZSE:300394,天孚通信,earnings,2026-04-08,天孚通信:关于授权董事会制定2026年中期分红方案的公告,https://data.eastmoney.com/notices/detail/300394/AN202604071821047381.html
SZSE:300394,天孚通信,earnings,2026-04-08,天孚通信:2025年年度报告摘要,https://data.eastmoney.com/notices/detail/300394/AN202604071821047415.html
SZSE:300394,天孚通信,institutional_capital,2026-04-08,天孚通信:未来三年股东回报规划(2026-2028年),https://data.eastmoney.com/notices/detail/300394/AN202604071821047405.html
SZSE:300394,天孚通信,institutional_capital,2026-04-08,天孚通信:江苏世纪同仁律师事务所关于公司作废2023年限制性股票激励计划部分已授予尚未归属的限制性股票的法律意见书,https://data.eastmoney.com/notices/detail/300394/AN202604071821047394.html
SZSE:300394,天孚通信,institutional_capital,2026-04-08,天孚通信:关于召开2025年年度股东会的通知,https://data.eastmoney.com/notices/detail/300394/AN202604071821047411.html
SZSE:300394,天孚通信,investor_relations,2026-04-08,天孚通信:关于举行2025年度网上业绩说明会的公告,https://data.eastmoney.com/notices/detail/300394/AN202604071821047401.html
SZSE:300394,天孚通信,institutional_capital,2026-04-08,天孚通信:薪酬与考核委员会关于2023年限制性股票激励计划首次授予第二个归属期及预留授予第一个归属期归属名单的核查意见,https://data.eastmoney.com/notices/detail/300394/AN202604071821047437.html
SZSE:300394,天孚通信,institutional_capital,2026-04-08,天孚通信:关于作废2023年限制性股票激励计划部分已授予尚未归属的限制性股票的公告,https://data.eastmoney.com/notices/detail/300394/AN202604071821047392.html
SZSE:300394,天孚通信,institutional_capital,2026-04-08,天孚通信:江苏世纪同仁律师事务所关于公司2023年限制性股票激励计划首次授予第二个归属期及预留授予第一个归属期归属条件成就的法律意见书,https://data.eastmoney.com/notices/detail/300394/AN202604071821047419.html
SZSE:300394,天孚通信,earnings,2026-04-08,天孚通信:2025年年度报告,https://data.eastmoney.com/notices/detail/300394/AN202604071821047432.html
SZSE:300394,天孚通信,institutional_capital,2026-04-02,天孚通信:江苏世纪同仁律师事务所关于公司2026年第一次临时股东会的法律意见书,https://data.eastmoney.com/notices/detail/300394/AN202604021820987037.html
SZSE:300394,天孚通信,institutional_capital,2026-04-02,天孚通信:2026年第一次临时股东会决议公告,https://data.eastmoney.com/notices/detail/300394/AN202604021820987033.html
SZSE:300394,天孚通信,institutional_capital,2026-03-17,天孚通信:关于召开2026年第一次临时股东会的通知,https://data.eastmoney.com/notices/detail/300394/AN202603161820581847.html
SZSE:300394,天孚通信,institutional_capital,2026-03-17,天孚通信:股东通讯政策(草案)(H股发行并上市后适用),https://data.eastmoney.com/notices/detail/300394/AN202603161820581848.html
SZSE:300394,天孚通信,investor_relations,2026-03-17,天孚通信:投资者关系管理制度(草案)(H股发行并上市后适用),https://data.eastmoney.com/notices/detail/300394/AN202603161820581733.html
SZSE:300394,天孚通信,earnings,2026-03-17,天孚通信:年报信息披露重大差错责任追究制度(草案)(H股发行并上市后适用),https://data.eastmoney.com/notices/detail/300394/AN202603161820581729.html
SZSE:300394,天孚通信,institutional_capital,2026-03-17,天孚通信:股东会网络投票实施细则(草案)(H股发行并上市后适用),https://data.eastmoney.com/notices/detail/300394/AN202603161820581728.html
SZSE:300394,天孚通信,institutional_capital,2026-03-17,天孚通信:股东会议事规则(草案)(H股发行并上市后适用),https://data.eastmoney.com/notices/detail/300394/AN202603161820581738.html
SZSE:300394,天孚通信,institutional_capital,2026-01-29,天孚通信:关于董事股份减持计划实施完毕的公告,https://data.eastmoney.com/notices/detail/300394/AN202601291818547598.html
SZSE:300394,天孚通信,earnings,2026-01-21,天孚通信:2025年度业绩预告,https://data.eastmoney.com/notices/detail/300394/AN202601211818206354.html
SZSE:300394,天孚通信,institutional_capital,2026-01-12,天孚通信:关于高级管理人员股份减持计划实施完毕的公告,https://data.eastmoney.com/notices/detail/300394/AN202601121816951158.html
SZSE:300394,天孚通信,institutional_capital,2025-12-02,天孚通信:关于董事、高级管理人员减持股份的预披露公告,https://data.eastmoney.com/notices/detail/300394/AN202512021792609914.html
SZSE:300394,天孚通信,investor_relations,2025-11-27,天孚通信:2025年11月27日天孚通信投资者关系活动记录表,https://data.eastmoney.com/notices/detail/300394/AN202511271789436638.html
SZSE:300394,天孚通信,institutional_capital,2025-11-25,天孚通信:股东询价转让结果报告书,https://data.eastmoney.com/notices/detail/300394/AN202511251788128323.html
SZSE:300394,天孚通信,institutional_capital,2025-11-25,天孚通信:华泰联合证券有限责任公司关于公司股东向特定机构投资者询价转让股份的核查报告,https://data.eastmoney.com/notices/detail/300394/AN202511251788126156.html
SZSE:300394,天孚通信,institutional_capital,2025-11-17,天孚通信:股东询价转让定价情况提示性公告,https://data.eastmoney.com/notices/detail/300394/AN202511171783088243.html
SZSE:300394,天孚通信,institutional_capital,2025-11-14,天孚通信:2025年第二次临时股东大会决议公告,https://data.eastmoney.com/notices/detail/300394/AN202511141781271380.html
SZSE:300394,天孚通信,institutional_capital,2025-11-14,天孚通信:股东询价转让计划书,https://data.eastmoney.com/notices/detail/300394/AN202511141781269745.html
SZSE:300394,天孚通信,institutional_capital,2025-11-14,天孚通信:江苏世纪同仁律师事务所关于公司2025年第二次临时股东大会的法律意见书,https://data.eastmoney.com/notices/detail/300394/AN202511141781269740.html
SZSE:300394,天孚通信,institutional_capital,2025-11-14,天孚通信:华泰联合证券有限责任公司关于公司股东向特定机构投资者询价转让股份相关资格的核查意见,https://data.eastmoney.com/notices/detail/300394/AN202511141781271376.html
SZSE:300394,天孚通信,institutional_capital,2025-10-30,天孚通信:股东会议事规则,https://data.eastmoney.com/notices/detail/300394/AN202510291771403028.html
SZSE:300394,天孚通信,institutional_capital,2025-10-30,天孚通信:江苏世纪同仁律师事务所关于公司作废2023年限制性股票激励计划部分已授予尚未归属的限制性股票的法律意见书,https://data.eastmoney.com/notices/detail/300394/AN202510291771403088.html
SZSE:300394,天孚通信,earnings,2025-10-30,天孚通信:2025年三季度报告,https://data.eastmoney.com/notices/detail/300394/AN202510291771402958.html
SZSE:300394,天孚通信,institutional_capital,2025-10-30,天孚通信:关于召开2025年第二次临时股东大会的通知,https://data.eastmoney.com/notices/detail/300394/AN202510291771403015.html
SZSE:300394,天孚通信,institutional_capital,2025-10-30,天孚通信:江苏世纪同仁律师事务所关于公司2023年限制性股票激励计划调整授予价格和数量的法律意见书,https://data.eastmoney.com/notices/detail/300394/AN202510291771403021.html
SZSE:300394,天孚通信,investor_relations,2025-10-30,天孚通信:投资者关系管理制度,https://data.eastmoney.com/notices/detail/300394/AN202510291771403089.html
SZSE:300394,天孚通信,earnings,2025-10-30,天孚通信:年报信息披露重大差错责任追究制度,https://data.eastmoney.com/notices/detail/300394/AN202510291771403046.html
SZSE:300394,天孚通信,institutional_capital,2025-10-30,天孚通信:关于作废2023年限制性股票激励计划部分已授予尚未归属的限制性股票的公告,https://data.eastmoney.com/notices/detail/300394/AN202510291771403016.html
SZSE:300394,天孚通信,institutional_capital,2025-10-30,天孚通信:股东会网络投票实施细则,https://data.eastmoney.com/notices/detail/300394/AN202510291771403090.html
SZSE:300394,天孚通信,institutional_capital,2025-10-30,天孚通信:关于调整2023年限制性股票激励计划授予价格和数量的公告,https://data.eastmoney.com/notices/detail/300394/AN202510291771402986.html
SZSE:300394,天孚通信,institutional_capital,2025-09-22,天孚通信:2025年第一次临时股东大会决议公告,https://data.eastmoney.com/notices/detail/300394/AN202509221748564749.html
SZSE:300394,天孚通信,institutional_capital,2025-09-22,天孚通信:江苏世纪同仁律师事务所关于公司2025年第一次临时股东大会的法律意见书,https://data.eastmoney.com/notices/detail/300394/AN202509221748564750.html
SZSE:300394,天孚通信,investor_relations,2025-08-26,天孚通信:2025年8月26日天孚通信投资者关系活动记录表,https://data.eastmoney.com/notices/detail/300394/AN202508261734888112.html
SZSE:300394,天孚通信,earnings,2025-08-26,天孚通信:2025年半年度报告,https://data.eastmoney.com/notices/detail/300394/AN202508251734262659.html
SZSE:300394,天孚通信,earnings,2025-08-26,天孚通信:关于2025年半年度利润分配方案的公告,https://data.eastmoney.com/notices/detail/300394/AN202508251734262681.html
SZSE:300394,天孚通信,institutional_capital,2025-08-26,天孚通信:关于召开2025年第一次临时股东大会的通知,https://data.eastmoney.com/notices/detail/300394/AN202508251734262668.html
SZSE:300394,天孚通信,earnings,2025-08-26,天孚通信:2025年半年度报告摘要,https://data.eastmoney.com/notices/detail/300394/AN202508251734262644.html
SZSE:300394,天孚通信,institutional_capital,2025-08-14,天孚通信:华泰联合证券有限责任公司关于公司股东向特定机构投资者询价转让股份的核查报告,https://data.eastmoney.com/notices/detail/300394/AN202508141727517089.html
SZSE:300394,天孚通信,institutional_capital,2025-08-14,天孚通信:股东询价转让结果报告书暨持股5%以上股东持有权益变动触及1%整数倍的提示性公告,https://data.eastmoney.com/notices/detail/300394/AN202508141727517088.html
SZSE:300394,天孚通信,institutional_capital,2025-08-11,天孚通信:股东询价转让定价情况提示性公告,https://data.eastmoney.com/notices/detail/300394/AN202508111725595284.html
SZSE:300394,天孚通信,institutional_capital,2025-08-08,天孚通信:股东询价转让计划书,https://data.eastmoney.com/notices/detail/300394/AN202508081723808291.html
SZSE:300394,天孚通信,institutional_capital,2025-08-08,天孚通信:华泰联合证券有限责任公司关于公司股东向特定机构投资者询价转让股份相关资格的核查意见,https://data.eastmoney.com/notices/detail/300394/AN202508081723808290.html
SZSE:300394,天孚通信,product_cycle,2025-07-08,天孚通信:关于注销募集资金理财产品专用结算账户的公告,https://data.eastmoney.com/notices/detail/300394/AN202507081705191577.html
SZSE:300394,天孚通信,capacity_project,2025-06-13,天孚通信:华泰联合证券有限责任公司关于公司向特定对象发行股票募投项目结项并将节余募集资金永久补充流动资金的核查意见,https://data.eastmoney.com/notices/detail/300394/AN202506131690296214.html
SZSE:300394,天孚通信,capacity_project,2025-06-13,天孚通信:关于向特定对象发行股票募投项目结项并将节余募集资金永久补充流动资金的公告,https://data.eastmoney.com/notices/detail/300394/AN202506131690296212.html
SZSE:300394,天孚通信,investor_relations,2025-06-11,天孚通信:2025年6月11日天孚通信投资者关系活动记录表,https://data.eastmoney.com/notices/detail/300394/AN202506111688906380.html
SZSE:300476,胜宏科技,investor_relations,2026-05-15,胜宏科技:300476胜宏科技投资者关系管理信息20260515,https://data.eastmoney.com/notices/detail/300476/AN202605151822355494.html
SZSE:300476,胜宏科技,investor_relations,2026-05-08,胜宏科技:300476胜宏科技投资者关系管理信息20260508,https://data.eastmoney.com/notices/detail/300476/AN202605081822085790.html
SZSE:300476,胜宏科技,investor_relations,2026-05-03,胜宏科技:300476胜宏科技投资者关系管理信息,https://data.eastmoney.com/notices/detail/300476/AN202605041821951549.html
SZSE:300476,胜宏科技,earnings,2026-04-29,胜宏科技:2026年一季度报告,https://data.eastmoney.com/notices/detail/300476/AN202604281821694763.html
SZSE:300476,胜宏科技,institutional_capital,2026-04-27,胜宏科技:关于控股股东及其一致行动人持股比例被动稀释触及1%整数倍的提示性公告,https://data.eastmoney.com/notices/detail/300476/AN202604271821630447.html
SZSE:300476,胜宏科技,institutional_capital,2026-04-21,胜宏科技:关于控股股东及其一致行动人持股比例被动稀释触及1％整数倍及跨越5％整数倍的提示性公告,https://data.eastmoney.com/notices/detail/300476/AN202604211821395520.html
SZSE:300476,胜宏科技,institutional_capital,2026-04-21,胜宏科技:国信证券股份有限公司关于胜宏科技(惠州)股份有限公司向特定对象发行股票限售股份解除限售并上市流通的核查意见,https://data.eastmoney.com/notices/detail/300476/AN202604201821345717.html
SZSE:300476,胜宏科技,institutional_capital,2026-04-21,胜宏科技:关于向特定对象发行股票解除限售并上市流通的提示性公告,https://data.eastmoney.com/notices/detail/300476/AN202604201821345727.html
SZSE:300476,胜宏科技,earnings,2026-04-09,胜宏科技:2025年年度分红派息实施公告,https://data.eastmoney.com/notices/detail/300476/AN202604091821101047.html
SZSE:300476,胜宏科技,investor_relations,2026-04-04,胜宏科技:300476胜宏科技投资者关系管理信息20260404,https://data.eastmoney.com/notices/detail/300476/AN202604041821024219.html
SZSE:300476,胜宏科技,institutional_capital,2026-04-03,胜宏科技:君合律师事务所上海分所关于胜宏科技(惠州)股份有限公司2025年度股东会之法律意见书,https://data.eastmoney.com/notices/detail/300476/AN202604031821016256.html
SZSE:300476,胜宏科技,institutional_capital,2026-04-03,胜宏科技:2025年度股东会决议公告,https://data.eastmoney.com/notices/detail/300476/AN202604031821016196.html
SZSE:300476,胜宏科技,investor_relations,2026-03-30,胜宏科技:300476胜宏科技投资者关系管理信息20260330,https://data.eastmoney.com/notices/detail/300476/AN202603301820877440.html
SZSE:300476,胜宏科技,risk,2026-03-20,胜宏科技:关于签署募集资金四方监管协议的公告,https://data.eastmoney.com/notices/detail/300476/AN202603201820671819.html
SZSE:300476,胜宏科技,investor_relations,2026-03-18,胜宏科技:300476胜宏科技投资者关系管理信息20260318,https://data.eastmoney.com/notices/detail/300476/AN202603181820627458.html
SZSE:300476,胜宏科技,institutional_capital,2026-03-13,胜宏科技:关于控股股东之一致行动人解除质押及部分股份质押的公告,https://data.eastmoney.com/notices/detail/300476/AN202603191820650175.html
SZSE:300476,胜宏科技,investor_relations,2026-03-13,胜宏科技:关于举行2025年度网上业绩说明会的公告,https://data.eastmoney.com/notices/detail/300476/AN202603121820527091.html
SZSE:300476,胜宏科技,earnings,2026-03-13,胜宏科技:2025年度利润分配预案的公告,https://data.eastmoney.com/notices/detail/300476/AN202603121820527094.html
SZSE:300476,胜宏科技,earnings,2026-03-13,胜宏科技:2025年年度报告摘要,https://data.eastmoney.com/notices/detail/300476/AN202603121820527090.html
SZSE:300476,胜宏科技,earnings,2026-03-13,胜宏科技:关于提请股东会授权董事会制定并执行2026年中期分红方案的公告,https://data.eastmoney.com/notices/detail/300476/AN202603121820527092.html
SZSE:300476,胜宏科技,institutional_capital,2026-03-13,胜宏科技:关于提请股东会授权董事会制定并执行2026年中期分红方案的公告,https://data.eastmoney.com/notices/detail/300476/AN202603121820527092.html
SZSE:300476,胜宏科技,earnings,2026-03-13,胜宏科技:2025年年度报告披露提示性公告,https://data.eastmoney.com/notices/detail/300476/AN202603121820527103.html
SZSE:300476,胜宏科技,institutional_capital,2026-03-13,胜宏科技:关于召开2025年度股东会的通知,https://data.eastmoney.com/notices/detail/300476/AN202603121820527117.html
SZSE:300476,胜宏科技,earnings,2026-03-13,胜宏科技:2025年年度报告,https://data.eastmoney.com/notices/detail/300476/AN202603121820527101.html
SZSE:300476,胜宏科技,investor_relations,2026-03-09,胜宏科技:300476胜宏科技投资者关系管理信息20260309,https://data.eastmoney.com/notices/detail/300476/AN202603091820421181.html
SZSE:300476,胜宏科技,institutional_capital,2026-02-05,胜宏科技:关于2022年限制性股票激励计划首次授予部分第三个归属期第二批次归属结果暨股份上市的公告,https://data.eastmoney.com/notices/detail/300476/AN202602051819792432.html
SZSE:300476,胜宏科技,institutional_capital,2026-01-28,胜宏科技:2026年第一次临时股东会决议公告,https://data.eastmoney.com/notices/detail/300476/AN202601281818510226.html
SZSE:300476,胜宏科技,institutional_capital,2026-01-28,胜宏科技:君合律师事务所上海分所关于胜宏科技(惠州)股份有限公司2026年第一次临时股东会之法律意见书,https://data.eastmoney.com/notices/detail/300476/AN202601281818510231.html
SZSE:300476,胜宏科技,investor_relations,2026-01-23,胜宏科技:300476胜宏科技投资者关系管理信息20260123,https://data.eastmoney.com/notices/detail/300476/AN202601231818341763.html
SZSE:300476,胜宏科技,earnings,2026-01-16,胜宏科技:2025年度业绩预告,https://data.eastmoney.com/notices/detail/300476/AN202601161817842023.html
SZSE:300476,胜宏科技,risk,2026-01-16,胜宏科技:关于签署募集资金四方监管协议的公告,https://data.eastmoney.com/notices/detail/300476/AN202601161817842024.html
SZSE:300476,胜宏科技,capacity_project,2026-01-13,胜宏科技:国信证券关于胜宏科技使用募集资金置换预先投入募投项目自筹资金及已支付发行费用的核查意见,https://data.eastmoney.com/notices/detail/300476/AN202601121816953112.html
SZSE:300476,胜宏科技,capacity_project,2026-01-13,胜宏科技:关于使用募集资金置换预先投入募投项目自筹资金及已支付发行费用的公告,https://data.eastmoney.com/notices/detail/300476/AN202601121816953121.html
SZSE:300476,胜宏科技,institutional_capital,2026-01-13,胜宏科技:关于召开2026年第一次临时股东会的通知,https://data.eastmoney.com/notices/detail/300476/AN202601121816953123.html
SZSE:300476,胜宏科技,investor_relations,2025-12-10,胜宏科技:300476胜宏科技投资者关系管理信息20251210,https://data.eastmoney.com/notices/detail/300476/AN202512101797206781.html
SZSE:300476,胜宏科技,risk,2025-12-05,胜宏科技:关于签署募集资金四方监管协议的公告,https://data.eastmoney.com/notices/detail/300476/AN202512051794569893.html
SZSE:300476,胜宏科技,institutional_capital,2025-10-31,胜宏科技:关于2022年限制性股票激励计划首次授予部分第三个归属期第一批次归属结果暨股份上市的公告,https://data.eastmoney.com/notices/detail/300476/AN202510311772668554.html
SZSE:300476,胜宏科技,investor_relations,2025-10-29,胜宏科技:300476胜宏科技投资者关系管理信息20251029,https://data.eastmoney.com/notices/detail/300476/AN202510291771381523.html
SZSE:300476,胜宏科技,capacity_project,2025-10-28,胜宏科技:关于调整募集资金投资项目拟投入募集资金金额的公告,https://data.eastmoney.com/notices/detail/300476/AN202510271770121305.html
SZSE:300476,胜宏科技,earnings,2025-10-28,胜宏科技:2025年三季度报告,https://data.eastmoney.com/notices/detail/300476/AN202510271770121323.html
SZSE:300476,胜宏科技,capacity_project,2025-10-28,胜宏科技:国信证券股份有限公司关于胜宏科技(惠州)股份有限公司调整募集资金投资项目拟投入募集资金金额的核查意见,https://data.eastmoney.com/notices/detail/300476/AN202510271770121336.html
SZSE:300476,胜宏科技,investor_relations,2025-10-17,胜宏科技:300476胜宏科技投资者关系管理信息20251017,https://data.eastmoney.com/notices/detail/300476/AN202510171764013366.html
SZSE:300476,胜宏科技,institutional_capital,2025-10-17,胜宏科技:关于董事和高级管理人员持股情况变动的公告,https://data.eastmoney.com/notices/detail/300476/AN202510161763333838.html
SZSE:300476,胜宏科技,risk,2025-10-09,胜宏科技:关于开立募集资金专户并授权签订募集资金专户监管协议的公告,https://data.eastmoney.com/notices/detail/300476/AN202510091759011253.html
SZSE:300476,胜宏科技,risk,2025-09-25,胜宏科技:关于签署募集资金三方监管协议的公告,https://data.eastmoney.com/notices/detail/300476/AN202509251750453223.html
SZSE:300476,胜宏科技,investor_relations,2025-09-19,胜宏科技:2025年广东辖区投资者集体接待日活动,https://data.eastmoney.com/notices/detail/300476/AN202509191746796045.html
SZSE:300476,胜宏科技,institutional_capital,2025-09-13,胜宏科技:关于作废2022年限制性股票激励计划部分已授予但尚未归属的限制性股票的公告,https://data.eastmoney.com/notices/detail/300476/AN202509121742480571.html
SZSE:300476,胜宏科技,institutional_capital,2025-09-13,胜宏科技:董事会薪酬与考核委员会关于2022年限制性股票激励计划首次授予部分第三个归属期归属名单的核查意见,https://data.eastmoney.com/notices/detail/300476/AN202509121742480569.html
SZSE:300476,胜宏科技,institutional_capital,2025-09-13,胜宏科技:关于调整2022年限制性股票激励计划限制性股票授予价格的公告,https://data.eastmoney.com/notices/detail/300476/AN202509121742478653.html
SZSE:300476,胜宏科技,institutional_capital,2025-09-13,胜宏科技:君合律师事务所上海分所关于胜宏科技(惠州)股份有限公司2022年限制性股票激励计划授予价格调整、首次授予部分第三个归属期归属条件成就及作废部分限制性股票事项之法律意见书,https://data.eastmoney.com/notices/detail/300476/AN202509121742480557.html
SZSE:300476,胜宏科技,institutional_capital,2025-09-13,胜宏科技:关于2022年限制性股票激励计划首次授予部分第三个归属期归属条件成就的公告,https://data.eastmoney.com/notices/detail/300476/AN202509121742478655.html
SZSE:300476,胜宏科技,investor_relations,2025-09-12,胜宏科技:300476胜宏科技投资者关系管理信息20250912,https://data.eastmoney.com/notices/detail/300476/AN202509121742535467.html
SZSE:300476,胜宏科技,investor_relations,2025-09-04,胜宏科技:300476胜宏科技投资者关系管理信息20250904,https://data.eastmoney.com/notices/detail/300476/AN202509041738939605.html
SZSE:300476,胜宏科技,earnings,2025-08-29,胜宏科技:向特定对象发行股票募集说明书(注册稿)(2025年半年报更新稿),https://data.eastmoney.com/notices/detail/300476/AN202508291736562299.html
SZSE:300476,胜宏科技,investor_relations,2025-08-29,胜宏科技:300476胜宏科技投资者关系管理信息20250829,https://data.eastmoney.com/notices/detail/300476/AN202508291736556512.html
SZSE:300476,胜宏科技,earnings,2025-08-27,胜宏科技:2025年半年度报告,https://data.eastmoney.com/notices/detail/300476/AN202508261734910216.html
SZSE:300476,胜宏科技,earnings,2025-08-27,胜宏科技:2025年半年度报告摘要,https://data.eastmoney.com/notices/detail/300476/AN202508261734909397.html
SZSE:300476,胜宏科技,earnings,2025-08-27,胜宏科技:关于2025年半年度报告披露提示性公告,https://data.eastmoney.com/notices/detail/300476/AN202508261734909378.html
SZSE:300476,胜宏科技,institutional_capital,2025-08-16,胜宏科技:胜宏科技-2025年第四次临时股东会之法律意见书,https://data.eastmoney.com/notices/detail/300476/AN202508151728085070.html
SZSE:300476,胜宏科技,institutional_capital,2025-08-16,胜宏科技:2025年第四次临时股东会公告,https://data.eastmoney.com/notices/detail/300476/AN202508151728085073.html
SZSE:300476,胜宏科技,institutional_capital,2025-08-04,胜宏科技:关于公司部分董事、高级管理人员减持计划完成的公告,https://data.eastmoney.com/notices/detail/300476/AN202508041721422906.html
SZSE:300476,胜宏科技,investor_relations,2025-07-31,胜宏科技:300476胜宏科技投资者关系管理信息20250731,https://data.eastmoney.com/notices/detail/300476/AN202507311719040644.html
SZSE:300476,胜宏科技,institutional_capital,2025-07-30,胜宏科技:关于召开2025年第四次临时股东会的通知,https://data.eastmoney.com/notices/detail/300476/AN202507291717905094.html
SZSE:300476,胜宏科技,institutional_capital,2025-07-30,胜宏科技:股东提名候选董事的程序(草案)(H股发行并上市后适用),https://data.eastmoney.com/notices/detail/300476/AN202507291717899152.html
SZSE:300476,胜宏科技,institutional_capital,2025-07-30,胜宏科技:股东会议事规则(2025年7月修订),https://data.eastmoney.com/notices/detail/300476/AN202507291717905064.html
SZSE:300476,胜宏科技,institutional_capital,2025-07-30,胜宏科技:股东通讯政策(草案)(H股发行并上市后适用),https://data.eastmoney.com/notices/detail/300476/AN202507291717905073.html
SZSE:300476,胜宏科技,investor_relations,2025-07-30,胜宏科技:投资者关系管理制度(2025年7月修订),https://data.eastmoney.com/notices/detail/300476/AN202507291717905086.html
SZSE:300476,胜宏科技,institutional_capital,2025-07-30,胜宏科技:股东会议事规则(草案)(H股发行并上市后适用),https://data.eastmoney.com/notices/detail/300476/AN202507291717905072.html
SZSE:300476,胜宏科技,investor_relations,2025-07-28,胜宏科技:300476胜宏科技投资者关系管理信息20250728,https://data.eastmoney.com/notices/detail/300476/AN202507281717320778.html
SZSE:300476,胜宏科技,investor_relations,2025-07-22,胜宏科技:300476胜宏科技投资者关系管理信息20250721,https://data.eastmoney.com/notices/detail/300476/AN202507221713678906.html
SZSE:300476,胜宏科技,institutional_capital,2025-07-21,胜宏科技:2025年第三次临时股东会决议公告,https://data.eastmoney.com/notices/detail/300476/AN202507211713099752.html
SZSE:300476,胜宏科技,institutional_capital,2025-07-21,胜宏科技:君合律师事务所上海分所关于胜宏科技(惠州)股份有限公司2025年第三次临时股东会之法律意见书,https://data.eastmoney.com/notices/detail/300476/AN202507211713099744.html
SZSE:300476,胜宏科技,institutional_capital,2025-07-05,胜宏科技:关于公司部分董事、高级管理人员减持计划预披露公告,https://data.eastmoney.com/notices/detail/300476/AN202507041702935429.html
SZSE:300476,胜宏科技,institutional_capital,2025-07-05,胜宏科技:关于召开2025年第三次临时股东会的通知,https://data.eastmoney.com/notices/detail/300476/AN202507041702935432.html
SZSE:300476,胜宏科技,investor_relations,2025-06-16,胜宏科技:300476胜宏科技投资者关系管理信息20250616,https://data.eastmoney.com/notices/detail/300476/AN202506161692070223.html
SZSE:300476,胜宏科技,institutional_capital,2025-06-10,胜宏科技:关于控股股东部分股份解除质押的公告,https://data.eastmoney.com/notices/detail/300476/AN202506101688329906.html
SZSE:300502,新易盛,investor_relations,2026-06-02,新易盛:300502新易盛投资者关系管理信息20260601,https://data.eastmoney.com/notices/detail/300502/AN202606021823165693.html
SZSE:300502,新易盛,institutional_capital,2026-05-19,新易盛:关于2024年限制性股票激励计划首次授予第二期归属结果暨股份上市的公告,https://data.eastmoney.com/notices/detail/300502/AN202605191822453606.html
SZSE:300502,新易盛,institutional_capital,2026-05-15,新易盛:成都新易盛通信技术股份有限公司2025年度股东会决议公告,https://data.eastmoney.com/notices/detail/300502/AN202605151822353276.html
SZSE:300502,新易盛,institutional_capital,2026-05-15,新易盛:北京国枫律师事务所关于成都新易盛通信技术股份有限公司2025年度股东会的法律意见书,https://data.eastmoney.com/notices/detail/300502/AN202605151822353272.html
SZSE:300502,新易盛,investor_relations,2026-04-29,新易盛:300502新易盛投资者关系管理信息20260429,https://data.eastmoney.com/notices/detail/300502/AN202604291821763080.html
SZSE:300502,新易盛,investor_relations,2026-04-24,新易盛:300502新易盛投资者关系管理信息20260423,https://data.eastmoney.com/notices/detail/300502/AN202604241821546331.html
SZSE:300502,新易盛,earnings,2026-04-24,新易盛:2025年年度报告,https://data.eastmoney.com/notices/detail/300502/AN202604231821517547.html
SZSE:300502,新易盛,institutional_capital,2026-04-24,新易盛:董事会薪酬与考核委员会关于2024年限制性股票激励计划首次授予第二期可归属激励对象名单的核查意见,https://data.eastmoney.com/notices/detail/300502/AN202604231821517572.html
SZSE:300502,新易盛,earnings,2026-04-24,新易盛:关于2026年第一季度报告披露的提示性公告,https://data.eastmoney.com/notices/detail/300502/AN202604231821517561.html
SZSE:300502,新易盛,earnings,2026-04-24,新易盛:2025年年度报告摘要,https://data.eastmoney.com/notices/detail/300502/AN202604231821517579.html
SZSE:300502,新易盛,earnings,2026-04-24,新易盛:关于2025年年度报告披露的提示性公告,https://data.eastmoney.com/notices/detail/300502/AN202604231821517590.html
SZSE:300502,新易盛,earnings,2026-04-24,新易盛:关于2025年度利润分配及资本公积转增股本预案的公告,https://data.eastmoney.com/notices/detail/300502/AN202604231821517582.html
SZSE:300502,新易盛,institutional_capital,2026-04-24,新易盛:关于2024年限制性股票激励计划首次授予第二期归属条件成就的公告,https://data.eastmoney.com/notices/detail/300502/AN202604231821517546.html
SZSE:300502,新易盛,institutional_capital,2026-04-24,新易盛:关于公司2024年限制性股票激励计划首次授予第二期归属条件成就及作废部分限制性股票事项的法律意见书,https://data.eastmoney.com/notices/detail/300502/AN202604231821517544.html
SZSE:300502,新易盛,institutional_capital,2026-04-24,新易盛:关于召开2025年度股东会的通知,https://data.eastmoney.com/notices/detail/300502/AN202604231821517550.html
SZSE:300502,新易盛,earnings,2026-04-24,新易盛:2026年一季度报告,https://data.eastmoney.com/notices/detail/300502/AN202604231821517570.html
SZSE:300502,新易盛,institutional_capital,2026-04-13,新易盛:成都新易盛通信技术股份有限公司2026年第一次临时股东会决议公告,https://data.eastmoney.com/notices/detail/300502/AN202604131821159222.html
SZSE:300502,新易盛,institutional_capital,2026-04-13,新易盛:北京国枫律师事务所关于成都新易盛通信技术股份有限公司2026年第一次临时股东大会的法律意见书,https://data.eastmoney.com/notices/detail/300502/AN202604131821159214.html
SZSE:300502,新易盛,institutional_capital,2026-03-28,新易盛:关于召开2026年第一次临时股东会的通知,https://data.eastmoney.com/notices/detail/300502/AN202603271820802379.html
SZSE:300502,新易盛,earnings,2026-01-30,新易盛:2025年度业绩预告,https://data.eastmoney.com/notices/detail/300502/AN202601301818600253.html
SZSE:300502,新易盛,institutional_capital,2025-12-22,新易盛:关于2024年限制性股票激励计划首次授予第一期第二批次归属结果暨股份上市的公告,https://data.eastmoney.com/notices/detail/300502/AN202512221805869171.html
SZSE:300502,新易盛,investor_relations,2025-10-30,新易盛:300502新易盛投资者关系管理信息20251029,https://data.eastmoney.com/notices/detail/300502/AN202510301771970717.html
SZSE:300502,新易盛,earnings,2025-10-30,新易盛:2025年三季度报告,https://data.eastmoney.com/notices/detail/300502/AN202510291771333527.html
SZSE:300502,新易盛,earnings,2025-10-30,新易盛:关于2025年第三季度报告披露的提示性公告,https://data.eastmoney.com/notices/detail/300502/AN202510291771333504.html
SZSE:300502,新易盛,institutional_capital,2025-10-21,新易盛:关于股东询价转让结果报告书暨控股股东权益变动触及1%整数倍的提示性公告,https://data.eastmoney.com/notices/detail/300502/AN202510211766363508.html
SZSE:300502,新易盛,institutional_capital,2025-10-21,新易盛:中国国际金融股份有限公司关于成都新易盛通信技术股份有限公司股东向特定机构投资者询价转让股份的核查报告,https://data.eastmoney.com/notices/detail/300502/AN202510211766363507.html
SZSE:300502,新易盛,institutional_capital,2025-10-09,新易盛:股东询价转让定价情况提示性公告,https://data.eastmoney.com/notices/detail/300502/AN202510091758988422.html
SZSE:300502,新易盛,institutional_capital,2025-09-30,新易盛:成都新易盛通信技术股份有限公司股东询价转让计划书,https://data.eastmoney.com/notices/detail/300502/AN202509301753505371.html
SZSE:300502,新易盛,institutional_capital,2025-09-30,新易盛:中国国际金融股份有限公司关于成都新易盛通信技术股份有限公司股东向特定机构投资者询价转让股份相关资格的核查意见,https://data.eastmoney.com/notices/detail/300502/AN202509301753505374.html
SZSE:300502,新易盛,investor_relations,2025-09-13,新易盛:300502新易盛投资者关系管理信息20250912,https://data.eastmoney.com/notices/detail/300502/AN202509141743551581.html
SZSE:300502,新易盛,institutional_capital,2025-09-11,新易盛:北京国枫律师事务所关于成都新易盛通信技术股份有限公司2025年第一次临时股东大会的法律意见书,https://data.eastmoney.com/notices/detail/300502/AN202509111741846032.html
SZSE:300502,新易盛,institutional_capital,2025-09-11,新易盛:成都新易盛通信技术股份有限公司2025年第一次临时股东大会决议公告,https://data.eastmoney.com/notices/detail/300502/AN202509111741846029.html
SZSE:300502,新易盛,institutional_capital,2025-09-09,新易盛:关于2024年限制性股票激励计划预留授予第一期归属结果暨股份上市的公告,https://data.eastmoney.com/notices/detail/300502/AN202509091740791220.html
SZSE:300502,新易盛,investor_relations,2025-09-05,新易盛:关于参加举办四川辖区2025年投资者网上集体接待日及半年度报告业绩说明会的公告,https://data.eastmoney.com/notices/detail/300502/AN202509051739220456.html
SZSE:300502,新易盛,earnings,2025-09-05,新易盛:关于参加举办四川辖区2025年投资者网上集体接待日及半年度报告业绩说明会的公告,https://data.eastmoney.com/notices/detail/300502/AN202509051739220456.html
SZSE:300502,新易盛,investor_relations,2025-08-26,新易盛:300502新易盛投资者关系管理信息20250826,https://data.eastmoney.com/notices/detail/300502/AN202508261734934443.html
SZSE:300502,新易盛,earnings,2025-08-26,新易盛:关于2025年半年度报告披露的提示性公告,https://data.eastmoney.com/notices/detail/300502/AN202508251734327773.html
SZSE:300502,新易盛,earnings,2025-08-26,新易盛:2025年半年度报告,https://data.eastmoney.com/notices/detail/300502/AN202508251734326555.html
SZSE:300502,新易盛,institutional_capital,2025-08-26,新易盛:防范大股东及其关联人资金占用管理制度,https://data.eastmoney.com/notices/detail/300502/AN202508251734326541.html
SZSE:300502,新易盛,earnings,2025-08-26,新易盛:2025年半年度报告摘要,https://data.eastmoney.com/notices/detail/300502/AN202508251734327769.html
SZSE:300502,新易盛,institutional_capital,2025-08-26,新易盛:关于召开2025年第一次临时股东大会通知,https://data.eastmoney.com/notices/detail/300502/AN202508251734326556.html
SZSE:300502,新易盛,institutional_capital,2025-08-26,新易盛:关于2024年限制性股票激励计划预留授予第一期归属条件成就的公告,https://data.eastmoney.com/notices/detail/300502/AN202508251734327779.html
SZSE:300502,新易盛,institutional_capital,2025-08-26,新易盛:监事会关于2024年限制性股票激励计划预留授予第一期可归属激励对象名单的核查意见,https://data.eastmoney.com/notices/detail/300502/AN202508251734327767.html
SZSE:300502,新易盛,institutional_capital,2025-08-26,新易盛:股东会议事规则,https://data.eastmoney.com/notices/detail/300502/AN202508251734327774.html
SZSE:300502,新易盛,order_contract,2025-08-26,新易盛:关于增加向关联方采购商品的日常交易预计金额的公告,https://data.eastmoney.com/notices/detail/300502/AN202508251734327772.html
SZSE:300502,新易盛,earnings,2025-08-26,新易盛:年报信息披露重大差错责任追究制度,https://data.eastmoney.com/notices/detail/300502/AN202508251734326536.html
SZSE:300502,新易盛,institutional_capital,2025-08-26,新易盛:上海荣正企业咨询服务(集团)股份有限公司关于成都新易盛通信技术股份有限公司2024年限制性股票激励计划预留授予第一期归属条件成就相关事项之独立财务顾问报告,https://data.eastmoney.com/notices/detail/300502/AN202508251734327759.html
SZSE:300502,新易盛,investor_relations,2025-08-26,新易盛:投资者关系管理制度,https://data.eastmoney.com/notices/detail/300502/AN202508251734326542.html
SZSE:300502,新易盛,institutional_capital,2025-08-26,新易盛:北京国枫律师事务所关于成都新易盛通信技术股份有限公司2024年限制性股票激励计划预留授予第一期归属条件成就的法律意见书,https://data.eastmoney.com/notices/detail/300502/AN202508251734326535.html
SZSE:300502,新易盛,investor_relations,2025-07-16,新易盛:300502新易盛投资者关系管理信息20250716,https://data.eastmoney.com/notices/detail/300502/AN202507161710102617.html
SZSE:300502,新易盛,earnings,2025-07-15,新易盛:2025年半年度业绩预告,https://data.eastmoney.com/notices/detail/300502/AN202507141708777457.html
SZSE:300502,新易盛,institutional_capital,2025-07-01,新易盛:关于2024年限制性股票激励计划首次授予第一期第一批次归属结果暨股份上市的公告,https://data.eastmoney.com/notices/detail/300502/AN202507011701031547.html
SZSE:300502,新易盛,institutional_capital,2025-06-20,新易盛:关于公司高级管理人员、监事减持计划实施完毕的公告,https://data.eastmoney.com/notices/detail/300502/AN202506201694509371.html
SZSE:300502,新易盛,institutional_capital,2025-06-11,新易盛:关于2022年限制性股票激励计划第二期解除限售股份上市流通的提示性公告,https://data.eastmoney.com/notices/detail/300502/AN202506101688345142.html
SZSE:300502,新易盛,institutional_capital,2025-06-06,新易盛:关于调整2024年限制性股票激励计划首次及预留授予限制性股票授予价格及权益数量的公告,https://data.eastmoney.com/notices/detail/300502/AN202506061685965469.html
SZSE:300502,新易盛,institutional_capital,2025-06-06,新易盛:成都新易盛通信技术股份有限公司调整2024年限制性股票激励计划首次及预留授予价格及权益数量的法律意见书,https://data.eastmoney.com/notices/detail/300502/AN202506061685965471.html
SZSE:300548,长芯博创,institutional_capital,2026-05-28,长芯博创:长芯博创科技股份有限公司关于2024年限制性股票激励计划预留授予部分第一个归属期第二批次及首次授予部分第二个归属期归属结果暨股份上市的公告,https://data.eastmoney.com/notices/detail/300548/AN202605281822951782.html
SZSE:300548,长芯博创,institutional_capital,2026-05-28,长芯博创:北京市中伦律师事务所关于长芯博创科技股份有限公司2025年年度股东会的法律意见书,https://data.eastmoney.com/notices/detail/300548/AN202605281822948902.html
SZSE:300548,长芯博创,institutional_capital,2026-05-28,长芯博创:长芯博创科技股份有限公司2025年年度股东会决议公告,https://data.eastmoney.com/notices/detail/300548/AN202605281822948903.html
SZSE:300548,长芯博创,institutional_capital,2026-05-22,长芯博创:长芯博创科技股份有限公司关于持股5%以上股东减持股份预披露公告,https://data.eastmoney.com/notices/detail/300548/AN202605221822691923.html
SZSE:300548,长芯博创,institutional_capital,2026-05-15,长芯博创:长芯博创科技股份有限公司关于2021年股票期权激励计划首次授予股票期权第四个行权期采取自主行权模式的提示性公告,https://data.eastmoney.com/notices/detail/300548/AN202605151822353843.html
SZSE:300548,长芯博创,institutional_capital,2026-05-08,长芯博创:长芯博创科技股份有限公司关于召开2025年年度股东会的通知,https://data.eastmoney.com/notices/detail/300548/AN202605071822034741.html
SZSE:300548,长芯博创,institutional_capital,2026-05-08,长芯博创:长芯博创科技股份有限公司关于2024年限制性股票激励计划首次授予第二个归属期符合归属条件的公告,https://data.eastmoney.com/notices/detail/300548/AN202605071822034735.html
SZSE:300548,长芯博创,institutional_capital,2026-05-08,长芯博创:长芯博创科技股份有限公司董事会薪酬与考核委员会关于2024年限制性股票激励计划相关事项的核查意见,https://data.eastmoney.com/notices/detail/300548/AN202605071822034733.html
SZSE:300548,长芯博创,institutional_capital,2026-05-08,长芯博创:北京市中伦律师事务所关于长芯博创科技股份有限公司2024年限制性股票激励计划首次授予部分第二个归属期归属条件成就及部分限制性股票作废事项的法律意见书,https://data.eastmoney.com/notices/detail/300548/AN202605071822034656.html
SZSE:300548,长芯博创,earnings,2026-04-29,长芯博创:2026年一季度报告,https://data.eastmoney.com/notices/detail/300548/AN202604281821695234.html
SZSE:300548,长芯博创,institutional_capital,2026-04-29,长芯博创:长芯博创科技股份有限公司关于2021年股票期权激励计划首次授予第四期条件成就的公告,https://data.eastmoney.com/notices/detail/300548/AN202604281821695241.html
SZSE:300548,长芯博创,institutional_capital,2026-04-29,长芯博创:长芯博创科技股份有限公司董事会薪酬与考核委员会关于2021年股票期权激励计划相关事项的核查意见,https://data.eastmoney.com/notices/detail/300548/AN202604281821695243.html
SZSE:300548,长芯博创,institutional_capital,2026-04-29,长芯博创:长芯博创科技股份有限公司关于收购控股子公司少数股东股份暨与关联方共同投资的公告,https://data.eastmoney.com/notices/detail/300548/AN202604281821695242.html
SZSE:300548,长芯博创,institutional_capital,2026-04-29,长芯博创:国浩律师(北京)事务所关于长芯博创科技股份有限公司2021年股票期权激励计划首次授予第四期条件成就及注销部分股票期权事项的法律意见书,https://data.eastmoney.com/notices/detail/300548/AN202604281821695237.html
SZSE:300548,长芯博创,risk,2026-04-17,长芯博创:长芯博创科技股份有限公司关于终止股权收购意向书的公告,https://data.eastmoney.com/notices/detail/300548/AN202604171821297247.html
SZSE:300548,长芯博创,investor_relations,2026-04-15,长芯博创:长芯博创2025年度业绩说明会,https://data.eastmoney.com/notices/detail/300548/AN202604151821240382.html
SZSE:300548,长芯博创,institutional_capital,2026-04-13,长芯博创:长芯博创科技股份有限公司关于特定股东股份减持完成的公告,https://data.eastmoney.com/notices/detail/300548/AN202604131821157286.html
SZSE:300548,长芯博创,institutional_capital,2026-04-07,长芯博创:长芯博创科技股份有限公司关于持股5%以上股东股份减持完成的公告,https://data.eastmoney.com/notices/detail/300548/AN202604071821047485.html
SZSE:300548,长芯博创,investor_relations,2026-04-07,长芯博创:长芯博创科技股份有限公司关于举办网上2025年度业绩说明会的公告,https://data.eastmoney.com/notices/detail/300548/AN202604071821047479.html
SZSE:300548,长芯博创,earnings,2026-03-28,长芯博创:2025年年度报告摘要,https://data.eastmoney.com/notices/detail/300548/AN202603271820812099.html
SZSE:300548,长芯博创,institutional_capital,2026-03-28,长芯博创:长芯博创科技股份有限公司关于提请股东会授权董事会办理以简易程序向特定对象发行股票的公告,https://data.eastmoney.com/notices/detail/300548/AN202603271820812121.html
SZSE:300548,长芯博创,earnings,2026-03-28,长芯博创:2025年年度报告,https://data.eastmoney.com/notices/detail/300548/AN202603271820812105.html
SZSE:300548,长芯博创,institutional_capital,2026-03-28,长芯博创:国浩律师(北京)事务所关于长芯博创科技股份有限公司2021年股票期权激励计划注销部分股票期权事项的法律意见书,https://data.eastmoney.com/notices/detail/300548/AN202603271820812098.html
SZSE:300548,长芯博创,earnings,2026-03-28,长芯博创:长芯博创科技股份有限公司关于2025年度利润分配预案的公告,https://data.eastmoney.com/notices/detail/300548/AN202603271820812120.html
SZSE:300548,长芯博创,institutional_capital,2026-03-28,长芯博创:长芯博创科技股份有限公司董事会薪酬与考核委员会关于2021年股票期权激励计划注销部分股票期权的核查意见,https://data.eastmoney.com/notices/detail/300548/AN202603271820812110.html
SZSE:300548,长芯博创,institutional_capital,2026-03-18,长芯博创:长芯博创科技股份有限公司关于特定股东减持股份预披露公告,https://data.eastmoney.com/notices/detail/300548/AN202603181820625987.html
SZSE:300548,长芯博创,institutional_capital,2026-02-09,长芯博创:长芯博创科技股份有限公司关于持股5%以上股东股份变动触及1%整数倍的公告,https://data.eastmoney.com/notices/detail/300548/AN202602091819839865.html
SZSE:300548,长芯博创,institutional_capital,2026-02-05,长芯博创:长芯博创科技股份有限公司关于持股5%以上股东终止协议转让的公告,https://data.eastmoney.com/notices/detail/300548/AN202602051819789317.html
SZSE:300548,长芯博创,risk,2026-02-05,长芯博创:长芯博创科技股份有限公司关于持股5%以上股东终止协议转让的公告,https://data.eastmoney.com/notices/detail/300548/AN202602051819789317.html
SZSE:300548,长芯博创,institutional_capital,2026-02-05,长芯博创:长芯博创科技股份有限公司关于持股5%以上股东股份变动触及1%整数倍的公告,https://data.eastmoney.com/notices/detail/300548/AN202602051819789318.html
SZSE:300548,长芯博创,institutional_capital,2026-01-30,长芯博创:长芯博创科技股份有限公司关于高级管理人员减持完成的公告,https://data.eastmoney.com/notices/detail/300548/AN202601301818584292.html
SZSE:300548,长芯博创,institutional_capital,2026-01-27,长芯博创:长芯博创科技股份有限公司关于特定股东股份减持完成的公告,https://data.eastmoney.com/notices/detail/300548/AN202601271818471732.html
SZSE:300548,长芯博创,institutional_capital,2026-01-23,长芯博创:长芯博创科技股份有限公司关于董事及高级管理人员减持完成的公告,https://data.eastmoney.com/notices/detail/300548/AN202601231818335295.html
SZSE:300548,长芯博创,earnings,2026-01-16,长芯博创:长芯博创科技股份有限公司2025年年度业绩预告,https://data.eastmoney.com/notices/detail/300548/AN202601161817859732.html
SZSE:300548,长芯博创,institutional_capital,2026-01-15,长芯博创:北京市中伦律师事务所关于长芯博创科技股份有限公司2026年第一次临时股东会的法律意见书,https://data.eastmoney.com/notices/detail/300548/AN202601151817052105.html
SZSE:300548,长芯博创,institutional_capital,2026-01-15,长芯博创:长芯博创科技股份有限公司2026年第一次临时股东会决议公告,https://data.eastmoney.com/notices/detail/300548/AN202601151817052103.html
SZSE:300548,长芯博创,institutional_capital,2026-01-12,长芯博创:长芯博创科技股份有限公司关于持股5%以上股东减持股份预披露公告,https://data.eastmoney.com/notices/detail/300548/AN202601121816950218.html
SZSE:300548,长芯博创,institutional_capital,2025-12-30,长芯博创:国泰海通证券股份有限公司关于长芯博创科技股份有限公司受托管理控股股东子公司暨关联交易的核查意见,https://data.eastmoney.com/notices/detail/300548/AN202512291810720851.html
SZSE:300548,长芯博创,institutional_capital,2025-12-30,长芯博创:北京市中伦律师事务所关于长芯博创科技股份有限公司2025年第四次临时股东会的法律意见书,https://data.eastmoney.com/notices/detail/300548/AN202512291810720853.html
SZSE:300548,长芯博创,institutional_capital,2025-12-30,长芯博创:长芯博创科技股份有限公司2025年第四次临时股东会决议公告,https://data.eastmoney.com/notices/detail/300548/AN202512291810720850.html
SZSE:300548,长芯博创,institutional_capital,2025-12-30,长芯博创:长芯博创科技股份有限公司关于受托管理控股股东子公司暨关联交易的公告,https://data.eastmoney.com/notices/detail/300548/AN202512291810720849.html
SZSE:300548,长芯博创,institutional_capital,2025-12-30,长芯博创:长芯博创科技股份有限公司关于召开2026年第一次临时股东会的通知,https://data.eastmoney.com/notices/detail/300548/AN202512291810720852.html
SZSE:300548,长芯博创,institutional_capital,2025-12-26,长芯博创:长芯博创科技股份有限公司关于2021年股票期权激励计划首次授予股票期权第三个行权期进展公告,https://data.eastmoney.com/notices/detail/300548/AN202512261808631311.html
SZSE:300548,长芯博创,institutional_capital,2025-12-13,长芯博创:长芯博创科技股份有限公司股东会议事规则,https://data.eastmoney.com/notices/detail/300548/AN202512121799101499.html
SZSE:300548,长芯博创,institutional_capital,2025-12-13,长芯博创:长芯博创科技股份有限公司关于召开2025年第四次临时股东会的通知,https://data.eastmoney.com/notices/detail/300548/AN202512121799101493.html
SZSE:300548,长芯博创,investor_relations,2025-12-13,长芯博创:长芯博创科技股份有限公司投资者关系管理制度,https://data.eastmoney.com/notices/detail/300548/AN202512121799101515.html
SZSE:300548,长芯博创,earnings,2025-12-13,长芯博创:长芯博创科技股份有限公司年报信息披露重大差错责任追究制度,https://data.eastmoney.com/notices/detail/300548/AN202512121799101486.html
SZSE:300548,长芯博创,institutional_capital,2025-12-05,长芯博创:长芯博创科技股份有限公司关于控股股东、实际控制人持股比例被动稀释触及1%整数倍的公告,https://data.eastmoney.com/notices/detail/300548/AN202512051794532560.html
SZSE:300548,长芯博创,institutional_capital,2025-12-02,长芯博创:长芯博创科技股份有限公司关于2024年限制性股票激励计划预留授予部分第一个归属期第一批次归属结果暨股份上市的公告,https://data.eastmoney.com/notices/detail/300548/AN202512021792588126.html
SZSE:300548,长芯博创,institutional_capital,2025-11-20,长芯博创:长芯博创科技股份有限公司关于董事及高级管理人员减持股份预披露公告,https://data.eastmoney.com/notices/detail/300548/AN202511201785039217.html
SZSE:300548,长芯博创,institutional_capital,2025-10-31,长芯博创:长芯博创科技股份有限公司关于特定股东股份减持完成的公告,https://data.eastmoney.com/notices/detail/300548/AN202510311772670955.html
SZSE:300548,长芯博创,institutional_capital,2025-10-30,长芯博创:北京市中伦律师事务所关于长芯博创科技股份有限公司2024年限制性股票激励计划预留授予部分第一个归属期归属条件成就事项的法律意见书,https://data.eastmoney.com/notices/detail/300548/AN202510291771364746.html
SZSE:300548,长芯博创,institutional_capital,2025-10-30,长芯博创:长芯博创科技股份有限公司关于2024年限制性股票激励计划预留授予第一个归属期符合归属条件的公告,https://data.eastmoney.com/notices/detail/300548/AN202510291771364745.html
SZSE:300548,长芯博创,earnings,2025-10-30,长芯博创:2025年三季度报告,https://data.eastmoney.com/notices/detail/300548/AN202510291771364749.html
SZSE:300548,长芯博创,institutional_capital,2025-10-30,长芯博创:长芯博创科技股份公司董事会薪酬与考核委员会关于2024年限制性股票激励计划预留授予部分第一个归属期归属名单的核查意见,https://data.eastmoney.com/notices/detail/300548/AN202510291771363518.html
SZSE:300548,长芯博创,institutional_capital,2025-10-15,长芯博创:长芯博创科技股份有限公司关于2021年股票期权激励计划预留授予股票期权第三个行权期采用自主行权模式的提示性公告,https://data.eastmoney.com/notices/detail/300548/AN202510141762069606.html
SZSE:300548,长芯博创,institutional_capital,2025-09-26,长芯博创:长芯博创科技股份有限公司关于2021年股票期权激励计划预留授予第三期条件成就的公告,https://data.eastmoney.com/notices/detail/300548/AN202509261751083560.html
SZSE:300548,长芯博创,institutional_capital,2025-09-26,长芯博创:长芯博创科技股份有限公司关于特定股东减持股份预披露公告,https://data.eastmoney.com/notices/detail/300548/AN202509261751083570.html
SZSE:300548,长芯博创,institutional_capital,2025-09-26,长芯博创:国浩律师(北京)事务所关于长芯博创科技股份有限公司2021年股票期权激励计划预留授予第三期条件成就及注销部分股票期权事项的法律意见书,https://data.eastmoney.com/notices/detail/300548/AN202509261751083581.html
SZSE:300548,长芯博创,institutional_capital,2025-09-16,长芯博创:北京市中伦律师事务所关于长芯博创科技股份有限公司2025年第三次临时股东会的法律意见书,https://data.eastmoney.com/notices/detail/300548/AN202509161744867713.html
SZSE:300548,长芯博创,institutional_capital,2025-09-16,长芯博创:长芯博创科技股份有限公司2025年第三次临时股东会决议公告,https://data.eastmoney.com/notices/detail/300548/AN202509161744867741.html
SZSE:300548,长芯博创,earnings,2025-08-29,长芯博创:2025年半年度报告摘要,https://data.eastmoney.com/notices/detail/300548/AN202508281736098575.html
SZSE:300548,长芯博创,earnings,2025-08-29,长芯博创:2025年半年度报告,https://data.eastmoney.com/notices/detail/300548/AN202508281736098576.html
SZSE:300548,长芯博创,institutional_capital,2025-08-29,长芯博创:长芯博创科技股份有限公司关于召开2025年第三次临时股东会的通知,https://data.eastmoney.com/notices/detail/300548/AN202508281736098582.html
SZSE:300548,长芯博创,institutional_capital,2025-08-26,长芯博创:长芯博创科技股份有限公司关于持股5%以上股东股份变动触及1%整数倍的公告,https://data.eastmoney.com/notices/detail/300548/AN202508261734898370.html
SZSE:300548,长芯博创,institutional_capital,2025-08-26,长芯博创:长芯博创科技股份有限公司关于持股5%以上股东股份减持完成的公告,https://data.eastmoney.com/notices/detail/300548/AN202508261734898372.html
SZSE:300548,长芯博创,institutional_capital,2025-08-13,长芯博创:长芯博创科技股份有限公司关于持股5%以上股东权益变动触及1%及5%整数倍暨披露简式权益变动报告书的提示性公告,https://data.eastmoney.com/notices/detail/300548/AN202508131726849620.html
SZSE:300548,长芯博创,institutional_capital,2025-07-30,长芯博创:长芯博创科技股份有限公司关于持股5%以上股东减持股份触及1%整数倍的公告,https://data.eastmoney.com/notices/detail/300548/AN202507301718426792.html
SZSE:300548,长芯博创,institutional_capital,2025-07-21,长芯博创:国浩律师(北京)事务所关于长芯博创科技股份有限公司2021年股票期权激励计划调整股票期权行权价格事项的法律意见书,https://data.eastmoney.com/notices/detail/300548/AN202507211713023746.html
SZSE:300548,长芯博创,institutional_capital,2025-07-21,长芯博创:北京市中伦律师事务所关于长芯博创科技科技股份有限公司2024年限制性股票激励计划授予价格调整事项的法律意见书,https://data.eastmoney.com/notices/detail/300548/AN202507211713023743.html
SZSE:300548,长芯博创,institutional_capital,2025-07-15,长芯博创:长芯博创科技股份有限公司关于特定股东股份减持完成的公告,https://data.eastmoney.com/notices/detail/300548/AN202507151709498511.html
SZSE:300548,长芯博创,institutional_capital,2025-07-10,长芯博创:长芯博创科技股份有限公司关于特定股东股份减持完成的公告,https://data.eastmoney.com/notices/detail/300548/AN202507101706428695.html
SZSE:300548,长芯博创,institutional_capital,2025-07-07,长芯博创:长芯博创科技股份有限公司关于持股5%以上股东减持股份预披露公告,https://data.eastmoney.com/notices/detail/300548/AN202507071704682712.html
SZSE:300548,长芯博创,institutional_capital,2025-06-27,博创科技:博创科技股份有限公司2025年第二次临时股东会决议公告,https://data.eastmoney.com/notices/detail/300548/AN202506271698641303.html
SZSE:300548,长芯博创,institutional_capital,2025-06-27,博创科技:北京市中伦律师事务所关于博创科技股份有限公司2025年第二次临时股东会的法律意见书,https://data.eastmoney.com/notices/detail/300548/AN202506271698641302.html
SZSE:300548,长芯博创,institutional_capital,2025-06-16,博创科技:博创科技股份有限公司关于2024年限制性股票激励计划首次授予部分第一个归属期归属结果暨股份上市的公告(回购股份),https://data.eastmoney.com/notices/detail/300548/AN202506161692062236.html
SZSE:300548,长芯博创,capacity_project,2025-06-12,博创科技:国泰海通证券股份有限公司关于博创科技股份有限公司募集资金投资项目结项并将节余资金永久补充流动资金的核查意见,https://data.eastmoney.com/notices/detail/300548/AN202506111688911599.html
SZSE:300548,长芯博创,institutional_capital,2025-06-12,博创科技:博创科技股份有限公司关于召开2025年第二次临时股东会的通知,https://data.eastmoney.com/notices/detail/300548/AN202506111688911608.html
SZSE:300548,长芯博创,capacity_project,2025-06-12,博创科技:博创科技股份有限公司关于募集资金投资项目结项并将其节余资金永久补充流动资金的公告,https://data.eastmoney.com/notices/detail/300548/AN202506111688911607.html
SZSE:300548,长芯博创,institutional_capital,2025-06-10,博创科技:博创科技股份有限公司关于2024年限制性股票激励计划首次授予部分第一个归属期归属结果暨股份上市的公告(新增股份),https://data.eastmoney.com/notices/detail/300548/AN202506091687763027.html
SZSE:300548,长芯博创,institutional_capital,2025-06-06,博创科技:博创科技股份有限公司关于特定股东减持股份预披露公告,https://data.eastmoney.com/notices/detail/300548/AN202506061686016988.html
SZSE:300604,长川科技,institutional_capital,2026-05-19,长川科技:杭州长川科技股份有限公司2025年度股东会决议的公告,https://data.eastmoney.com/notices/detail/300604/AN202605181822409487.html
SZSE:300604,长川科技,institutional_capital,2026-05-19,长川科技:国浩律师(杭州)事务所关于杭州长川科技股份有限公司2025年度股东会之法律意见书,https://data.eastmoney.com/notices/detail/300604/AN202605181822409488.html
SZSE:300604,长川科技,investor_relations,2026-05-13,长川科技:300604长川科技投资者关系管理信息20260513,https://data.eastmoney.com/notices/detail/300604/AN202605131822279165.html
SZSE:300604,长川科技,institutional_capital,2026-04-29,长川科技:杭州长川科技股份有限公司关于公司实际控制人之一致行动人权益变动比例触及1%整数倍暨减持计划实施完毕暨自愿承诺未来12个月内不减持公司股份的公告,https://data.eastmoney.com/notices/detail/300604/AN202604291821768497.html
SZSE:300604,长川科技,earnings,2026-04-25,长川科技:2025年年度报告,https://data.eastmoney.com/notices/detail/300604/AN202604241821567772.html
SZSE:300604,长川科技,earnings,2026-04-25,长川科技:杭州长川科技股份有限公司2025年度利润分配预案的公告,https://data.eastmoney.com/notices/detail/300604/AN202604241821567722.html
SZSE:300604,长川科技,institutional_capital,2026-04-25,长川科技:杭州长川科技股份有限公司关于延长公司2025年度向特定对象发行股票股东会决议有效期及授权有效期的公告,https://data.eastmoney.com/notices/detail/300604/AN202604241821567743.html
SZSE:300604,长川科技,investor_relations,2026-04-25,长川科技:杭州长川科技股份有限公司关于举办网上业绩说明会的公告,https://data.eastmoney.com/notices/detail/300604/AN202604241821567764.html
SZSE:300604,长川科技,earnings,2026-04-25,长川科技:2025年年度报告摘要,https://data.eastmoney.com/notices/detail/300604/AN202604241821567758.html
SZSE:300604,长川科技,earnings,2026-04-25,长川科技:杭州长川科技股份有限公司2026年第一季度报告披露的提示性公告,https://data.eastmoney.com/notices/detail/300604/AN202604241821567713.html
SZSE:300604,长川科技,institutional_capital,2026-04-25,长川科技:杭州长川科技股份有限公司关于召开2025年度股东会通知的公告,https://data.eastmoney.com/notices/detail/300604/AN202604241821567765.html
SZSE:300604,长川科技,earnings,2026-04-25,长川科技:2026年一季度报告,https://data.eastmoney.com/notices/detail/300604/AN202604241821567715.html
SZSE:300604,长川科技,earnings,2026-04-25,长川科技:杭州长川科技股份有限公司2025年年度报告披露的提示性公告,https://data.eastmoney.com/notices/detail/300604/AN202604241821567754.html
SZSE:300604,长川科技,institutional_capital,2026-04-10,长川科技:杭州长川科技股份有限公司关于以公开摘牌方式受让控股子公司少数股东股权暨关联交易的进展公告,https://data.eastmoney.com/notices/detail/300604/AN202604101821120037.html
SZSE:300604,长川科技,institutional_capital,2026-03-26,长川科技:杭州长川科技股份有限公司关于2024年限制性股票激励计划首次授予部分第一个归属期第二批次归属结果暨股份上市的公告,https://data.eastmoney.com/notices/detail/300604/AN202603251820746870.html
SZSE:300604,长川科技,institutional_capital,2026-02-10,长川科技:杭州长川科技股份有限公司关于公司实际控制人之一致行动人拟通过大宗交易减持股份计划的预披露暨自愿承诺自本次减持股份计划完成或到期后未来12个月内不减持公司股份的公告,https://data.eastmoney.com/notices/detail/300604/AN202602091819840765.html
SZSE:300604,长川科技,earnings,2026-01-29,长川科技:杭州长川科技股份有限公司2025年度业绩预告,https://data.eastmoney.com/notices/detail/300604/AN202601281818510322.html
SZSE:300604,长川科技,risk,2026-01-27,长川科技:天健会计师事务所(特殊普通合伙)关于杭州长川科技股份有限公司2025年向特定对象发行股票的问询函专项说明(豁免版),https://data.eastmoney.com/notices/detail/300604/AN202601261818432807.html
SZSE:300604,长川科技,risk,2026-01-27,长川科技:关于杭州长川科技股份有限公司申请向特定对象发行股票的审核问询函的回复(修订稿)(豁免版),https://data.eastmoney.com/notices/detail/300604/AN202601261818432808.html
SZSE:300604,长川科技,risk,2026-01-27,长川科技:杭州长川科技股份有限公司关于向特定对象发行股票的审核问询函回复及募集说明书等申请文件更新的提示性公告,https://data.eastmoney.com/notices/detail/300604/AN202601261818432801.html
SZSE:300604,长川科技,institutional_capital,2026-01-13,长川科技:杭州长川科技股份有限公司关于持股5%以上股东、部分董事权益变动触及1%整数倍且持股比例降至5%以下、减持计划实施完成暨披露简式权益变动报告书的提示性公告,https://data.eastmoney.com/notices/detail/300604/AN202601131816987594.html
SZSE:300604,长川科技,institutional_capital,2026-01-13,长川科技:杭州长川科技股份有限公司关于公司实际控制人之一致行动人减持计划实施完毕的公告,https://data.eastmoney.com/notices/detail/300604/AN202601131816987592.html
SZSE:300604,长川科技,institutional_capital,2026-01-09,长川科技:国浩律师(杭州)事务所关于杭州长川科技股份有限公司2026年第一次临时股东会之法律意见书,https://data.eastmoney.com/notices/detail/300604/AN202601091816886050.html
SZSE:300604,长川科技,institutional_capital,2026-01-09,长川科技:杭州长川科技股份有限公司2026年第一次临时股东会决议的公告,https://data.eastmoney.com/notices/detail/300604/AN202601091816886047.html
SZSE:300604,长川科技,institutional_capital,2026-01-06,长川科技:杭州长川科技股份有限公司关于控股股东、实际控制人及其一致行动人合计持股比例触及5%整数倍暨权益变动的提示性公告,https://data.eastmoney.com/notices/detail/300604/AN202601051815492319.html
SZSE:300604,长川科技,institutional_capital,2025-12-31,长川科技:杭州长川科技股份有限公司2025年第三次临时股东大会决议的公告,https://data.eastmoney.com/notices/detail/300604/AN202512311812177067.html
SZSE:300604,长川科技,capacity_project,2025-12-31,长川科技:杭州长川科技股份有限公司关于募投项目募集资金使用完毕及注销募集资金账户的公告,https://data.eastmoney.com/notices/detail/300604/AN202512311812176135.html
SZSE:300604,长川科技,institutional_capital,2025-12-31,长川科技:国浩律师(杭州)事务所关于杭州长川科技股份有限公司2025年第三次临时股东大会之法律意见书(2),https://data.eastmoney.com/notices/detail/300604/AN202512311812176137.html
SZSE:300604,长川科技,institutional_capital,2025-12-25,长川科技:杭州长川科技股份有限公司关于召开2026年第一次临时股东会通知的公告,https://data.eastmoney.com/notices/detail/300604/AN202512241807288526.html
SZSE:300604,长川科技,institutional_capital,2025-12-16,长川科技:杭州长川科技股份有限公司关于拟以公开摘牌方式受让控股子公司少数股东股权暨关联交易的公告,https://data.eastmoney.com/notices/detail/300604/AN202512151801146079.html
SZSE:300604,长川科技,institutional_capital,2025-12-16,长川科技:杭州长川科技股份有限公司股东会议事规则(2025年12月),https://data.eastmoney.com/notices/detail/300604/AN202512151801146083.html
SZSE:300604,长川科技,investor_relations,2025-12-16,长川科技:杭州长川科技股份有限公司媒体采访接待管理制度(2025年12月),https://data.eastmoney.com/notices/detail/300604/AN202512151801146101.html
SZSE:300604,长川科技,institutional_capital,2025-12-16,长川科技:杭州长川科技股份有限公司关于召开2025年第三次临时股东大会通知的公告,https://data.eastmoney.com/notices/detail/300604/AN202512151801146128.html
SZSE:300604,长川科技,institutional_capital,2025-12-16,长川科技:未来三年(2025-2027年)股东回报规划(修订稿),https://data.eastmoney.com/notices/detail/300604/AN202512151801146111.html
SZSE:300604,长川科技,institutional_capital,2025-11-28,长川科技:杭州长川科技股份有限公司关于公司实际控制人之一致行动人及持股5%以上股东、部分董事减持股份计划的预披露公告,https://data.eastmoney.com/notices/detail/300604/AN202511281790107687.html
SZSE:300604,长川科技,risk,2025-11-28,长川科技:杭州长川科技股份有限公司关于向特定对象发行股票的审核问询函回复及募集说明书等申请文件更新的提示性公告,https://data.eastmoney.com/notices/detail/300604/AN202511271789438498.html
SZSE:300604,长川科技,risk,2025-11-28,长川科技:天健会计师事务所(特殊普通合伙)关于杭州长川科技股份有限公司2025年向特定对象发行股票的问询函专项说明(豁免版),https://data.eastmoney.com/notices/detail/300604/AN202511271789438502.html
SZSE:300604,长川科技,risk,2025-11-28,长川科技:关于杭州长川科技股份有限公司申请向特定对象发行股票的审核问询函的回复(豁免版),https://data.eastmoney.com/notices/detail/300604/AN202511271789438496.html
SZSE:300604,长川科技,institutional_capital,2025-11-07,长川科技:杭州长川科技股份有限公司关于2022年限制性股票激励计划首次授予部分第三个归属期及2024年限制性股票激励计划首次授予部分第一个归属期第一批次归属结果暨股份上市的公告,https://data.eastmoney.com/notices/detail/300604/AN202511061776298553.html
SZSE:300604,长川科技,earnings,2025-10-30,长川科技:杭州长川科技股份有限公司2025年第三季度报告披露的提示性公告,https://data.eastmoney.com/notices/detail/300604/AN202510291771378676.html
SZSE:300604,长川科技,earnings,2025-10-30,长川科技:2025年三季度报告,https://data.eastmoney.com/notices/detail/300604/AN202510291771378667.html
SZSE:300604,长川科技,institutional_capital,2025-09-26,长川科技:杭州长川科技股份有限公司2025年第二次临时股东大会决议的公告,https://data.eastmoney.com/notices/detail/300604/AN202509251750439536.html
SZSE:300604,长川科技,institutional_capital,2025-09-26,长川科技:国浩律师(杭州)事务所关于杭州长川科技股份有限公司2025年第二次临时股东大会之法律意见书,https://data.eastmoney.com/notices/detail/300604/AN202509251750439537.html
SZSE:300604,长川科技,institutional_capital,2025-09-25,长川科技:杭州长川科技股份有限公司关于实际控制人股份解除质押的公告,https://data.eastmoney.com/notices/detail/300604/AN202509241749831009.html
SZSE:300604,长川科技,institutional_capital,2025-09-25,长川科技:杭州长川科技股份有限公司关于公司实际控制人之一致行动人、持股5%以上股东权益变动比例触及1%整数倍暨减持计划实施完毕的公告,https://data.eastmoney.com/notices/detail/300604/AN202509241749830993.html
SZSE:300604,长川科技,earnings,2025-09-23,长川科技:杭州长川科技股份有限公司2025年前三季度业绩预告,https://data.eastmoney.com/notices/detail/300604/AN202509221748571474.html
SZSE:300604,长川科技,institutional_capital,2025-09-09,长川科技:国浩律师(杭州)事务所关于杭州长川科技股份有限公司2022年限制性股票激励计划调整授予价格、首次授予部分第三个归属期符合归属条件及作废部分限制性股票的法律意见书,https://data.eastmoney.com/notices/detail/300604/AN202509081740414392.html
SZSE:300604,长川科技,institutional_capital,2025-09-09,长川科技:杭州长川科技股份有限公司2022年限制性股票激励计划首次授予部分第三个归属期符合归属条件的公告,https://data.eastmoney.com/notices/detail/300604/AN202509081740414395.html
SZSE:300604,长川科技,institutional_capital,2025-09-09,长川科技:杭州长川科技股份有限公司关于调整2022年限制性股票激励计划授予价格的公告,https://data.eastmoney.com/notices/detail/300604/AN202509081740414393.html
SZSE:300604,长川科技,institutional_capital,2025-09-09,长川科技:杭州长川科技股份有限公司关于作废2024年限制性股票激励计划部分已授予尚未归属的限制性股票的公告,https://data.eastmoney.com/notices/detail/300604/AN202509081740414399.html
SZSE:300604,长川科技,institutional_capital,2025-09-09,长川科技:杭州长川科技股份有限公司监事会关于2022年限制性股票激励计划首次授予部分第三个归属期及2024年限制性股票激励计划首次授予部分第一个归属期归属名单的核查意见,https://data.eastmoney.com/notices/detail/300604/AN202509081740414391.html
SZSE:300604,长川科技,institutional_capital,2025-09-09,长川科技:杭州长川科技股份有限公司关于作废2022年限制性股票激励计划部分限制性股票的公告,https://data.eastmoney.com/notices/detail/300604/AN202509081740414389.html
SZSE:300604,长川科技,institutional_capital,2025-09-09,长川科技:杭州长川科技股份有限公司2024年限制性股票激励计划首次授予部分第一个归属期符合归属条件的公告,https://data.eastmoney.com/notices/detail/300604/AN202509081740414388.html
SZSE:300604,长川科技,institutional_capital,2025-09-09,长川科技:杭州长川科技股份有限公司董事会薪酬与考核委员会关于2022年限制性股票激励计划首次授予部分第三个归属期及2024年限制性股票激励计划首次授予部分第一个归属期归属名单的核查意见,https://data.eastmoney.com/notices/detail/300604/AN202509081740414396.html
SZSE:300604,长川科技,institutional_capital,2025-09-09,长川科技:杭州长川科技股份有限公司关于收购控股子公司科为升视觉技术(苏州)有限公司少数股东股权的公告,https://data.eastmoney.com/notices/detail/300604/AN202509081740414400.html
SZSE:300604,长川科技,institutional_capital,2025-09-09,长川科技:国浩律师(杭州)事务所关于杭州长川科技股份有限公司2024年限制性股票激励计划调整授予价格、首次授予部分第一个归属期符合归属条件及作废部分限制性股票的法律意见书,https://data.eastmoney.com/notices/detail/300604/AN202509081740414404.html
SZSE:300604,长川科技,institutional_capital,2025-09-09,长川科技:杭州长川科技股份有限公司关于拟以控股子公司股权质押向银行申请并购贷款的公告,https://data.eastmoney.com/notices/detail/300604/AN202509081740414390.html
SZSE:300604,长川科技,institutional_capital,2025-09-09,长川科技:杭州长川科技股份有限公司关于召开2025年第二次临时股东大会通知的公告,https://data.eastmoney.com/notices/detail/300604/AN202509081740414387.html
SZSE:300604,长川科技,institutional_capital,2025-09-09,长川科技:杭州长川科技股份有限公司关于调整2024年限制性股票激励计划授予价格的公告,https://data.eastmoney.com/notices/detail/300604/AN202509081740414398.html
SZSE:300604,长川科技,risk,2025-08-28,长川科技:杭州长川科技股份有限公司关于公司实际控制人所控制的合伙企业终止协议转让部分公司股份暨终止权益变动的公告,https://data.eastmoney.com/notices/detail/300604/AN202508271735513742.html
SZSE:300604,长川科技,institutional_capital,2025-08-15,长川科技:杭州长川科技股份有限公司关于公司高级管理人员减持股份计划完成的公告,https://data.eastmoney.com/notices/detail/300604/AN202508151728140288.html
SZSE:300604,长川科技,earnings,2025-07-22,长川科技:2025年半年度报告摘要,https://data.eastmoney.com/notices/detail/300604/AN202507211713127698.html
SZSE:300604,长川科技,institutional_capital,2025-07-22,长川科技:杭州长川科技股份有限公司关于公司实际控制人之一致行动人、持股5%以上股东及高级管理人员减持股份计划的预披露公告,https://data.eastmoney.com/notices/detail/300604/AN202507211713127701.html
SZSE:300604,长川科技,earnings,2025-07-22,长川科技:2025年半年度报告披露的提示性公告,https://data.eastmoney.com/notices/detail/300604/AN202507211713127707.html
SZSE:300604,长川科技,earnings,2025-07-22,长川科技:2025年半年度报告,https://data.eastmoney.com/notices/detail/300604/AN202507211713127705.html
SZSE:300604,长川科技,institutional_capital,2025-07-11,长川科技:国浩律师(杭州)事务所关于杭州长川科技股份有限公司2025年第一次临时股东大会之法律意见书,https://data.eastmoney.com/notices/detail/300604/AN202507101706477038.html
SZSE:300604,长川科技,institutional_capital,2025-07-11,长川科技:杭州长川科技股份有限公司2025年第一次临时股东大会决议的公告,https://data.eastmoney.com/notices/detail/300604/AN202507101706477037.html
SZSE:300604,长川科技,earnings,2025-06-26,长川科技:杭州长川科技股份有限公司2025年半年度业绩预告,https://data.eastmoney.com/notices/detail/300604/AN202506251697453553.html
SZSE:300604,长川科技,risk,2025-06-25,长川科技:杭州长川科技股份有限公司关于最近五年被证券监管部门和交易所采取监管措施或处罚情况及整改措施的公告,https://data.eastmoney.com/notices/detail/300604/AN202506241696854526.html
SZSE:300604,长川科技,institutional_capital,2025-06-25,长川科技:杭州长川科技股份有限公司未来三年(2025-2027年)股东回报规划,https://data.eastmoney.com/notices/detail/300604/AN202506241696854529.html
SZSE:300604,长川科技,institutional_capital,2025-06-25,长川科技:杭州长川科技股份有限公司关于召开2025年第一次临时股东大会通知的公告,https://data.eastmoney.com/notices/detail/300604/AN202506241696854523.html
SZSE:300604,长川科技,institutional_capital,2025-06-05,长川科技:杭州长川科技股份有限公司关于以控股子公司股权质押向银行申请并购贷款的公告,https://data.eastmoney.com/notices/detail/300604/AN202506041684770708.html
SZSE:300857,协创数据,institutional_capital,2026-05-30,协创数据:关于召开2026年第五次临时股东会的通知,https://data.eastmoney.com/notices/detail/300857/AN202605291823024939.html
SZSE:300857,协创数据,institutional_capital,2026-05-21,协创数据:关于2023年限制性股票激励计划首次授予部分第三个归属期及预留授予部分第二个归属期归属结果暨股份上市的公告,https://data.eastmoney.com/notices/detail/300857/AN202605211822652404.html
SZSE:300857,协创数据,institutional_capital,2026-05-15,协创数据:关于部分董事、高级管理人员股份减持计划完成及部分董事提前终止减持计划的公告,https://data.eastmoney.com/notices/detail/300857/AN202605151822353613.html
SZSE:300857,协创数据,risk,2026-05-15,协创数据:关于部分董事、高级管理人员股份减持计划完成及部分董事提前终止减持计划的公告,https://data.eastmoney.com/notices/detail/300857/AN202605151822353613.html
SZSE:300857,协创数据,institutional_capital,2026-05-12,协创数据:关于控股股东部分股份解除质押的公告,https://data.eastmoney.com/notices/detail/300857/AN202605121822220885.html
SZSE:300857,协创数据,institutional_capital,2026-04-28,协创数据:2026年第四次临时股东会决议公告,https://data.eastmoney.com/notices/detail/300857/AN202604281821691960.html
SZSE:300857,协创数据,institutional_capital,2026-04-28,协创数据:广东信达律师事务所关于协创数据技术股份有限公司2026年第四次临时股东会的法律意见书,https://data.eastmoney.com/notices/detail/300857/AN202604281821691959.html
SZSE:300857,协创数据,earnings,2026-04-28,协创数据:2026年一季度报告,https://data.eastmoney.com/notices/detail/300857/AN202604271821627890.html
SZSE:300857,协创数据,earnings,2026-04-28,协创数据:关于2026年第一季度报告披露的提示性公告,https://data.eastmoney.com/notices/detail/300857/AN202604271821627581.html
SZSE:300857,协创数据,institutional_capital,2026-04-24,协创数据:国金证券股份有限公司关于协创数据技术股份有限公司股东向特定机构投资者询价转让股份的核查报告,https://data.eastmoney.com/notices/detail/300857/AN202604241821559017.html
SZSE:300857,协创数据,institutional_capital,2026-04-24,协创数据:关于股东询价转让结果报告书暨持股5%以上股东权益变动触及5%整数倍的提示性公告,https://data.eastmoney.com/notices/detail/300857/AN202604241821559018.html
SZSE:300857,协创数据,institutional_capital,2026-04-20,协创数据:股东询价转让定价情况的提示性公告,https://data.eastmoney.com/notices/detail/300857/AN202604201821346134.html
SZSE:300857,协创数据,institutional_capital,2026-04-17,协创数据:股东询价转让计划书,https://data.eastmoney.com/notices/detail/300857/AN202604171821307140.html
SZSE:300857,协创数据,institutional_capital,2026-04-17,协创数据:关于持股5%以上股东为公司及子公司提供资金支持暨关联交易的公告,https://data.eastmoney.com/notices/detail/300857/AN202604171821307134.html
SZSE:300857,协创数据,institutional_capital,2026-04-17,协创数据:关于2026年第四次临时股东会增加临时议案暨股东会补充通知的公告,https://data.eastmoney.com/notices/detail/300857/AN202604171821307135.html
SZSE:300857,协创数据,institutional_capital,2026-04-17,协创数据:关于部分董事、高级管理人员股份减持计划的预披露公告,https://data.eastmoney.com/notices/detail/300857/AN202604171821307136.html
SZSE:300857,协创数据,institutional_capital,2026-04-17,协创数据:国金证券股份有限公司关于协创数据技术股份有限公司股东向特定机构投资者询价转让股份相关资格的核查意见,https://data.eastmoney.com/notices/detail/300857/AN202604171821307137.html
SZSE:300857,协创数据,institutional_capital,2026-04-17,协创数据:上海君澜律师事务所关于协创数据技术股份有限公司调整2023年限制性股票激励计划授予价格及数量之法律意见书,https://data.eastmoney.com/notices/detail/300857/AN202604171821307133.html
SZSE:300857,协创数据,institutional_capital,2026-04-17,协创数据:关于调整2023年限制性股票激励计划授予价格及授予数量的公告,https://data.eastmoney.com/notices/detail/300857/AN202604171821307138.html
SZSE:300857,协创数据,investor_relations,2026-04-17,协创数据:2026年4月16日投资者关系活动记录表,https://data.eastmoney.com/notices/detail/300857/AN202604171821277680.html
SZSE:300857,协创数据,earnings,2026-04-13,协创数据:2026第一季度业绩预告,https://data.eastmoney.com/notices/detail/300857/AN202604131821160157.html
SZSE:300857,协创数据,institutional_capital,2026-04-11,协创数据:薪酬与考核委员会关于公司2023年限制性股票激励计划首次授予部分第三个归属期及预留授予部分第二个归属期归属名单的核查意见,https://data.eastmoney.com/notices/detail/300857/AN202604101821126608.html
SZSE:300857,协创数据,institutional_capital,2026-04-11,协创数据:关于2023年限制性股票激励计划首次授予部分第三个归属期及预留授予部分第二个归属期归属条件成就的公告,https://data.eastmoney.com/notices/detail/300857/AN202604101821126606.html
SZSE:300857,协创数据,institutional_capital,2026-04-11,协创数据:东方财富证券股份有限公司关于协创数据技术股份有限公司2023年限制性股票激励计划首次授予部分第三个归属期及预留授予部分第二个归属期归属相关事项之独立财务顾问报告,https://data.eastmoney.com/notices/detail/300857/AN202604101821126609.html
SZSE:300857,协创数据,institutional_capital,2026-04-11,协创数据:上海君澜律师事务所关于协创数据技术股份有限公司2023年限制性股票激励计划首次授予部分第三个归属期及预留授予部分第二个归属期条件成就相关事项之法律意见书,https://data.eastmoney.com/notices/detail/300857/AN202604101821126607.html
SZSE:300857,协创数据,institutional_capital,2026-04-11,协创数据:关于召开2026年第四次临时股东会的通知,https://data.eastmoney.com/notices/detail/300857/AN202604101821126600.html
SZSE:300857,协创数据,institutional_capital,2026-04-11,协创数据:关于调整向关联股东借款相关事项暨关联交易的公告,https://data.eastmoney.com/notices/detail/300857/AN202604101821126603.html
SZSE:300857,协创数据,investor_relations,2026-04-09,协创数据:关于参加深圳证券交易所强赋能树标杆·打造湾区智造新高地2025年度集体业绩说明会的公告,https://data.eastmoney.com/notices/detail/300857/AN202604091821097166.html
SZSE:300857,协创数据,institutional_capital,2026-04-08,协创数据:广东信达律师事务所关于协创数据技术股份有限公司2025年度股东会的法律意见书,https://data.eastmoney.com/notices/detail/300857/AN202604081821069163.html
SZSE:300857,协创数据,institutional_capital,2026-04-08,协创数据:2025年度股东会决议公告,https://data.eastmoney.com/notices/detail/300857/AN202604081821069162.html
SZSE:300857,协创数据,institutional_capital,2026-04-03,协创数据:关于召开2025年度股东会的提示性公告,https://data.eastmoney.com/notices/detail/300857/AN202604031821011948.html
SZSE:300857,协创数据,institutional_capital,2026-03-25,协创数据:关于控股股东部分股份质押及解除质押的公告,https://data.eastmoney.com/notices/detail/300857/AN202603251820744558.html
SZSE:300857,协创数据,investor_relations,2026-03-25,协创数据:2026年03月24日投资者关系活动记录表（2025年度业绩说明会）,https://data.eastmoney.com/notices/detail/300857/AN202603251820738485.html
SZSE:300857,协创数据,institutional_capital,2026-03-17,协创数据:关于召开2025年度股东会的通知,https://data.eastmoney.com/notices/detail/300857/AN202603161820584693.html
SZSE:300857,协创数据,earnings,2026-03-17,协创数据:2025年年度报告,https://data.eastmoney.com/notices/detail/300857/AN202603161820584715.html
SZSE:300857,协创数据,earnings,2026-03-17,协创数据:2025年年度报告摘要,https://data.eastmoney.com/notices/detail/300857/AN202603161820584669.html
SZSE:300857,协创数据,earnings,2026-03-17,协创数据:关于公司2025年度利润分配及资本公积转增股本方案的公告,https://data.eastmoney.com/notices/detail/300857/AN202603161820584690.html
SZSE:300857,协创数据,investor_relations,2026-03-17,协创数据:关于举行2025年度业绩说明会的公告,https://data.eastmoney.com/notices/detail/300857/AN202603161820584711.html
SZSE:300857,协创数据,earnings,2026-03-17,协创数据:关于2025年年度报告披露的提示性公告,https://data.eastmoney.com/notices/detail/300857/AN202603161820584687.html
SZSE:300857,协创数据,institutional_capital,2026-03-17,协创数据:关于提请股东会授权董事会办理小额快速融资相关事宜的公告,https://data.eastmoney.com/notices/detail/300857/AN202603161820584727.html
SZSE:300857,协创数据,institutional_capital,2026-03-06,协创数据:关于控股股东部分股份解除质押的公告,https://data.eastmoney.com/notices/detail/300857/AN202603061820341586.html
SZSE:300857,协创数据,institutional_capital,2026-03-03,协创数据:关于控股股东部分股份解除质押的公告,https://data.eastmoney.com/notices/detail/300857/AN202603031820232863.html
SZSE:300857,协创数据,institutional_capital,2026-03-02,协创数据:广东信达律师事务所关于协创数据技术股份有限公司2026年第三次临时股东会的法律意见书,https://data.eastmoney.com/notices/detail/300857/AN202603021820193040.html
SZSE:300857,协创数据,institutional_capital,2026-03-02,协创数据:2026年第三次临时股东会决议公告,https://data.eastmoney.com/notices/detail/300857/AN202603021820193039.html
SZSE:300857,协创数据,institutional_capital,2026-02-13,协创数据:2026年第二次临时股东会决议公告,https://data.eastmoney.com/notices/detail/300857/AN202602121819905675.html
SZSE:300857,协创数据,institutional_capital,2026-02-13,协创数据:广东信达律师事务所关于协创数据技术股份有限公司2026年第二次临时股东会的法律意见书,https://data.eastmoney.com/notices/detail/300857/AN202602121819905672.html
SZSE:300857,协创数据,institutional_capital,2026-02-13,协创数据:关于召开2026年第三次临时股东会的通知,https://data.eastmoney.com/notices/detail/300857/AN202602121819904176.html
SZSE:300857,协创数据,institutional_capital,2026-02-13,协创数据:关于作废2023年限制性股票激励计划部分已授予尚未归属的限制性股票的公告,https://data.eastmoney.com/notices/detail/300857/AN202602121819904158.html
SZSE:300857,协创数据,institutional_capital,2026-02-13,协创数据:上海君澜律师事务所关于协创数据技术股份有限公司2023年限制性股票激励计划作废部分已授予尚未归属的限制性股票相关事项之法律意见书,https://data.eastmoney.com/notices/detail/300857/AN202602121819904169.html
SZSE:300857,协创数据,institutional_capital,2026-01-30,协创数据:关于控股股东部分股份解除质押的公告,https://data.eastmoney.com/notices/detail/300857/AN202601301818580557.html
SZSE:300857,协创数据,earnings,2026-01-29,协创数据:2025年度业绩预告,https://data.eastmoney.com/notices/detail/300857/AN202601281818506653.html
SZSE:300857,协创数据,institutional_capital,2026-01-28,协创数据:关于召开2026年第二次临时股东会的通知,https://data.eastmoney.com/notices/detail/300857/AN202601281818496564.html
SZSE:300857,协创数据,institutional_capital,2026-01-28,协创数据:关于控股股东为公司及子公司提供借款暨关联交易的公告,https://data.eastmoney.com/notices/detail/300857/AN202601281818496565.html
SZSE:300857,协创数据,institutional_capital,2026-01-12,协创数据:关于控股股东部分股份质押的公告,https://data.eastmoney.com/notices/detail/300857/AN202601121816944444.html
SZSE:300857,协创数据,institutional_capital,2026-01-08,协创数据:关于控股股东部分股份质押及解除质押的公告,https://data.eastmoney.com/notices/detail/300857/AN202601081816852604.html
SZSE:300857,协创数据,institutional_capital,2026-01-05,协创数据:2026年第一次临时股东会决议公告,https://data.eastmoney.com/notices/detail/300857/AN202601051815450572.html
SZSE:300857,协创数据,institutional_capital,2026-01-05,协创数据:广东信达律师事务所关于协创数据技术股份有限公司2026年第一次临时股东会的法律意见书,https://data.eastmoney.com/notices/detail/300857/AN202601051815450581.html
SZSE:300857,协创数据,capacity_project,2025-12-17,协创数据:关于签署《光芯片、光模块研发和生产建设项目合作协议书》的自愿性披露公告,https://data.eastmoney.com/notices/detail/300857/AN202512171802445130.html
SZSE:300857,协创数据,product_cycle,2025-12-17,协创数据:关于签署《光芯片、光模块研发和生产建设项目合作协议书》的自愿性披露公告,https://data.eastmoney.com/notices/detail/300857/AN202512171802445130.html
SZSE:300857,协创数据,investor_relations,2025-12-17,协创数据:2025年12月16日投资者关系活动记录表,https://data.eastmoney.com/notices/detail/300857/AN202512171802320632.html
SZSE:300857,协创数据,institutional_capital,2025-12-17,协创数据:天风证券股份有限公司关于协创数据技术股份有限公司控股股东为公司及子公司提供借款暨关联交易的核查意见,https://data.eastmoney.com/notices/detail/300857/AN202512161801755790.html
SZSE:300857,协创数据,institutional_capital,2025-12-17,协创数据:关于控股股东为公司及子公司提供借款暨关联交易的公告,https://data.eastmoney.com/notices/detail/300857/AN202512161801755804.html
SZSE:300857,协创数据,institutional_capital,2025-12-17,协创数据:关于召开2026年第一次临时股东会的通知,https://data.eastmoney.com/notices/detail/300857/AN202512161801755809.html
SZSE:300857,协创数据,order_contract,2025-12-16,协创数据:关于签署《战略合作框架协议》的自愿性披露公告,https://data.eastmoney.com/notices/detail/300857/AN202512161801819508.html
SZSE:300857,协创数据,institutional_capital,2025-11-26,协创数据:广东信达律师事务所关于协创数据技术股份有限公司2025年第九次临时股东会的法律意见书,https://data.eastmoney.com/notices/detail/300857/AN202511261788756637.html
SZSE:300857,协创数据,institutional_capital,2025-11-26,协创数据:2025年第九次临时股东会决议公告,https://data.eastmoney.com/notices/detail/300857/AN202511261788756634.html
SZSE:300857,协创数据,investor_relations,2025-11-20,协创数据:2025年11月20日投资者关系活动记录表,https://data.eastmoney.com/notices/detail/300857/AN202511211785375272.html
SZSE:300857,协创数据,investor_relations,2025-11-13,协创数据:关于参加2025年度深圳辖区上市公司投资者网上集体接待日活动的公告,https://data.eastmoney.com/notices/detail/300857/AN202511131780625816.html
SZSE:300857,协创数据,institutional_capital,2025-11-11,协创数据:关于召开2025年第九次临时股东会的通知,https://data.eastmoney.com/notices/detail/300857/AN202511101778762559.html
SZSE:300857,协创数据,institutional_capital,2025-11-06,协创数据:广东信达律师事务所关于协创数据技术股份有限公司2025年第八次临时股东会的法律意见书,https://data.eastmoney.com/notices/detail/300857/AN202511061776275028.html
SZSE:300857,协创数据,institutional_capital,2025-11-06,协创数据:2025年第八次临时股东会决议公告,https://data.eastmoney.com/notices/detail/300857/AN202511061776275031.html
SZSE:300857,协创数据,investor_relations,2025-11-03,协创数据:2025年11月2日投资者关系活动记录表,https://data.eastmoney.com/notices/detail/300857/AN202511031773985550.html
SZSE:300857,协创数据,earnings,2025-10-30,协创数据:关于2025年第三季度报告披露的提示性公告,https://data.eastmoney.com/notices/detail/300857/AN202510291771399349.html
SZSE:300857,协创数据,earnings,2025-10-30,协创数据:2025年三季度报告,https://data.eastmoney.com/notices/detail/300857/AN202510291771399352.html
SZSE:300857,协创数据,institutional_capital,2025-10-22,协创数据:关于召开2025年第八次临时股东会的通知,https://data.eastmoney.com/notices/detail/300857/AN202510211766375981.html
SZSE:300857,协创数据,capacity_project,2025-10-17,协创数据:关于变更部分募投项目实施地点的进展公告,https://data.eastmoney.com/notices/detail/300857/AN202510171763915747.html
SZSE:300857,协创数据,institutional_capital,2025-10-13,协创数据:广东信达律师事务所关于协创数据技术股份有限公司2025年第七次临时股东会的法律意见书,https://data.eastmoney.com/notices/detail/300857/AN202510131761445912.html
SZSE:300857,协创数据,institutional_capital,2025-10-13,协创数据:2025年第七次临时股东会决议公告,https://data.eastmoney.com/notices/detail/300857/AN202510131761445916.html
SZSE:300857,协创数据,institutional_capital,2025-09-26,协创数据:关于召开2025年第七次临时股东会的通知,https://data.eastmoney.com/notices/detail/300857/AN202509251750478307.html
SZSE:300857,协创数据,capacity_project,2025-09-26,协创数据:关于变更部分募投项目实施地点的公告,https://data.eastmoney.com/notices/detail/300857/AN202509251750478309.html
SZSE:300857,协创数据,institutional_capital,2025-09-26,协创数据:股东会议事规则(草案)(H股发行并上市后适用),https://data.eastmoney.com/notices/detail/300857/AN202509251750478314.html
SZSE:300857,协创数据,capacity_project,2025-09-26,协创数据:天风证券股份有限公司关于协创数据技术股份有限公司变更部分募投项目实施地点的核查意见,https://data.eastmoney.com/notices/detail/300857/AN202509251750478316.html
SZSE:300857,协创数据,institutional_capital,2025-09-15,协创数据:2025年第六次临时股东会决议公告,https://data.eastmoney.com/notices/detail/300857/AN202509151744302717.html
SZSE:300857,协创数据,institutional_capital,2025-09-15,协创数据:广东信达律师事务所关于协创数据技术股份有限公司2025年第六次临时股东会的法律意见书,https://data.eastmoney.com/notices/detail/300857/AN202509151744302737.html
SZSE:300857,协创数据,institutional_capital,2025-09-12,协创数据:关于持股5%以上股东之一致行动人减持股份触及1%整数倍的公告,https://data.eastmoney.com/notices/detail/300857/AN202509121742457541.html
SZSE:300857,协创数据,institutional_capital,2025-09-01,协创数据:广东信达律师事务所关于协创数据技术股份有限公司2025年第五次临时股东会的法律意见书,https://data.eastmoney.com/notices/detail/300857/AN202509011737726805.html
SZSE:300857,协创数据,institutional_capital,2025-09-01,协创数据:2025年第五次临时股东会决议公告,https://data.eastmoney.com/notices/detail/300857/AN202509011737726804.html
SZSE:300857,协创数据,earnings,2025-08-29,协创数据:2025年半年度报告摘要,https://data.eastmoney.com/notices/detail/300857/AN202508281736105641.html
SZSE:300857,协创数据,earnings,2025-08-29,协创数据:2025年半年度报告,https://data.eastmoney.com/notices/detail/300857/AN202508281736105591.html
SZSE:300857,协创数据,institutional_capital,2025-08-29,协创数据:关于召开2025年第六次临时股东会的通知,https://data.eastmoney.com/notices/detail/300857/AN202508281736105599.html
SZSE:300857,协创数据,earnings,2025-08-29,协创数据:关于2025年半年度报告披露的提示性公告,https://data.eastmoney.com/notices/detail/300857/AN202508281736105368.html
SZSE:300857,协创数据,institutional_capital,2025-08-16,协创数据:关于召开2025年第五次临时股东会的通知,https://data.eastmoney.com/notices/detail/300857/AN202508151728080551.html
SZSE:300857,协创数据,earnings,2025-08-11,协创数据:2025年半年度报告业绩快报,https://data.eastmoney.com/notices/detail/300857/AN202508111725578455.html
SZSE:300857,协创数据,institutional_capital,2025-07-30,协创数据:关于2023年限制性股票激励计划首次授予部分第二个归属期及预留授予部分第一个归属期归属结果暨股份上市的公告,https://data.eastmoney.com/notices/detail/300857/AN202507301718390590.html
SZSE:300857,协创数据,institutional_capital,2025-07-24,协创数据:关于部分董事、高级管理人员股份减持计划完成及前高级管理人员提前终止减持计划的公告,https://data.eastmoney.com/notices/detail/300857/AN202507241714849370.html
SZSE:300857,协创数据,risk,2025-07-24,协创数据:关于部分董事、高级管理人员股份减持计划完成及前高级管理人员提前终止减持计划的公告,https://data.eastmoney.com/notices/detail/300857/AN202507241714849370.html
SZSE:300857,协创数据,institutional_capital,2025-06-30,协创数据:2025年第四次临时股东会决议公告,https://data.eastmoney.com/notices/detail/300857/AN202506301700463147.html
SZSE:300857,协创数据,institutional_capital,2025-06-30,协创数据:广东信达律师事务所关于协创数据技术股份有限公司2025年第四次临时股东会的法律意见书,https://data.eastmoney.com/notices/detail/300857/AN202506301700463150.html
SZSE:300857,协创数据,investor_relations,2025-06-19,协创数据:2025年6月19日投资者关系活动记录表,https://data.eastmoney.com/notices/detail/300857/AN202506191693980767.html
SZSE:300857,协创数据,capacity_project,2025-06-13,协创数据:关于部分募投项目延期的公告,https://data.eastmoney.com/notices/detail/300857/AN202506121689706039.html
SZSE:300857,协创数据,earnings,2025-06-13,协创数据:独立董事年报工作制度,https://data.eastmoney.com/notices/detail/300857/AN202506121689709461.html
SZSE:300857,协创数据,institutional_capital,2025-06-13,协创数据:股东会议事规则,https://data.eastmoney.com/notices/detail/300857/AN202506121689709463.html
SZSE:300857,协创数据,capacity_project,2025-06-13,协创数据:天风证券股份有限公司关于协创数据技术股份有限公司部分募投项目延期的核查意见,https://data.eastmoney.com/notices/detail/300857/AN202506121689709471.html
SZSE:300857,协创数据,institutional_capital,2025-06-13,协创数据:防范大股东及其他关联方资金占用管理制度,https://data.eastmoney.com/notices/detail/300857/AN202506121689709473.html
SZSE:300857,协创数据,institutional_capital,2025-06-13,协创数据:2025年第三次临时股东会决议公告,https://data.eastmoney.com/notices/detail/300857/AN202506121689706049.html
SZSE:300857,协创数据,institutional_capital,2025-06-13,协创数据:关于召开2025年第四次临时股东会的通知,https://data.eastmoney.com/notices/detail/300857/AN202506121689709457.html
SZSE:300857,协创数据,institutional_capital,2025-06-13,协创数据:广东信达律师事务所关于协创数据技术股份有限公司2025年第三次临时股东会的法律意见书,https://data.eastmoney.com/notices/detail/300857/AN202506121689709479.html
SZSE:300857,协创数据,investor_relations,2025-06-13,协创数据:投资者关系管理制度,https://data.eastmoney.com/notices/detail/300857/AN202506121689709459.html
SZSE:300857,协创数据,institutional_capital,2025-06-05,协创数据:关于部分董事、高级管理人员股份减持计划的预披露公告,https://data.eastmoney.com/notices/detail/300857/AN202506051685421372.html
SZSE:301345,涛涛车业,investor_relations,2026-04-30,涛涛车业:301345涛涛车业投资者关系管理信息20260430,https://data.eastmoney.com/notices/detail/301345/AN202604301821826621.html
SZSE:301345,涛涛车业,capacity_project,2026-04-29,涛涛车业:浙商证券股份有限公司关于浙江涛涛车业股份有限公司部分募集资金投资项目延期的核查意见,https://data.eastmoney.com/notices/detail/301345/AN202604281821668384.html
SZSE:301345,涛涛车业,capacity_project,2026-04-29,涛涛车业:关于部分募投项目延期的公告,https://data.eastmoney.com/notices/detail/301345/AN202604281821668385.html
SZSE:301345,涛涛车业,earnings,2026-04-29,涛涛车业:2026年一季度报告,https://data.eastmoney.com/notices/detail/301345/AN202604281821668382.html
SZSE:301345,涛涛车业,institutional_capital,2026-04-21,涛涛车业:国浩律师(杭州)事务所关于浙江涛涛车业股份有限公司2025年年度股东会法律意见书,https://data.eastmoney.com/notices/detail/301345/AN202604211821383452.html
SZSE:301345,涛涛车业,institutional_capital,2026-04-21,涛涛车业:2025年年度股东会决议公告,https://data.eastmoney.com/notices/detail/301345/AN202604211821383453.html
SZSE:301345,涛涛车业,earnings,2026-04-07,涛涛车业:2026年第一季度业绩预告,https://data.eastmoney.com/notices/detail/301345/AN202604071821043316.html
SZSE:301345,涛涛车业,investor_relations,2026-03-31,涛涛车业:301345涛涛车业投资者关系管理信息20260331,https://data.eastmoney.com/notices/detail/301345/AN202603311820917897.html
SZSE:301345,涛涛车业,earnings,2026-03-31,涛涛车业:2025年年度报告,https://data.eastmoney.com/notices/detail/301345/AN202603301820868916.html
SZSE:301345,涛涛车业,capacity_project,2026-03-31,涛涛车业:浙商证券股份有限公司关于浙江涛涛车业股份有限公司使用自有资金支付募投项目部分款项并以募集资金等额置换的核查意见,https://data.eastmoney.com/notices/detail/301345/AN202603301820868900.html
SZSE:301345,涛涛车业,investor_relations,2026-03-31,涛涛车业:关于召开2025年度业绩说明会的公告,https://data.eastmoney.com/notices/detail/301345/AN202603301820868907.html
SZSE:301345,涛涛车业,earnings,2026-03-31,涛涛车业:关于2025年度利润分配预案的公告,https://data.eastmoney.com/notices/detail/301345/AN202603301820868912.html
SZSE:301345,涛涛车业,earnings,2026-03-31,涛涛车业:2025年年度报告摘要,https://data.eastmoney.com/notices/detail/301345/AN202603301820868941.html
SZSE:301345,涛涛车业,capacity_project,2026-03-31,涛涛车业:关于使用自有资金支付募投项目部分款项并以募集资金等额置换的公告,https://data.eastmoney.com/notices/detail/301345/AN202603301820868968.html
SZSE:301345,涛涛车业,institutional_capital,2026-03-31,涛涛车业:关于召开2025年年度股东会的通知,https://data.eastmoney.com/notices/detail/301345/AN202603301820868918.html
SZSE:301345,涛涛车业,institutional_capital,2026-03-25,涛涛车业:国浩律师(杭州)事务所关于2026年第一次临时股东会法律意见书,https://data.eastmoney.com/notices/detail/301345/AN202603251820744498.html
SZSE:301345,涛涛车业,institutional_capital,2026-03-25,涛涛车业:2026年第一次临时股东会决议公告,https://data.eastmoney.com/notices/detail/301345/AN202603251820744495.html
SZSE:301345,涛涛车业,institutional_capital,2026-03-10,涛涛车业:浙江涛涛车业股份有限公司关于召开2026年第一次临时股东会的通知,https://data.eastmoney.com/notices/detail/301345/AN202603101820454460.html
SZSE:301345,涛涛车业,capacity_project,2026-03-10,涛涛车业:关于增加泰国生产基地投资额的公告,https://data.eastmoney.com/notices/detail/301345/AN202603091820414907.html
SZSE:301345,涛涛车业,institutional_capital,2026-01-07,涛涛车业:关于回购股份注销并减少注册资本暨通知债权人的公告,https://data.eastmoney.com/notices/detail/301345/AN202601071816737681.html
SZSE:301345,涛涛车业,earnings,2026-01-06,涛涛车业:浙江涛涛车业股份有限公司2025年度业绩预告,https://data.eastmoney.com/notices/detail/301345/AN202601051815382306.html
SZSE:301345,涛涛车业,institutional_capital,2025-12-31,涛涛车业:2025年第四次临时股东会决议公告,https://data.eastmoney.com/notices/detail/301345/AN202512311812045400.html
SZSE:301345,涛涛车业,institutional_capital,2025-12-31,涛涛车业:国浩律师(杭州)事务所关于浙江涛涛车业股份有限公司2025年第四次临时股东会法律意见书,https://data.eastmoney.com/notices/detail/301345/AN202512311812045401.html
SZSE:301345,涛涛车业,institutional_capital,2025-12-16,涛涛车业:浙江涛涛车业股份有限公司关于召开2025年第四次临时股东会的通知,https://data.eastmoney.com/notices/detail/301345/AN202512151801071119.html
SZSE:301345,涛涛车业,institutional_capital,2025-11-10,涛涛车业:浙江涛涛车业股份有限公司2025年第三次临时股东会法律意见书,https://data.eastmoney.com/notices/detail/301345/AN202511101778765512.html
SZSE:301345,涛涛车业,institutional_capital,2025-11-10,涛涛车业:2025年第三次临时股东会决议公告,https://data.eastmoney.com/notices/detail/301345/AN202511101778765513.html
SZSE:301345,涛涛车业,investor_relations,2025-10-31,涛涛车业:301345涛涛车业投资者关系管理信息20251031,https://data.eastmoney.com/notices/detail/301345/AN202510311772665146.html
SZSE:301345,涛涛车业,investor_relations,2025-10-25,涛涛车业:301345涛涛车业投资者关系管理信息20251025,https://data.eastmoney.com/notices/detail/301345/AN202510251768625103.html
SZSE:301345,涛涛车业,institutional_capital,2025-10-23,涛涛车业:浙江涛涛车业股份有限公司关于召开2025年第三次临时股东会的通知,https://data.eastmoney.com/notices/detail/301345/AN202510221766917974.html
SZSE:301345,涛涛车业,earnings,2025-10-23,涛涛车业:2025年三季度报告,https://data.eastmoney.com/notices/detail/301345/AN202510221766917969.html
SZSE:301345,涛涛车业,institutional_capital,2025-10-09,涛涛车业:国浩律师(杭州)事务所关于浙江涛涛车业股份有限公司2025年第二次临时股东大会法律意见书,https://data.eastmoney.com/notices/detail/301345/AN202510091759004647.html
SZSE:301345,涛涛车业,institutional_capital,2025-10-09,涛涛车业:2025年第二次临时股东大会决议公告,https://data.eastmoney.com/notices/detail/301345/AN202510091759004642.html
SZSE:301345,涛涛车业,earnings,2025-10-09,涛涛车业:浙江涛涛车业股份有限公司2025年第三季度业绩预告,https://data.eastmoney.com/notices/detail/301345/AN202510091758950533.html
SZSE:301345,涛涛车业,institutional_capital,2025-09-20,涛涛车业:关于召开2025年第二次临时股东大会的公告,https://data.eastmoney.com/notices/detail/301345/AN202509291752782149.html
SZSE:301345,涛涛车业,institutional_capital,2025-09-20,涛涛车业:股东通讯政策(草案)(H股发行并上市后适用),https://data.eastmoney.com/notices/detail/301345/AN202509191746766873.html
SZSE:301345,涛涛车业,institutional_capital,2025-09-20,涛涛车业:股东会议事规则(草案)(H股发行并上市后适用),https://data.eastmoney.com/notices/detail/301345/AN202509191746766894.html
SZSE:301345,涛涛车业,institutional_capital,2025-09-20,涛涛车业:股东会议事规则(2025年9月修订),https://data.eastmoney.com/notices/detail/301345/AN202509191746766860.html
SZSE:301345,涛涛车业,investor_relations,2025-09-20,涛涛车业:投资者关系管理制度(2025年9月修订),https://data.eastmoney.com/notices/detail/301345/AN202509191746763854.html
SZSE:301345,涛涛车业,institutional_capital,2025-09-20,涛涛车业:防范控股股东、实际控制人及其他关联方占用公司资金管理制度(2025年9月修订),https://data.eastmoney.com/notices/detail/301345/AN202509191746763847.html
SZSE:301345,涛涛车业,earnings,2025-09-20,涛涛车业:年报信息披露重大差错责任追究制度,https://data.eastmoney.com/notices/detail/301345/AN202509191746763842.html
SZSE:301345,涛涛车业,institutional_capital,2025-09-10,涛涛车业:国浩律师(杭州)事务所关于浙江涛涛车业股份有限公司2025年第一次临时股东大会法律意见书,https://data.eastmoney.com/notices/detail/301345/AN202509101741207711.html
SZSE:301345,涛涛车业,institutional_capital,2025-09-10,涛涛车业:2025年第一次临时股东大会决议公告,https://data.eastmoney.com/notices/detail/301345/AN202509101741207684.html
SZSE:301345,涛涛车业,institutional_capital,2025-09-02,涛涛车业:2023年限制性股票激励计划首次授予部分第二个归属期及预留授予部分第一个归属期归属结果暨股份上市的公告,https://data.eastmoney.com/notices/detail/301345/AN202509011737716304.html
SZSE:301345,涛涛车业,earnings,2025-08-26,涛涛车业:2025年半年度报告,https://data.eastmoney.com/notices/detail/301345/AN202508251734154453.html
SZSE:301345,涛涛车业,earnings,2025-08-26,涛涛车业:2025年半年度报告摘要,https://data.eastmoney.com/notices/detail/301345/AN202508251734154432.html
SZSE:301345,涛涛车业,institutional_capital,2025-08-26,涛涛车业:关于召开2025年第一次临时股东大会的公告,https://data.eastmoney.com/notices/detail/301345/AN202508251734154447.html
SZSE:301345,涛涛车业,earnings,2025-08-26,涛涛车业:关于2025年半年度利润分配预案的公告,https://data.eastmoney.com/notices/detail/301345/AN202508251734155464.html
SZSE:301345,涛涛车业,institutional_capital,2025-07-15,涛涛车业:关于2023年限制性股票激励计划首次授予部分第二个归属期及预留授予部分第一个归属期归属条件成就的公告,https://data.eastmoney.com/notices/detail/301345/AN202507141708766189.html
SZSE:301345,涛涛车业,institutional_capital,2025-07-15,涛涛车业:关于作废2023年限制性股票激励计划部分已授予尚未归属的限制性股票的公告,https://data.eastmoney.com/notices/detail/301345/AN202507141708766191.html
SZSE:301345,涛涛车业,institutional_capital,2025-07-15,涛涛车业:监事会关于2023年限制性股票激励计划首次授予部分第二个归属期及预留授予部分第一个归属期归属条件成就和归属名单的核查意见,https://data.eastmoney.com/notices/detail/301345/AN202507141708766190.html
SZSE:301345,涛涛车业,institutional_capital,2025-07-15,涛涛车业:关于调整2023年限制性股票激励计划授予价格的公告,https://data.eastmoney.com/notices/detail/301345/AN202507141708766194.html
SZSE:301345,涛涛车业,institutional_capital,2025-07-15,涛涛车业:关于浙江涛涛车业股份有限公司2023年限制性股票激励计划调整授予价格、首次授予部分第二个归属期及预留授予部分第一个归属期归属条件成就暨作废部分限制性股票的法律意见书,https://data.eastmoney.com/notices/detail/301345/AN202507141708766195.html
SZSE:301345,涛涛车业,investor_relations,2025-07-01,涛涛车业:301345涛涛车业投资者关系管理信息20250701,https://data.eastmoney.com/notices/detail/301345/AN202507011701068490.html
SZSE:301345,涛涛车业,earnings,2025-06-30,涛涛车业:2025年半年度业绩预告,https://data.eastmoney.com/notices/detail/301345/AN202506301700417566.html
SZSE:301345,涛涛车业,investor_relations,2025-06-20,涛涛车业:301345涛涛车业投资者关系管理信息20250620,https://data.eastmoney.com/notices/detail/301345/AN202506201694466970.html
SZSE:301345,涛涛车业,investor_relations,2025-06-11,涛涛车业:301345涛涛车业投资者关系管理信息20250611,https://data.eastmoney.com/notices/detail/301345/AN202506111688903784.html
SZSE:002916,深南电路,investor_relations,2026-05-27,深南电路:2026年5月27日投资者关系活动记录表,https://data.eastmoney.com/notices/detail/002916/AN202605271822921177.html
SZSE:002916,深南电路,investor_relations,2026-05-21,深南电路:2026年5月19日-21日投资者关系活动记录表,https://data.eastmoney.com/notices/detail/002916/AN202605211822653259.html
SZSE:002916,深南电路,investor_relations,2026-05-13,深南电路:2026年5月12日-13日投资者关系活动记录表,https://data.eastmoney.com/notices/detail/002916/AN202605131822281238.html
SZSE:002916,深南电路,investor_relations,2026-05-07,深南电路:2026年5月7日投资者关系活动记录表,https://data.eastmoney.com/notices/detail/002916/AN202605071822039518.html
SZSE:002916,深南电路,investor_relations,2026-04-29,深南电路:2026年4月28日-29日投资者关系活动记录表,https://data.eastmoney.com/notices/detail/002916/AN202604291821760565.html
SZSE:002916,深南电路,investor_relations,2026-04-24,深南电路:2026年4月24日投资者关系活动记录表,https://data.eastmoney.com/notices/detail/002916/AN202604241821556326.html
SZSE:002916,深南电路,capacity_project,2026-04-24,深南电路:项目投资公告,https://data.eastmoney.com/notices/detail/002916/AN202604231821507929.html
SZSE:002916,深南电路,earnings,2026-04-24,深南电路:2026年一季度报告,https://data.eastmoney.com/notices/detail/002916/AN202604231821507949.html
SZSE:002916,深南电路,institutional_capital,2026-04-24,深南电路:北京市嘉源律师事务所关于深南电路股份有限公司A股限制性股票激励计划(第二期)回购注销部分限制性股票的法律意见书,https://data.eastmoney.com/notices/detail/002916/AN202604231821507870.html
SZSE:002916,深南电路,institutional_capital,2026-04-24,深南电路:关于回购注销限制性股票激励计划(第二期)部分限制性股票的公告,https://data.eastmoney.com/notices/detail/002916/AN202604231821507894.html
SZSE:002916,深南电路,institutional_capital,2026-04-04,深南电路:北京市嘉源律师事务所关于深南电路股份有限公司2025年年度股东会的法律意见书,https://data.eastmoney.com/notices/detail/002916/AN202604031821015104.html
SZSE:002916,深南电路,institutional_capital,2026-04-04,深南电路:2025年年度股东会决议公告,https://data.eastmoney.com/notices/detail/002916/AN202604031821015088.html
SZSE:002916,深南电路,investor_relations,2026-03-30,深南电路:2026年3月30日投资者关系活动记录表,https://data.eastmoney.com/notices/detail/002916/AN202603301820862415.html
SZSE:002916,深南电路,investor_relations,2026-03-27,深南电路:2026年3月25日-27日投资者关系活动记录表,https://data.eastmoney.com/notices/detail/002916/AN202603271820812556.html
SZSE:002916,深南电路,investor_relations,2026-03-20,深南电路:2026年3月17日-20日投资者关系活动记录表,https://data.eastmoney.com/notices/detail/002916/AN202603201820669941.html
SZSE:002916,深南电路,institutional_capital,2026-03-13,深南电路:关于召开2025年年度股东会的通知,https://data.eastmoney.com/notices/detail/002916/AN202603121820524926.html
SZSE:002916,深南电路,risk,2026-03-13,深南电路:关于与中航工业集团财务有限责任公司关联存贷款的风险持续评估报告,https://data.eastmoney.com/notices/detail/002916/AN202603121820524934.html
SZSE:002916,深南电路,earnings,2026-03-13,深南电路:关于2025年度利润分配预案的公告,https://data.eastmoney.com/notices/detail/002916/AN202603121820524920.html
SZSE:002916,深南电路,earnings,2026-03-13,深南电路:2025年年度报告,https://data.eastmoney.com/notices/detail/002916/AN202603121820524917.html
SZSE:002916,深南电路,investor_relations,2026-03-13,深南电路:关于举办2025年度网上业绩说明会并征集相关问题的公告,https://data.eastmoney.com/notices/detail/002916/AN202603121820524941.html
SZSE:002916,深南电路,earnings,2026-03-13,深南电路:2025年年度报告摘要,https://data.eastmoney.com/notices/detail/002916/AN202603121820524930.html
SZSE:002916,深南电路,investor_relations,2026-03-12,深南电路:2026年3月12日投资者关系活动记录表,https://data.eastmoney.com/notices/detail/002916/AN202603121820527435.html
SZSE:002916,深南电路,investor_relations,2026-02-04,深南电路:2026年2月4日投资者关系活动记录表,https://data.eastmoney.com/notices/detail/002916/AN202602041819770549.html
SZSE:002916,深南电路,investor_relations,2026-01-29,深南电路:2026年1月29日投资者关系活动记录表,https://data.eastmoney.com/notices/detail/002916/AN202601291818551030.html
SZSE:002916,深南电路,institutional_capital,2026-01-29,深南电路:关于A股限制性股票激励计划(第二期)授予登记完成暨控股股东及其一致行动人持股比例被动稀释触及1%整数倍的公告,https://data.eastmoney.com/notices/detail/002916/AN202601281818507515.html
SZSE:002916,深南电路,earnings,2026-01-28,深南电路:2025年度业绩预告,https://data.eastmoney.com/notices/detail/002916/AN202601271818469458.html
SZSE:002916,深南电路,institutional_capital,2026-01-22,深南电路:第四届董事会薪酬与考核委员会关于公司股权激励计划授予相关事项的审核意见,https://data.eastmoney.com/notices/detail/002916/AN202601211818216339.html
SZSE:002916,深南电路,institutional_capital,2026-01-22,深南电路:关于向限制性股票激励计划(第二期)激励对象授予限制性股票的公告,https://data.eastmoney.com/notices/detail/002916/AN202601211818216338.html
SZSE:002916,深南电路,institutional_capital,2026-01-22,深南电路:北京市嘉源律师事务所关于深南电路股份有限公司A股限制性股票激励计划(第二期)授予事项的法律意见书,https://data.eastmoney.com/notices/detail/002916/AN202601211818216340.html
SZSE:002916,深南电路,institutional_capital,2026-01-16,深南电路:2026年第一次临时股东会决议公告,https://data.eastmoney.com/notices/detail/002916/AN202601151817054504.html
SZSE:002916,深南电路,institutional_capital,2026-01-16,深南电路:关于限制性股票激励计划(第二期)内幕信息知情人及激励对象买卖公司股票情况的自查报告,https://data.eastmoney.com/notices/detail/002916/AN202601151817054503.html
SZSE:002916,深南电路,institutional_capital,2026-01-16,深南电路:北京市嘉源律师事务所关于深南电路股份有限公司2026年第一次临时股东会的法律意见书,https://data.eastmoney.com/notices/detail/002916/AN202601151817054502.html
SZSE:002916,深南电路,institutional_capital,2026-01-10,深南电路:关于限制性股票激励计划(第二期)激励对象名单的审核意见及公示情况说明,https://data.eastmoney.com/notices/detail/002916/AN202601091816882266.html
SZSE:002916,深南电路,institutional_capital,2026-01-06,深南电路:关于限制性股票激励计划(第二期)获得批复的公告,https://data.eastmoney.com/notices/detail/002916/AN202601051815451984.html
SZSE:002916,深南电路,institutional_capital,2025-12-31,深南电路:深南电路股份有限公司A股限制性股票激励计划(第二期)(草案修订稿)摘要,https://data.eastmoney.com/notices/detail/002916/AN202512301811375605.html
SZSE:002916,深南电路,institutional_capital,2025-12-31,深南电路:深南电路股份有限公司A股限制性股票激励计划(第二期)(草案修订稿),https://data.eastmoney.com/notices/detail/002916/AN202512301811375591.html
SZSE:002916,深南电路,institutional_capital,2025-12-31,深南电路:深南电路股份有限公司关于A股限制性股票激励计划(第二期)(草案)的修订说明,https://data.eastmoney.com/notices/detail/002916/AN202512301811375598.html
SZSE:002916,深南电路,institutional_capital,2025-12-31,深南电路:关于召开2026年第一次临时股东会的通知,https://data.eastmoney.com/notices/detail/002916/AN202512301811375601.html
SZSE:002916,深南电路,institutional_capital,2025-12-31,深南电路:北京市嘉源律师事务所关于深南电路股份有限公司A股限制性股票激励计划(第二期)的法律意见书,https://data.eastmoney.com/notices/detail/002916/AN202512301811375602.html
SZSE:002916,深南电路,institutional_capital,2025-12-31,深南电路:第四届董事会薪酬与考核委员会关于公司股权激励计划相关事项的审核意见,https://data.eastmoney.com/notices/detail/002916/AN202512301811375586.html
SZSE:002916,深南电路,institutional_capital,2025-12-13,深南电路:深南电路股份有限公司A股限制性股票激励计划(第二期)(草案),https://data.eastmoney.com/notices/detail/002916/AN202512121799081088.html
SZSE:002916,深南电路,institutional_capital,2025-12-13,深南电路:上市公司股权激励计划自查表,https://data.eastmoney.com/notices/detail/002916/AN202512121799081065.html
SZSE:002916,深南电路,institutional_capital,2025-12-13,深南电路:深南电路股份有限公司A股限制性股票激励计划(第二期)(草案)摘要,https://data.eastmoney.com/notices/detail/002916/AN202512121799081037.html
SZSE:002916,深南电路,institutional_capital,2025-12-13,深南电路:第四届董事会薪酬与考核委员会关于公司A股限制性股票激励计划(第二期)的审核意见,https://data.eastmoney.com/notices/detail/002916/AN202512121799081047.html
SZSE:002916,深南电路,institutional_capital,2025-12-13,深南电路:深南电路股份有限公司A股限制性股票激励计划(第二期)实施考核管理办法,https://data.eastmoney.com/notices/detail/002916/AN202512121799081079.html
SZSE:002916,深南电路,investor_relations,2025-12-02,深南电路:2025年12月2日投资者关系活动记录表,https://data.eastmoney.com/notices/detail/002916/AN202512021792625411.html
SZSE:002916,深南电路,investor_relations,2025-11-28,深南电路:2025年11月25日-28日投资者关系活动记录表,https://data.eastmoney.com/notices/detail/002916/AN202511281790068152.html
SZSE:002916,深南电路,investor_relations,2025-11-19,深南电路:2025年11月19日投资者关系活动记录表,https://data.eastmoney.com/notices/detail/002916/AN202511191784373866.html
SZSE:002916,深南电路,investor_relations,2025-11-15,深南电路:关于参加2025年度深圳辖区上市公司集体接待日活动的公告,https://data.eastmoney.com/notices/detail/002916/AN202511141781198406.html
SZSE:002916,深南电路,investor_relations,2025-11-13,深南电路:2025年11月12日-13日投资者关系活动记录表,https://data.eastmoney.com/notices/detail/002916/AN202511131780658230.html
SZSE:002916,深南电路,investor_relations,2025-11-06,深南电路:2025年11月4日-6日投资者关系活动记录表,https://data.eastmoney.com/notices/detail/002916/AN202511061776336965.html
SZSE:002916,深南电路,investor_relations,2025-10-30,深南电路:2025年10月30日投资者关系活动记录表,https://data.eastmoney.com/notices/detail/002916/AN202510301771964866.html
SZSE:002916,深南电路,earnings,2025-10-30,深南电路:2025年三季度报告,https://data.eastmoney.com/notices/detail/002916/AN202510291771333524.html
SZSE:002916,深南电路,investor_relations,2025-10-29,深南电路:2025年10月29日投资者关系活动记录表,https://data.eastmoney.com/notices/detail/002916/AN202510291771441901.html
SZSE:002916,深南电路,investor_relations,2025-10-15,深南电路:2025年10月15日投资者关系活动记录表,https://data.eastmoney.com/notices/detail/002916/AN202510151762693209.html
SZSE:002916,深南电路,investor_relations,2025-09-26,深南电路:2025年9月26日投资者关系活动记录表,https://data.eastmoney.com/notices/detail/002916/AN202509261751028298.html
SZSE:002916,深南电路,investor_relations,2025-09-18,深南电路:2025年9月18日投资者关系活动记录表,https://data.eastmoney.com/notices/detail/002916/AN202509181746121799.html
SZSE:002916,深南电路,investor_relations,2025-09-11,深南电路:2025年9月9日-11日投资者关系活动记录表,https://data.eastmoney.com/notices/detail/002916/AN202509111741834665.html
SZSE:002916,深南电路,investor_relations,2025-09-05,深南电路:2025年9月1日-5日投资者关系活动记录表,https://data.eastmoney.com/notices/detail/002916/AN202509051739265675.html
SZSE:002916,深南电路,investor_relations,2025-08-29,深南电路:2025年8月28日-29日投资者关系活动记录表,https://data.eastmoney.com/notices/detail/002916/AN202508291736547161.html
SZSE:002916,深南电路,risk,2025-08-28,深南电路:关于与中航工业集团财务有限责任公司关联存贷款的风险持续评估报告,https://data.eastmoney.com/notices/detail/002916/AN202508271735478998.html
SZSE:002916,深南电路,earnings,2025-08-28,深南电路:2025年半年度报告摘要,https://data.eastmoney.com/notices/detail/002916/AN202508271735479004.html
SZSE:002916,深南电路,earnings,2025-08-28,深南电路:2025年半年度报告,https://data.eastmoney.com/notices/detail/002916/AN202508271735478989.html
SZSE:002916,深南电路,investor_relations,2025-08-27,深南电路:2025年8月27日投资者关系活动记录表,https://data.eastmoney.com/notices/detail/002916/AN202508271735573869.html
SZSE:002916,深南电路,institutional_capital,2025-08-19,深南电路:2025年第一次临时股东会决议公告,https://data.eastmoney.com/notices/detail/002916/AN202508181729911864.html
SZSE:002916,深南电路,institutional_capital,2025-08-19,深南电路:北京市嘉源律师事务所关于深南电路股份有限公司2025年第一次临时股东会的法律意见书,https://data.eastmoney.com/notices/detail/002916/AN202508181729911875.html
SZSE:002916,深南电路,investor_relations,2025-07-31,深南电路:投资者关系管理制度(2025年7月),https://data.eastmoney.com/notices/detail/002916/AN202507301718427594.html
SZSE:002916,深南电路,institutional_capital,2025-07-31,深南电路:股东会议事规则(2025年7月),https://data.eastmoney.com/notices/detail/002916/AN202507301718427617.html
SZSE:002916,深南电路,institutional_capital,2025-07-31,深南电路:关于召开2025年第一次临时股东会的通知,https://data.eastmoney.com/notices/detail/002916/AN202507301718427587.html
SZSE:002916,深南电路,investor_relations,2025-07-03,深南电路:2025年7月1日-3日投资者关系活动记录表,https://data.eastmoney.com/notices/detail/002916/AN202507031702270475.html
SZSE:002916,深南电路,investor_relations,2025-06-20,深南电路:2025年6月20日投资者关系活动记录表,https://data.eastmoney.com/notices/detail/002916/AN202506201694444175.html
SZSE:002916,深南电路,institutional_capital,2025-06-14,深南电路:关于控股股东变更名称并完成工商变更登记的公告,https://data.eastmoney.com/notices/detail/002916/AN202506131690261891.html
SZSE:002916,深南电路,investor_relations,2025-06-10,深南电路:2025年6月10日投资者关系活动记录表,https://data.eastmoney.com/notices/detail/002916/AN202506101688373624.html
SZSE:002916,深南电路,investor_relations,2025-06-06,深南电路:2025年6月6日投资者关系活动记录表,https://data.eastmoney.com/notices/detail/002916/AN202506061685960342.html
