symbol,name,published_at,event_type,title,url,tags,source
SSE:601138,工业富联,2026-05-30,股东大会资料,工业富联:富士康工业互联网股份有限公司2025年年度股东会会议资料,https://data.eastmoney.com/notices/detail/601138/AN202605291823012767.html,institutional_capital,eastmoney_notice
SSE:601138,工业富联,2026-05-21,调研活动,工业富联:富士康工业互联网股份有限公司投资者关系活动记录表20260520,https://data.eastmoney.com/notices/detail/601138/AN202605211822642700.html,investor_relations,eastmoney_notice
SSE:601138,工业富联,2026-05-20,召开股东大会通知,工业富联:富士康工业互联网股份有限公司关于召开2025年年度股东会的通知,https://data.eastmoney.com/notices/detail/601138/AN202605191822445096.html,institutional_capital,eastmoney_notice
SSE:601138,工业富联,2026-05-19,调研活动,工业富联:富士康工业互联网股份有限公司投资者关系活动记录表-20260515-20260518,https://data.eastmoney.com/notices/detail/601138/AN202605191822440533.html,investor_relations,eastmoney_notice
SSE:601138,工业富联,2026-05-14,其他,工业富联:富士康工业互联网股份有限公司关于召开2026年第一季度业绩说明会的公告,https://data.eastmoney.com/notices/detail/601138/AN202605131822269432.html,investor_relations,eastmoney_notice
SSE:601138,工业富联,2026-04-29,董事会决议公告,工业富联:富士康工业互联网股份有限公司第三届董事会第三十二次会议决议公告,https://data.eastmoney.com/notices/detail/601138/AN202604281821679646.html,,eastmoney_notice
SSE:601138,工业富联,2026-04-29,ESG公告,工业富联:富士康工业互联网股份有限公司2025年可持续发展报告摘要,https://data.eastmoney.com/notices/detail/601138/AN202604281821679620.html,,eastmoney_notice
SSE:601138,工业富联,2026-04-29,其他,工业富联:富士康工业互联网股份有限公司关于2026年度“提质增效重回报”行动方案的公告,https://data.eastmoney.com/notices/detail/601138/AN202604281821679610.html,,eastmoney_notice
SSE:601138,工业富联,2026-04-29,一季度报告全文,工业富联:富士康工业互联网股份有限公司2026年第一季度报告,https://data.eastmoney.com/notices/detail/601138/AN202604281821679602.html,earnings,eastmoney_notice
SSE:601138,工业富联,2026-04-29,ESG公告,工业富联:富士康工业互联网股份有限公司2025年可持续发展报告,https://data.eastmoney.com/notices/detail/601138/AN202604281821679600.html,,eastmoney_notice
SSE:601138,工业富联,2026-04-29,管理办法/制度,工业富联:富士康工业互联网股份有限公司董事、高级管理人员薪酬管理制度,https://data.eastmoney.com/notices/detail/601138/AN202604281821679601.html,,eastmoney_notice
SSE:601138,工业富联,2026-04-17,调研活动,工业富联:富士康工业互联网股份有限公司投资者关系活动记录表20260416,https://data.eastmoney.com/notices/detail/601138/AN202604171821292159.html,investor_relations,eastmoney_notice
SSE:601138,工业富联,2026-04-09,其他,工业富联:富士康工业互联网股份有限公司关于召开2025年年度业绩说明会的公告,https://data.eastmoney.com/notices/detail/601138/AN202604081821063138.html,investor_relations,eastmoney_notice
SSE:601138,工业富联,2026-03-31,股本变动,工业富联:富士康工业互联网股份有限公司关于股份回购实施结果暨股份变动的公告,https://data.eastmoney.com/notices/detail/601138/AN202603301820868331.html,institutional_capital,eastmoney_notice
SSE:601138,工业富联,2026-03-11,其他,工业富联:富士康工业互联网股份有限公司董事会审计委员会对会计师事务所2025年度履职情况评估及履行监督职责情况的报告,https://data.eastmoney.com/notices/detail/601138/AN202603101820464732.html,,eastmoney_notice
SSE:601138,工业富联,2026-03-11,关联交易,工业富联:富士康工业互联网股份有限公司关于2026年度日常关联交易预计的公告,https://data.eastmoney.com/notices/detail/601138/AN202603101820464730.html,,eastmoney_notice
SSE:601138,工业富联,2026-03-11,内部控制报告,工业富联:富士康工业互联网股份有限公司2025年度内部控制评价报告,https://data.eastmoney.com/notices/detail/601138/AN202603101820464728.html,,eastmoney_notice
SSE:601138,工业富联,2026-03-11,议事规则/实施细则,工业富联:富士康工业互联网股份有限公司董事会薪酬与考核委员会议事规则,https://data.eastmoney.com/notices/detail/601138/AN202603101820464725.html,,eastmoney_notice
SSE:601138,工业富联,2026-03-11,其他,工业富联:富士康工业互联网股份有限公司关于开展2026年度衍生性商品交易业务的公告,https://data.eastmoney.com/notices/detail/601138/AN202603101820464711.html,,eastmoney_notice
SSE:601138,工业富联,2026-03-11,审计报告,工业富联:富士康工业互联网股份有限公司2025年度财务报表及审计报告,https://data.eastmoney.com/notices/detail/601138/AN202603101820464719.html,,eastmoney_notice
SSE:601138,工业富联,2026-03-11,其他,工业富联:富士康工业互联网股份有限公司对会计师事务所2025年度审计履职情况的评估报告,https://data.eastmoney.com/notices/detail/601138/AN202603101820464715.html,,eastmoney_notice
SSE:601138,工业富联,2026-03-11,其他,工业富联:富士康工业互联网股份有限公司审计委员会2025年度履职情况报告,https://data.eastmoney.com/notices/detail/601138/AN202603101820464727.html,,eastmoney_notice
SSE:601138,工业富联,2026-03-11,保荐/核查意见,工业富联:富士康工业互联网股份有限公司控股股东及其他关联方占用资金情况专项报告,https://data.eastmoney.com/notices/detail/601138/AN202603101820464709.html,institutional_capital,eastmoney_notice
SSE:601138,工业富联,2026-03-11,独立董事述职报告,工业富联:富士康工业互联网股份有限公司2025年度独立董事述职报告(廖翠萍),https://data.eastmoney.com/notices/detail/601138/AN202603101820464714.html,,eastmoney_notice
SSE:601138,工业富联,2026-03-11,审计机构变更,工业富联:富士康工业互联网股份有限公司关于续聘会计师事务所的公告,https://data.eastmoney.com/notices/detail/601138/AN202603101820464718.html,,eastmoney_notice
SSE:601138,工业富联,2026-03-11,审计报告,工业富联:富士康工业互联网股份有限公司2025年度内部控制审计报告,https://data.eastmoney.com/notices/detail/601138/AN202603101820464733.html,,eastmoney_notice
SSE:601138,工业富联,2026-03-11,保荐/核查意见,工业富联:富士康工业互联网股份有限公司2025年度募集资金存放、管理与使用情况专项报告及鉴证报告,https://data.eastmoney.com/notices/detail/601138/AN202603101820464713.html,,eastmoney_notice
SSE:601138,工业富联,2026-03-11,保荐/核查意见,工业富联:中国国际金融股份有限公司关于富士康工业互联网股份有限公司2025年度募集资金存放与使用情况的专项核查报告,https://data.eastmoney.com/notices/detail/601138/AN202603101820464720.html,,eastmoney_notice
SSE:601138,工业富联,2026-03-11,募集资金使用情况报告,工业富联:富士康工业互联网股份有限公司2025年年度募集资金存放与使用情况的专项报告,https://data.eastmoney.com/notices/detail/601138/AN202603101820464717.html,,eastmoney_notice
SSE:601138,工业富联,2026-03-11,年度报告摘要,工业富联:富士康工业互联网股份有限公司2025年年度报告摘要,https://data.eastmoney.com/notices/detail/601138/AN202603101820464722.html,earnings,eastmoney_notice
SSE:601138,工业富联,2026-03-11,分配预案,工业富联:富士康工业互联网股份有限公司关于公司2025年度利润分配方案的公告,https://data.eastmoney.com/notices/detail/601138/AN202603101820464712.html,earnings,eastmoney_notice
SSE:601138,工业富联,2026-03-11,管理办法/制度,工业富联:富士康工业互联网股份有限公司衍生性商品交易业务管理制度,https://data.eastmoney.com/notices/detail/601138/AN202603101820464724.html,,eastmoney_notice
SSE:601138,工业富联,2026-03-11,专项说明/独立意见,工业富联:富士康工业互联网股份有限公司董事会关于2025年度独立董事独立性自查情况的专项意见,https://data.eastmoney.com/notices/detail/601138/AN202603101820464729.html,,eastmoney_notice
SSE:601138,工业富联,2026-03-11,其他,工业富联:富士康工业互联网股份有限公司2025年度董事会工作报告,https://data.eastmoney.com/notices/detail/601138/AN202603101820464723.html,,eastmoney_notice
SSE:601138,工业富联,2026-03-11,独立董事述职报告,工业富联:富士康工业互联网股份有限公司2025年度独立董事述职报告(李丹),https://data.eastmoney.com/notices/detail/601138/AN202603101820464716.html,,eastmoney_notice
SSE:601138,工业富联,2026-03-11,独立董事述职报告,工业富联:富士康工业互联网股份有限公司2025年度独立董事述职报告(李昕),https://data.eastmoney.com/notices/detail/601138/AN202603101820464726.html,,eastmoney_notice
SSE:601138,工业富联,2026-03-11,年度报告全文,工业富联:富士康工业互联网股份有限公司2025年年度报告,https://data.eastmoney.com/notices/detail/601138/AN202603101820464731.html,earnings,eastmoney_notice
SSE:601138,工业富联,2026-03-11,其他,工业富联:富士康工业互联网股份有限公司关于开展外汇衍生品交易的可行性分析报告,https://data.eastmoney.com/notices/detail/601138/AN202603101820464710.html,,eastmoney_notice
SSE:601138,工业富联,2026-03-11,分配预案,工业富联:富士康工业互联网股份有限公司第三届董事会第三十一次会议决议公告,https://data.eastmoney.com/notices/detail/601138/AN202603101820464721.html,,eastmoney_notice
SSE:601138,工业富联,2026-03-04,回购进展情况,工业富联:富士康工业互联网股份有限公司关于股份回购进展公告,https://data.eastmoney.com/notices/detail/601138/AN202603031820224213.html,institutional_capital,eastmoney_notice
SSE:601138,工业富联,2026-02-04,回购进展情况,工业富联:富士康工业互联网股份有限公司关于股份回购进展公告,https://data.eastmoney.com/notices/detail/601138/AN202602031819616985.html,institutional_capital,eastmoney_notice
SSE:601138,工业富联,2026-01-29,业绩预告,工业富联:富士康工业互联网股份有限公司2025年度业绩预增公告,https://data.eastmoney.com/notices/detail/601138/AN202601281818505588.html,,eastmoney_notice
SSE:601138,工业富联,2026-01-09,保荐/核查意见,工业富联:中国国际金融股份有限公司关于富士康工业互联网股份有限公司2025年半年度差异化分红事项的核查意见,https://data.eastmoney.com/notices/detail/601138/AN202601081816853946.html,earnings,eastmoney_notice
SSE:601138,工业富联,2026-01-09,其他,工业富联:富士康工业互联网股份有限公司关于全资附属公司境外中期票据计划更新上市的公告,https://data.eastmoney.com/notices/detail/601138/AN202601081816853947.html,,eastmoney_notice
SSE:601138,工业富联,2026-01-09,回购方案修订,工业富联:富士康工业互联网股份有限公司关于2025年半年度权益分派实施后调整回购价格上限的公告,https://data.eastmoney.com/notices/detail/601138/AN202601081816853945.html,institutional_capital,eastmoney_notice
SSE:601138,工业富联,2026-01-09,分配方案实施,工业富联:富士康工业互联网股份有限公司2025年半年度权益分派实施公告,https://data.eastmoney.com/notices/detail/601138/AN202601081816853944.html,,eastmoney_notice
SSE:601138,工业富联,2026-01-07,股本变动,工业富联:富士康工业互联网股份有限公司关于2019年股票期权与限制性股票激励计划2025年第四季度自主行权结果暨股份变动的公告,https://data.eastmoney.com/notices/detail/601138/AN202601061816086829.html,institutional_capital,eastmoney_notice
SSE:601138,工业富联,2026-01-05,回购进展情况,工业富联:富士康工业互联网股份有限公司关于股份回购进展公告,https://data.eastmoney.com/notices/detail/601138/AN202601041814691798.html,institutional_capital,eastmoney_notice
SSE:601138,工业富联,2025-12-30,董事会决议公告,工业富联:富士康工业互联网股份有限公司第三届董事会第三十次会议决议公告,https://data.eastmoney.com/notices/detail/601138/AN202512291810629305.html,,eastmoney_notice
SSE:601138,工业富联,2025-12-30,关联交易,工业富联:富士康工业互联网股份有限公司关于增加2025年度日常关联交易额度的公告,https://data.eastmoney.com/notices/detail/601138/AN202512291810629253.html,,eastmoney_notice
SSE:601138,工业富联,2025-12-09,股权激励进展公告,工业富联:富士康工业互联网股份有限公司关于2019年股票期权与限制性股票激励计划限制行权期间的提示性公告,https://data.eastmoney.com/notices/detail/601138/AN202512081796322547.html,institutional_capital,eastmoney_notice
SSE:601138,工业富联,2025-12-02,回购进展情况,工业富联:富士康工业互联网股份有限公司关于股份回购进展公告,https://data.eastmoney.com/notices/detail/601138/AN202512011791860568.html,institutional_capital,eastmoney_notice
SSE:601138,工业富联,2025-11-27,回购方案修订,工业富联:富士康工业互联网股份有限公司关于调整回购股份价格上限的公告,https://data.eastmoney.com/notices/detail/601138/AN202511261788776555.html,institutional_capital,eastmoney_notice
SSE:601138,工业富联,2025-11-27,董事会决议公告,工业富联:富士康工业互联网股份有限公司第三届董事会第二十九次会议决议公告,https://data.eastmoney.com/notices/detail/601138/AN202511261788776554.html,,eastmoney_notice
SSE:601138,工业富联,2025-11-25,法律意见书,工业富联:北京市金杜律师事务所关于富士康工业互联网股份有限公司2025年第二次临时股东大会之法律意见书,https://data.eastmoney.com/notices/detail/601138/AN202511241787537906.html,institutional_capital,eastmoney_notice
SSE:601138,工业富联,2025-11-25,分配方案决议公告,工业富联:富士康工业互联网股份有限公司2025年第二次临时股东大会决议公告,https://data.eastmoney.com/notices/detail/601138/AN202511241787537905.html,institutional_capital,eastmoney_notice
SSE:601138,工业富联,2025-11-25,澄清公告,工业富联:富士康工业互联网股份有限公司澄清公告,https://data.eastmoney.com/notices/detail/601138/AN202511241787537904.html,,eastmoney_notice
SSE:601138,工业富联,2025-11-14,调研活动,工业富联:富士康工业互联网股份有限公司投资者关系活动记录表20251113,https://data.eastmoney.com/notices/detail/601138/AN202511141781202859.html,investor_relations,eastmoney_notice
SSE:601138,工业富联,2025-11-07,股东大会资料,工业富联:富士康工业互联网股份有限公司2025年第二次临时股东大会会议资料,https://data.eastmoney.com/notices/detail/601138/AN202511061776269575.html,institutional_capital,eastmoney_notice
SSE:601138,工业富联,2025-11-07,其他,工业富联:富士康工业互联网股份有限公司关于召开2025年第三季度业绩说明会的公告,https://data.eastmoney.com/notices/detail/601138/AN202511061776267349.html,investor_relations,eastmoney_notice
SSE:601138,工业富联,2025-11-05,回购进展情况,工业富联:富士康工业互联网股份有限公司关于股份回购进展公告,https://data.eastmoney.com/notices/detail/601138/AN202511041775000202.html,institutional_capital,eastmoney_notice
SSE:601138,工业富联,2025-10-30,公司章程修订,工业富联:富士康工业互联网股份有限公司关于取消监事会暨修订公司章程及部分公司治理制度的公告,https://data.eastmoney.com/notices/detail/601138/AN202510291771306235.html,,eastmoney_notice
SSE:601138,工业富联,2025-10-30,议事规则/实施细则,工业富联:富士康工业互联网股份有限公司董事会薪酬与考核委员会议事规则,https://data.eastmoney.com/notices/detail/601138/AN202510291771306213.html,,eastmoney_notice
SSE:601138,工业富联,2025-10-30,议事规则/实施细则,工业富联:富士康工业互联网股份有限公司董事会审计委员会议事规则,https://data.eastmoney.com/notices/detail/601138/AN202510291771306215.html,,eastmoney_notice
SSE:601138,工业富联,2025-10-30,董事会决议公告,工业富联:富士康工业互联网股份有限公司第三届董事会第二十八次会议决议公告,https://data.eastmoney.com/notices/detail/601138/AN202510291771306211.html,,eastmoney_notice
SSE:601138,工业富联,2025-10-30,议事规则/实施细则,工业富联:富士康工业互联网股份有限公司董事会议事规则,https://data.eastmoney.com/notices/detail/601138/AN202510291771306221.html,,eastmoney_notice
SSE:601138,工业富联,2025-10-30,管理办法/制度,工业富联:富士康工业互联网股份有限公司信息披露管理制度,https://data.eastmoney.com/notices/detail/601138/AN202510291771306222.html,,eastmoney_notice
SSE:601138,工业富联,2025-10-30,三季度报告全文,工业富联:富士康工业互联网股份有限公司2025年第三季度报告,https://data.eastmoney.com/notices/detail/601138/AN202510291771306226.html,earnings,eastmoney_notice
SSE:601138,工业富联,2025-10-30,管理办法/制度,工业富联:富士康工业互联网股份有限公司独立董事工作制度,https://data.eastmoney.com/notices/detail/601138/AN202510291771306227.html,,eastmoney_notice
SSE:601138,工业富联,2025-10-30,监事会决议公告,工业富联:富士康工业互联网股份有限公司第三届监事会第二十三次会议决议公告,https://data.eastmoney.com/notices/detail/601138/AN202510291771306229.html,,eastmoney_notice
SSE:601138,工业富联,2025-10-30,议事规则/实施细则,工业富联:富士康工业互联网股份有限公司股东会议事规则,https://data.eastmoney.com/notices/detail/601138/AN202510291771306224.html,institutional_capital,eastmoney_notice
SSE:601138,工业富联,2025-10-30,议事规则/实施细则,工业富联:富士康工业互联网股份有限公司董事会提名委员会议事规则,https://data.eastmoney.com/notices/detail/601138/AN202510291771306219.html,,eastmoney_notice
SSE:601138,工业富联,2025-10-30,召开股东大会通知,工业富联:富士康工业互联网股份有限公司关于召开2025年第二次临时股东大会的通知,https://data.eastmoney.com/notices/detail/601138/AN202510291771306217.html,institutional_capital,eastmoney_notice
SSE:601138,工业富联,2025-10-30,议事规则/实施细则,工业富联:富士康工业互联网股份有限公司董事会战略与可持续发展委员会议事规则,https://data.eastmoney.com/notices/detail/601138/AN202510291771306225.html,,eastmoney_notice
SSE:601138,工业富联,2025-10-30,管理办法/制度,工业富联:富士康工业互联网股份有限公司信息披露暂缓与豁免业务管理制度,https://data.eastmoney.com/notices/detail/601138/AN202510291771306228.html,,eastmoney_notice
SSE:601138,工业富联,2025-10-30,公司章程,工业富联:富士康工业互联网股份有限公司章程,https://data.eastmoney.com/notices/detail/601138/AN202510291771306216.html,,eastmoney_notice
SSE:601138,工业富联,2025-10-21,监事会决议公告,工业富联:富士康工业互联网股份有限公司第三届监事会第二十二次会议决议公告,https://data.eastmoney.com/notices/detail/601138/AN202510201765723674.html,,eastmoney_notice
SSE:601138,工业富联,2025-10-21,专项说明/独立意见,工业富联:富士康工业互联网股份有限公司监事会关于利润分配的核查意见,https://data.eastmoney.com/notices/detail/601138/AN202510201765723675.html,earnings,eastmoney_notice
SSE:601138,工业富联,2025-10-21,分配预案,工业富联:富士康工业互联网股份有限公司第三届董事会第二十七次会议决议公告,https://data.eastmoney.com/notices/detail/601138/AN202510201765723673.html,,eastmoney_notice
SSE:601138,工业富联,2025-10-21,分配预案,工业富联:富士康工业互联网股份有限公司关于公司2025年半年度利润分配方案的公告,https://data.eastmoney.com/notices/detail/601138/AN202510201765723676.html,earnings,eastmoney_notice
SSE:601138,工业富联,2025-10-11,股本变动,工业富联:富士康工业互联网股份有限公司关于2019年股票期权与限制性股票激励计划2025年第三季度自主行权结果暨股份变动的公告,https://data.eastmoney.com/notices/detail/601138/AN202510101759613668.html,institutional_capital,eastmoney_notice
SSE:601138,工业富联,2025-10-10,回购进展情况,工业富联:富士康工业互联网股份有限公司关于股份回购进展公告,https://data.eastmoney.com/notices/detail/601138/AN202510091758922736.html,institutional_capital,eastmoney_notice
SSE:601138,工业富联,2025-09-27,股权激励进展公告,工业富联:富士康工业互联网股份有限公司关于2019年股票期权与限制性股票激励计划限制行权期间的提示性公告,https://data.eastmoney.com/notices/detail/601138/AN202509261750993610.html,institutional_capital,eastmoney_notice
SSE:601138,工业富联,2025-09-16,回购实施公告,工业富联:富士康工业互联网股份有限公司关于股权激励限制性股票回购注销实施的公告,https://data.eastmoney.com/notices/detail/601138/AN202509151744230949.html,institutional_capital,eastmoney_notice
SSE:601138,工业富联,2025-09-16,法律意见书,工业富联:北京市金杜律师事务所关于富士康工业互联网股份有限公司2019年股票期权与限制性股票激励计划回购注销部分限制性股票相关事项的法律意见书,https://data.eastmoney.com/notices/detail/601138/AN202509151744230948.html,institutional_capital,eastmoney_notice
SSE:601138,工业富联,2025-09-13,股票交易异常波动,工业富联:富士康工业互联网股份有限公司股票交易异常波动公告,https://data.eastmoney.com/notices/detail/601138/AN202509121742386431.html,,eastmoney_notice
SSE:601138,工业富联,2025-09-02,回购进展情况,工业富联:富士康工业互联网股份有限公司关于股份回购进展公告,https://data.eastmoney.com/notices/detail/601138/AN202509011737683501.html,institutional_capital,eastmoney_notice
SSE:601138,工业富联,2025-08-18,调研活动,工业富联:富士康工业互联网股份有限公司投资者关系活动记录表20250815,https://data.eastmoney.com/notices/detail/601138/AN202508181729860120.html,investor_relations,eastmoney_notice
SSE:601138,工业富联,2025-08-15,高管人员任职变动,工业富联:富士康工业互联网股份有限公司第三届董事会第二十六次会议决议公告,https://data.eastmoney.com/notices/detail/601138/AN202508141727384267.html,,eastmoney_notice
SSE:601138,工业富联,2025-08-11,半年度报告全文,工业富联:富士康工业互联网股份有限公司2025年半年度报告,https://data.eastmoney.com/notices/detail/601138/AN202508101724881640.html,earnings,eastmoney_notice
SSE:601138,工业富联,2025-08-11,募集资金使用情况报告,工业富联:富士康工业互联网股份有限公司2025年半年度募集资金存放与使用情况的专项报告,https://data.eastmoney.com/notices/detail/601138/AN202508101724881646.html,,eastmoney_notice
SSE:601138,工业富联,2025-08-11,其他,工业富联:富士康工业互联网股份有限公司关于召开2025年半年度业绩说明会的公告,https://data.eastmoney.com/notices/detail/601138/AN202508101724899561.html,investor_relations,eastmoney_notice
SSE:601138,工业富联,2025-08-11,监事会决议公告,工业富联:富士康工业互联网股份有限公司第三届监事会第二十一次会议决议公告,https://data.eastmoney.com/notices/detail/601138/AN202508101724899568.html,,eastmoney_notice
SSE:601138,工业富联,2025-08-11,董事会决议公告,工业富联:富士康工业互联网股份有限公司第三届董事会第二十五次会议决议公告,https://data.eastmoney.com/notices/detail/601138/AN202508101724881654.html,,eastmoney_notice
SSE:601138,工业富联,2025-08-11,半年度报告摘要,工业富联:富士康工业互联网股份有限公司2025年半年度报告摘要,https://data.eastmoney.com/notices/detail/601138/AN202508101724881652.html,earnings,eastmoney_notice
SSE:601138,工业富联,2025-08-05,签订协议,工业富联:富士康工业互联网股份有限公司关于签订募集资金专户存储三方监管协议的公告,https://data.eastmoney.com/notices/detail/601138/AN202508041721365700.html,risk,eastmoney_notice
SSE:601138,工业富联,2025-08-05,回购进展情况,工业富联:富士康工业互联网股份有限公司关于股份回购进展公告,https://data.eastmoney.com/notices/detail/601138/AN202508041721365702.html,institutional_capital,eastmoney_notice
SSE:601138,工业富联,2025-08-01,股票交易异常波动,工业富联:富士康工业互联网股份有限公司股票交易异常波动公告,https://data.eastmoney.com/notices/detail/601138/AN202507311718993494.html,,eastmoney_notice
SSE:601138,工业富联,2025-07-29,其他,工业富联:富士康工业互联网股份有限公司2024年自然相关财务影响报告,https://data.eastmoney.com/notices/detail/601138/AN202507281717206586.html,,eastmoney_notice
SSE:601138,工业富联,2025-07-29,回购方案修订,工业富联:富士康工业互联网股份有限公司关于2024年年度权益分派实施后调整回购价格上限的公告,https://data.eastmoney.com/notices/detail/601138/AN202507281717206580.html,institutional_capital,eastmoney_notice
SSE:601138,工业富联,2025-07-29,监事会决议公告,工业富联:富士康工业互联网股份有限公司第三届监事会第二十次会议决议公告,https://data.eastmoney.com/notices/detail/601138/AN202507281717206582.html,,eastmoney_notice
SSE:601138,工业富联,2025-07-29,法律意见书,工业富联:北京市金杜律师事务所关于富士康工业互联网股份有限公司2019年股票期权与限制性股票激励计划调整股票期权行权价格的法律意见书,https://data.eastmoney.com/notices/detail/601138/AN202507281717206585.html,institutional_capital,eastmoney_notice
SSE:601138,工业富联,2025-07-29,董事会决议公告,工业富联:富士康工业互联网股份有限公司第三届董事会第二十四次会议决议公告,https://data.eastmoney.com/notices/detail/601138/AN202507281717206587.html,,eastmoney_notice
SSE:601138,工业富联,2025-07-29,股权激励行权价（数量）调整,工业富联:富士康工业互联网股份有限公司关于调整2019年股票期权与限制性股票激励计划股票期权行权价格的公告,https://data.eastmoney.com/notices/detail/601138/AN202507281717206584.html,institutional_capital,eastmoney_notice
SSE:601138,工业富联,2025-07-29,保荐/核查意见,工业富联:富士康工业互联网股份有限公司监事会关于调整2019年股票期权与限制性股票激励计划股票期权行权价格的核查意见,https://data.eastmoney.com/notices/detail/601138/AN202507281717206581.html,institutional_capital,eastmoney_notice
SSE:601138,工业富联,2025-07-29,管理办法/制度,工业富联:富士康工业互联网股份有限公司董事会多元化政策,https://data.eastmoney.com/notices/detail/601138/AN202507281717206583.html,,eastmoney_notice
SSE:601138,工业富联,2025-07-24,分配方案实施,工业富联:富士康工业互联网股份有限公司2024年年度权益分派实施公告,https://data.eastmoney.com/notices/detail/601138/AN202507231714281219.html,,eastmoney_notice
SSE:601138,工业富联,2025-07-24,保荐/核查意见,工业富联:中国国际金融股份有限公司关于富士康工业互联网股份有限公司2024年度差异化分红事项的核查意见,https://data.eastmoney.com/notices/detail/601138/AN202507231714281220.html,earnings,eastmoney_notice
SSE:601138,工业富联,2025-07-08,业绩预告,工业富联:富士康工业互联网股份有限公司2025年半年度业绩预告,https://data.eastmoney.com/notices/detail/601138/AN202507071704600000.html,earnings,eastmoney_notice
SSE:601138,工业富联,2025-07-03,股本变动,工业富联:富士康工业互联网股份有限公司关于2019年股票期权与限制性股票激励计划2025年第二季度自主行权结果暨股份变动的公告,https://data.eastmoney.com/notices/detail/601138/AN202507021701631173.html,institutional_capital,eastmoney_notice
SSE:601138,工业富联,2025-07-03,回购进展情况,工业富联:富士康工业互联网股份有限公司关于股份回购进展公告,https://data.eastmoney.com/notices/detail/601138/AN202507021701631172.html,institutional_capital,eastmoney_notice
SSE:601138,工业富联,2025-06-28,保荐/核查意见,工业富联:中国国际金融股份有限公司关于富士康工业互联网股份有限公司使用募集资金向募投项目实施主体增资实施募投项目的核查意见,https://data.eastmoney.com/notices/detail/601138/AN202506271698627053.html,capacity_project,eastmoney_notice
SSE:601138,工业富联,2025-06-28,股权激励进展公告,工业富联:富士康工业互联网股份有限公司关于2019年股票期权与限制性股票激励计划限制行权期间的提示性公告,https://data.eastmoney.com/notices/detail/601138/AN202506271698627048.html,institutional_capital,eastmoney_notice
SSE:601138,工业富联,2025-06-28,董事会决议公告,工业富联:富士康工业互联网股份有限公司第三届董事会第二十三次会议决议公告,https://data.eastmoney.com/notices/detail/601138/AN202506271698627049.html,,eastmoney_notice
SSE:601138,工业富联,2025-06-28,监事会决议公告,工业富联:富士康工业互联网股份有限公司第三届监事会第十九次会议决议公告,https://data.eastmoney.com/notices/detail/601138/AN202506271698627047.html,,eastmoney_notice
SSE:601138,工业富联,2025-06-28,ESG公告,工业富联:富士康工业互联网股份有限公司2024年可持续发展报告,https://data.eastmoney.com/notices/detail/601138/AN202506271698627050.html,,eastmoney_notice
SSE:601138,工业富联,2025-06-28,增资扩股,工业富联:富士康工业互联网股份有限公司关于使用募集资金向募投项目实施主体增资实施募投项目的公告,https://data.eastmoney.com/notices/detail/601138/AN202506271698627046.html,capacity_project,eastmoney_notice
SSE:601138,工业富联,2025-06-20,法律意见书,工业富联:富士康工业互联网股份有限公司2024年年度股东大会法律意见书,https://data.eastmoney.com/notices/detail/601138/AN202506191693875856.html,institutional_capital,eastmoney_notice
SSE:601138,工业富联,2025-06-20,分配方案决议公告,工业富联:富士康工业互联网股份有限公司2024年年度股东大会决议公告,https://data.eastmoney.com/notices/detail/601138/AN202506191693875853.html,institutional_capital,eastmoney_notice
SSE:601138,工业富联,2025-06-11,董事会决议公告,工业富联:富士康工业互联网股份有限公司第三届董事会第二十二次会议决议公告,https://data.eastmoney.com/notices/detail/601138/AN202506101688249845.html,,eastmoney_notice
SSE:601138,工业富联,2025-06-11,监事会决议公告,工业富联:富士康工业互联网股份有限公司第三届监事会第十八次会议决议公告,https://data.eastmoney.com/notices/detail/601138/AN202506101688249844.html,,eastmoney_notice
SSE:601138,工业富联,2025-06-11,员工持股计划,工业富联:富士康工业互联网股份有限公司关于2022年员工持股计划第二个锁定期届满暨解锁条件成就的公告,https://data.eastmoney.com/notices/detail/601138/AN202506101688249843.html,institutional_capital,eastmoney_notice
SSE:601138,工业富联,2025-06-11,股东大会资料,工业富联:富士康工业互联网股份有限公司2024年年度股东大会会议资料,https://data.eastmoney.com/notices/detail/601138/AN202506101688249784.html,institutional_capital,eastmoney_notice
SSE:601138,工业富联,2025-06-04,回购进展情况,工业富联:富士康工业互联网股份有限公司关于股份回购进展公告,https://data.eastmoney.com/notices/detail/601138/AN202506031684123078.html,institutional_capital,eastmoney_notice
SZSE:001389,广合科技,2026-05-29,其他,广合科技:关于中证中小投资者服务中心有限责任公司公开征集表决权的公告,https://data.eastmoney.com/notices/detail/001389/AN202605281822946161.html,,eastmoney_notice
SZSE:001389,广合科技,2026-05-28,高管人员任职变动,广合科技:第二届董事会第二十五次会议决议公告,https://data.eastmoney.com/notices/detail/001389/AN202605271822913524.html,,eastmoney_notice
SZSE:001389,广合科技,2026-05-28,审计机构变更,广合科技:关于续聘2026年度会计师事务所的公告,https://data.eastmoney.com/notices/detail/001389/AN202605271822913529.html,,eastmoney_notice
SZSE:001389,广合科技,2026-05-28,保荐/核查意见,广合科技:国联民生证券承销保荐有限公司关于广州广合科技股份有限公司使用募集资金向全资子公司增资实施募投项目的核查意见,https://data.eastmoney.com/notices/detail/001389/AN202605271822913535.html,capacity_project,eastmoney_notice
SZSE:001389,广合科技,2026-05-28,高管人员任职变动,广合科技:关于董事会换届选举的公告,https://data.eastmoney.com/notices/detail/001389/AN202605271822913528.html,,eastmoney_notice
SZSE:001389,广合科技,2026-05-28,其他,广合科技:关于统一采用中国企业会计准则编制财务报告的公告,https://data.eastmoney.com/notices/detail/001389/AN202605271822913522.html,,eastmoney_notice
SZSE:001389,广合科技,2026-05-28,增资扩股,广合科技:关于使用募集资金向全资子公司增资实施募投项目的公告,https://data.eastmoney.com/notices/detail/001389/AN202605271822913526.html,capacity_project,eastmoney_notice
SZSE:001389,广合科技,2026-05-28,独立董事候选人声明,广合科技:独立董事候选人声明与承诺(施凌),https://data.eastmoney.com/notices/detail/001389/AN202605271822913530.html,,eastmoney_notice
SZSE:001389,广合科技,2026-05-28,独立董事提名人声明,广合科技:独立董事提名人声明与承诺(施凌),https://data.eastmoney.com/notices/detail/001389/AN202605271822913533.html,,eastmoney_notice
SZSE:001389,广合科技,2026-05-28,独立董事提名人声明,广合科技:独立董事提名人声明与承诺(张瑾),https://data.eastmoney.com/notices/detail/001389/AN202605271822913534.html,,eastmoney_notice
SZSE:001389,广合科技,2026-05-28,独立董事候选人声明,广合科技:独立董事候选人声明与承诺(张瑾),https://data.eastmoney.com/notices/detail/001389/AN202605271822913531.html,,eastmoney_notice
SZSE:001389,广合科技,2026-05-28,独立董事提名人声明,广合科技:独立董事提名人声明与承诺(陈丽梅),https://data.eastmoney.com/notices/detail/001389/AN202605271822913532.html,,eastmoney_notice
SZSE:001389,广合科技,2026-05-28,独立董事候选人声明,广合科技:独立董事候选人声明与承诺(陈丽梅),https://data.eastmoney.com/notices/detail/001389/AN202605271822913525.html,,eastmoney_notice
SZSE:001389,广合科技,2026-05-28,召开股东大会通知,广合科技:关于召开2025年年度股东会的通知,https://data.eastmoney.com/notices/detail/001389/AN202605271822913521.html,institutional_capital,eastmoney_notice
SZSE:001389,广合科技,2026-05-21,公司关联方基本资料变更,广合科技:关于全资子公司增资完成工商变更登记的公告,https://data.eastmoney.com/notices/detail/001389/AN202605201822493637.html,,eastmoney_notice
SZSE:001389,广合科技,2026-05-15,调研活动,广合科技:2026年5月15日投资者关系活动记录表,https://data.eastmoney.com/notices/detail/001389/AN202605151822349572.html,investor_relations,eastmoney_notice
SZSE:001389,广合科技,2026-05-07,其他,广合科技:H股公告-截至二零二六年四月三十日止月份之股份发行人的证券变动月报表,https://data.eastmoney.com/notices/detail/001389/AN202605061821992666.html,,eastmoney_notice
SZSE:001389,广合科技,2026-04-30,法律意见书,广合科技:关于公司2024年股票期权与限制性股票激励计划首次授予股票期权(特别授予部分)第一个行权期行权条件成就、首次授予限制性股票(特别授予部分)第一个解除限售期解除限售条件成就及注销部分股票期权与回购注销部分限制性股票的法律意见书,https://data.eastmoney.com/notices/detail/001389/AN202604291821744794.html,institutional_capital,eastmoney_notice
SZSE:001389,广合科技,2026-04-30,董事会决议公告,广合科技:第二届董事会第二十四次会议决议公告,https://data.eastmoney.com/notices/detail/001389/AN202604291821742081.html,,eastmoney_notice
SZSE:001389,广合科技,2026-04-30,公司注册资本变更,广合科技:关于变更公司注册资本、修订《公司章程》并办理工商变更登记的公告,https://data.eastmoney.com/notices/detail/001389/AN202604291821742077.html,,eastmoney_notice
SZSE:001389,广合科技,2026-04-30,回购进展情况,广合科技:关于注销部分股票期权与回购注销部分限制性股票的公告,https://data.eastmoney.com/notices/detail/001389/AN202604291821742078.html,institutional_capital,eastmoney_notice
SZSE:001389,广合科技,2026-04-30,一季度报告全文,广合科技:2026年一季度报告,https://data.eastmoney.com/notices/detail/001389/AN202604291821742075.html,earnings,eastmoney_notice
SZSE:001389,广合科技,2026-04-30,专项说明/独立意见,广合科技:董事会薪酬与考核委员会关于2024年股票期权与限制性股票激励计划(特别授予部分)第一个行权期行权条件成就、第一个解除限售期解除限售条件成就及注销部分股票期权与回购注销部分限制性股票相关事项的核查意见,https://data.eastmoney.com/notices/detail/001389/AN202604291821741951.html,institutional_capital,eastmoney_notice
SZSE:001389,广合科技,2026-04-30,增资扩股,广合科技:关于向全资子公司增资的公告,https://data.eastmoney.com/notices/detail/001389/AN202604291821741950.html,,eastmoney_notice
SZSE:001389,广合科技,2026-04-30,其他,广合科技:关于举行2025年度网上业绩说明会的公告,https://data.eastmoney.com/notices/detail/001389/AN202604291821741949.html,investor_relations,eastmoney_notice
SZSE:001389,广合科技,2026-04-30,股权激励进展公告,广合科技:关于2024年股票期权与限制性股票激励计划首次授予股票期权(特别授予部分)第一个行权期行权条件成就的公告,https://data.eastmoney.com/notices/detail/001389/AN202604291821741948.html,institutional_capital,eastmoney_notice
SZSE:001389,广合科技,2026-04-30,限售股份上市流通,广合科技:关于2024年股票期权与限制性股票激励计划首次授予限制性股票(特别授予部分)第一个解除限售期解除限售条件成就的公告,https://data.eastmoney.com/notices/detail/001389/AN202604291821741943.html,institutional_capital,eastmoney_notice
SZSE:001389,广合科技,2026-04-30,公司章程,广合科技:公司章程,https://data.eastmoney.com/notices/detail/001389/AN202604291821741952.html,,eastmoney_notice
SZSE:001389,广合科技,2026-04-25,股本变动,广合科技:关于部分限制性股票回购注销完成的公告,https://data.eastmoney.com/notices/detail/001389/AN202604241821554069.html,institutional_capital,eastmoney_notice
SZSE:001389,广合科技,2026-04-18,其他,广合科技:H股公告-董事会会议召开日期,https://data.eastmoney.com/notices/detail/001389/AN202604171821300396.html,,eastmoney_notice
SZSE:001389,广合科技,2026-04-15,股权激励进展公告,广合科技:关于部分股票期权注销完成的公告,https://data.eastmoney.com/notices/detail/001389/AN202604141821177995.html,,eastmoney_notice
SZSE:001389,广合科技,2026-04-09,其他,广合科技:H股公告-截至二零二六年三月三十一日止月份之股份发行人的证券变动月报表,https://data.eastmoney.com/notices/detail/001389/AN202604091821077153.html,,eastmoney_notice
SZSE:001389,广合科技,2026-04-09,业绩预告,广合科技:2026年第一季度业绩预告,https://data.eastmoney.com/notices/detail/001389/AN202604081821066953.html,earnings,eastmoney_notice
SZSE:001389,广合科技,2026-03-30,调研活动,广合科技:2026年3月30日投资者关系活动记录表,https://data.eastmoney.com/notices/detail/001389/AN202603301820868858.html,investor_relations,eastmoney_notice
SZSE:001389,广合科技,2026-03-28,保荐/核查意见,广合科技:国联民生证券承销保荐有限公司关于广州广合科技股份有限公司2025年度募集资金存放、管理与实际使用的核查意见,https://data.eastmoney.com/notices/detail/001389/AN202603271820812076.html,,eastmoney_notice
SZSE:001389,广合科技,2026-03-28,分配预案,广合科技:第二届董事会第二十三次会议决议公告,https://data.eastmoney.com/notices/detail/001389/AN202603271820812036.html,,eastmoney_notice
SZSE:001389,广合科技,2026-03-28,专项说明/独立意见,广合科技:非经营性资金占用及其他关联资金往来情况专项说明,https://data.eastmoney.com/notices/detail/001389/AN202603271820812058.html,,eastmoney_notice
SZSE:001389,广合科技,2026-03-28,其他,广合科技:关于对会计师事务所履职情况的评估报告暨审计委员会对会计师事务所履行监督职责情况的报告,https://data.eastmoney.com/notices/detail/001389/AN202603271820812063.html,,eastmoney_notice
SZSE:001389,广合科技,2026-03-28,保荐/核查意见,广合科技:国联民生证券承销保荐有限公司关于广州广合科技股份有限公司开展外汇套期保值业务的核查意见,https://data.eastmoney.com/notices/detail/001389/AN202603271820812053.html,,eastmoney_notice
SZSE:001389,广合科技,2026-03-28,审计报告,广合科技:内部控制审计报告,https://data.eastmoney.com/notices/detail/001389/AN202603271820812049.html,,eastmoney_notice
SZSE:001389,广合科技,2026-03-28,独立董事述职报告,广合科技:2025年度独立董事述职报告(施凌),https://data.eastmoney.com/notices/detail/001389/AN202603271820812064.html,,eastmoney_notice
SZSE:001389,广合科技,2026-03-28,募集资金使用情况报告,广合科技:2025年度募集资金存放、管理与实际使用情况的专项报告,https://data.eastmoney.com/notices/detail/001389/AN202603271820812068.html,,eastmoney_notice
SZSE:001389,广合科技,2026-03-28,独立董事述职报告,广合科技:2025年度独立董事述职报告(陈丽梅),https://data.eastmoney.com/notices/detail/001389/AN202603271820812083.html,,eastmoney_notice
SZSE:001389,广合科技,2026-03-28,其他,广合科技:关于开展汇率套期保值业务的可行性分析报告,https://data.eastmoney.com/notices/detail/001389/AN202603271820812047.html,,eastmoney_notice
SZSE:001389,广合科技,2026-03-28,投资理财,广合科技:关于使用部分暂时闲置募集资金进行现金管理的公告,https://data.eastmoney.com/notices/detail/001389/AN202603271820812065.html,,eastmoney_notice
SZSE:001389,广合科技,2026-03-28,变更募集资金投资项目,广合科技:关于部分募集资金投资项目延期的公告,https://data.eastmoney.com/notices/detail/001389/AN202603271820812041.html,capacity_project,eastmoney_notice
SZSE:001389,广合科技,2026-03-28,资金占用,广合科技:2025年度非经营性资金占用及其他关联资金往来情况汇总表,https://data.eastmoney.com/notices/detail/001389/AN202603271820812080.html,,eastmoney_notice
SZSE:001389,广合科技,2026-03-28,独立董事述职报告,广合科技:2025年度独立董事述职报告(李莹),https://data.eastmoney.com/notices/detail/001389/AN202603271820812072.html,,eastmoney_notice
SZSE:001389,广合科技,2026-03-28,保荐/核查意见,广合科技:国联民生证券承销保荐有限公司关于广州广合科技股份有限公司部分募集资金投资项目延期的核查意见,https://data.eastmoney.com/notices/detail/001389/AN202603271820812035.html,capacity_project,eastmoney_notice
SZSE:001389,广合科技,2026-03-28,保荐/核查意见,广合科技:国联民生证券承销保荐有限公司关于广州广合科技股份有限公司2025年度内部控制自我评价报告的核查意见,https://data.eastmoney.com/notices/detail/001389/AN202603271820812052.html,,eastmoney_notice
SZSE:001389,广合科技,2026-03-28,保荐/核查意见,广合科技:国联民生证券承销保荐有限公司关于广州广合科技股份有限公司使用部分暂时闲置募集资金进行现金管理的核查意见,https://data.eastmoney.com/notices/detail/001389/AN202603271820812059.html,,eastmoney_notice
SZSE:001389,广合科技,2026-03-28,内部控制报告,广合科技:2025年度内部控制自我评价报告,https://data.eastmoney.com/notices/detail/001389/AN202603271820812042.html,,eastmoney_notice
SZSE:001389,广合科技,2026-03-28,分配预案,广合科技:关于公司2025年度利润分配预案的公告,https://data.eastmoney.com/notices/detail/001389/AN202603271820812074.html,earnings,eastmoney_notice
SZSE:001389,广合科技,2026-03-28,自查报告,广合科技:董事会关于独立董事独立性自查情况的专项报告,https://data.eastmoney.com/notices/detail/001389/AN202603271820812079.html,,eastmoney_notice
SZSE:001389,广合科技,2026-03-28,其他,广合科技:关于开展外汇套期保值业务的公告,https://data.eastmoney.com/notices/detail/001389/AN202603271820812056.html,,eastmoney_notice
SZSE:001389,广合科技,2026-03-28,提供/对外担保公告,广合科技:关于为子公司向银行申请综合授信额度提供担保额度的公告,https://data.eastmoney.com/notices/detail/001389/AN202603271820812066.html,,eastmoney_notice
SZSE:001389,广合科技,2026-03-28,ESG公告,广合科技:2025年度环境、社会和公司治理(ESG)报告,https://data.eastmoney.com/notices/detail/001389/AN202603271820812057.html,,eastmoney_notice
SZSE:001389,广合科技,2026-03-28,审计报告,广合科技:2025年年度审计报告,https://data.eastmoney.com/notices/detail/001389/AN202603271820812038.html,,eastmoney_notice
SZSE:001389,广合科技,2026-03-28,年度报告全文,广合科技:2025年年度报告,https://data.eastmoney.com/notices/detail/001389/AN202603271820812045.html,earnings,eastmoney_notice
SZSE:001389,广合科技,2026-03-28,保荐/核查意见,广合科技:国联民生证券承销保荐有限公司关于广州广合科技股份有限公司2025年度保荐工作报告,https://data.eastmoney.com/notices/detail/001389/AN202603271820812075.html,,eastmoney_notice
SZSE:001389,广合科技,2026-03-28,保荐/核查意见,广合科技:募集资金存放与实际使用情况鉴证报告,https://data.eastmoney.com/notices/detail/001389/AN202603271820812062.html,,eastmoney_notice
SZSE:001389,广合科技,2026-03-28,年度报告摘要,广合科技:2025年年度报告摘要,https://data.eastmoney.com/notices/detail/001389/AN202603271820812054.html,earnings,eastmoney_notice
SZSE:001389,广合科技,2026-03-28,其他,广合科技:2025年度董事会工作报告,https://data.eastmoney.com/notices/detail/001389/AN202603271820812070.html,,eastmoney_notice
SZSE:001389,广合科技,2026-03-21,其他,广合科技:H股公告-董事会会议召开日期,https://data.eastmoney.com/notices/detail/001389/AN202603201820671570.html,,eastmoney_notice
SZSE:001389,广合科技,2026-03-21,其他,广合科技:关于境外上市外资股(H股)调入港股通标的证券名单的公告,https://data.eastmoney.com/notices/detail/001389/AN202603201820666951.html,,eastmoney_notice
SZSE:001389,广合科技,2026-03-21,其他,广合科技:关于境外上市外资股(H股)挂牌并上市交易的公告,https://data.eastmoney.com/notices/detail/001389/AN202603201820666952.html,,eastmoney_notice
SZSE:001389,广合科技,2026-03-21,其他,广合科技:关于控股股东及其一致行动人及持股5%以上股东持股比例被动稀释触及1%及5%整数倍的提示性公告,https://data.eastmoney.com/notices/detail/001389/AN202603201820666946.html,institutional_capital,eastmoney_notice
SZSE:001389,广合科技,2026-03-19,其他,广合科技:关于境外上市外资股(H股)公开发行价格的公告,https://data.eastmoney.com/notices/detail/001389/AN202603181820625546.html,,eastmoney_notice
SZSE:001389,广合科技,2026-03-17,法律意见书,广合科技:上海市锦天城(深圳)律师事务所关于广州广合科技股份有限公司2026年第一次临时股东会的法律意见书,https://data.eastmoney.com/notices/detail/001389/AN202603161820580947.html,institutional_capital,eastmoney_notice
SZSE:001389,广合科技,2026-03-17,股东大会决议公告,广合科技:2026年第一次临时股东会决议公告,https://data.eastmoney.com/notices/detail/001389/AN202603161820580951.html,institutional_capital,eastmoney_notice
SZSE:001389,广合科技,2026-03-12,其他,广合科技:关于刊发H股招股说明书、H股发行价格上限及H股香港公开发售等事宜的公告,https://data.eastmoney.com/notices/detail/001389/AN202603121820507031.html,,eastmoney_notice
SZSE:001389,广合科技,2026-03-02,其他,广合科技:关于刊发境外上市外资股(H股)发行聆讯后资料集的公告,https://data.eastmoney.com/notices/detail/001389/AN202603021820177288.html,,eastmoney_notice
SZSE:001389,广合科技,2026-02-28,关联交易,广合科技:关于2026年度日常关联交易预计的公告,https://data.eastmoney.com/notices/detail/001389/AN202602271820106546.html,,eastmoney_notice
SZSE:001389,广合科技,2026-02-28,其他,广合科技:股息政策(草案)(H股发行上市后适用),https://data.eastmoney.com/notices/detail/001389/AN202602271820106558.html,,eastmoney_notice
SZSE:001389,广合科技,2026-02-28,管理办法/制度,广合科技:互动易平台信息发布及回复内部审核制度(2026年2月),https://data.eastmoney.com/notices/detail/001389/AN202602271820106574.html,,eastmoney_notice
SZSE:001389,广合科技,2026-02-28,召开股东大会通知,广合科技:关于召开2026年第一次临时股东会的通知,https://data.eastmoney.com/notices/detail/001389/AN202602271820106561.html,institutional_capital,eastmoney_notice
SZSE:001389,广合科技,2026-02-28,管理办法/制度,广合科技:关联(连)交易管理制度(草案)(H股发行上市后适用),https://data.eastmoney.com/notices/detail/001389/AN202602271820106549.html,,eastmoney_notice
SZSE:001389,广合科技,2026-02-28,管理办法/制度,广合科技:董事、高级管理人员离职管理制度(2026年2月),https://data.eastmoney.com/notices/detail/001389/AN202602271820106538.html,,eastmoney_notice
SZSE:001389,广合科技,2026-02-28,保荐/核查意见,广合科技:国联民生证券承销保荐有限公司关于广州广合科技股份有限公司2026年度日常关联交易预计的核查意见,https://data.eastmoney.com/notices/detail/001389/AN202602271820106567.html,,eastmoney_notice
SZSE:001389,广合科技,2026-02-28,其他,广合科技:董事会成员与员工多元化政策(草案)(H股发行上市后适用),https://data.eastmoney.com/notices/detail/001389/AN202602271820106544.html,,eastmoney_notice
SZSE:001389,广合科技,2026-02-28,其他,广合科技:环境、社会与公司治理责任政策(草案)(H股发行上市后适用),https://data.eastmoney.com/notices/detail/001389/AN202602271820106564.html,,eastmoney_notice
SZSE:001389,广合科技,2026-02-28,管理办法/制度,广合科技:信息披露暂缓、豁免管理制度(2026年2月),https://data.eastmoney.com/notices/detail/001389/AN202602271820106559.html,,eastmoney_notice
SZSE:001389,广合科技,2026-02-28,其他,广合科技:关于2025年度部分财务数据的自愿性披露公告,https://data.eastmoney.com/notices/detail/001389/AN202602271820106540.html,,eastmoney_notice
SZSE:001389,广合科技,2026-02-28,管理办法/制度,广合科技:外汇套期保值管理制度(2026年2月),https://data.eastmoney.com/notices/detail/001389/AN202602271820106553.html,,eastmoney_notice
SZSE:001389,广合科技,2026-02-28,议事规则/实施细则,广合科技:董事会提名委员会工作细则(草案)(H股发行上市后适用),https://data.eastmoney.com/notices/detail/001389/AN202602271820106542.html,,eastmoney_notice
SZSE:001389,广合科技,2026-02-28,公司章程,广合科技:公司章程(草案)(H股发行上市后适用),https://data.eastmoney.com/notices/detail/001389/AN202602271820106557.html,,eastmoney_notice
SZSE:001389,广合科技,2026-02-28,公司章程修订,广合科技:关于修订及制定公司于H股发行上市后适用的《公司章程(草案)》及公司部分治理制度的公告,https://data.eastmoney.com/notices/detail/001389/AN202602271820106539.html,,eastmoney_notice
SZSE:001389,广合科技,2026-02-28,其他,广合科技:外聘核数师提供非核数服务政策(草案)(H股发行上市后适用),https://data.eastmoney.com/notices/detail/001389/AN202602271820106572.html,,eastmoney_notice
SZSE:001389,广合科技,2026-02-28,其他,广合科技:股东提名人选参选董事的程序(草案)(H股发行上市后适用),https://data.eastmoney.com/notices/detail/001389/AN202602271820106550.html,institutional_capital,eastmoney_notice
SZSE:001389,广合科技,2026-02-28,董事会决议公告,广合科技:第二届董事会第二十二次会议决议公告,https://data.eastmoney.com/notices/detail/001389/AN202602271820106541.html,,eastmoney_notice
SZSE:001389,广合科技,2026-02-28,其他,广合科技:股东通讯政策(草案)(H股发行上市后适用),https://data.eastmoney.com/notices/detail/001389/AN202602271820106565.html,institutional_capital,eastmoney_notice
SZSE:001389,广合科技,2026-02-28,管理办法/制度,广合科技:重大事项内部报告制度(草案)(H股发行上市后适用),https://data.eastmoney.com/notices/detail/001389/AN202602271820106562.html,,eastmoney_notice
SZSE:001389,广合科技,2026-02-28,审计机构变更,广合科技:关于聘任2025年度H股审计机构的公告,https://data.eastmoney.com/notices/detail/001389/AN202602271820106566.html,,eastmoney_notice
SZSE:001389,广合科技,2026-02-28,管理办法/制度,广合科技:董事、高级管理人员薪酬管理制度(2026年2月),https://data.eastmoney.com/notices/detail/001389/AN202602271820106547.html,,eastmoney_notice
SZSE:001389,广合科技,2026-02-28,议事规则/实施细则,广合科技:控股股东、实际控制人、董事、高级管理人员对外发布信息行为规范(2026年2月),https://data.eastmoney.com/notices/detail/001389/AN202602271820106543.html,institutional_capital,eastmoney_notice
SZSE:001389,广合科技,2026-02-28,管理办法/制度,广合科技:反不当行为及举报管理制度(草案)(H股发行上市后适用),https://data.eastmoney.com/notices/detail/001389/AN202602271820106554.html,,eastmoney_notice
SZSE:001389,广合科技,2026-02-28,议事规则/实施细则,广合科技:董事会审计委员会工作细则(草案)(H股发行上市后适用),https://data.eastmoney.com/notices/detail/001389/AN202602271820106570.html,,eastmoney_notice
SZSE:001389,广合科技,2026-02-28,议事规则/实施细则,广合科技:董事会薪酬与考核委员会工作细则(草案)(H股发行上市后适用),https://data.eastmoney.com/notices/detail/001389/AN202602271820106545.html,,eastmoney_notice
SZSE:001389,广合科技,2026-02-28,管理办法/制度,广合科技:对外投资管理制度(2026年2月),https://data.eastmoney.com/notices/detail/001389/AN202602271820106568.html,,eastmoney_notice
SZSE:001389,广合科技,2026-01-31,其他,广合科技:关于香港联交所审议公司发行境外上市外资股(H股)的公告,https://data.eastmoney.com/notices/detail/001389/AN202601301818589573.html,,eastmoney_notice
SZSE:001389,广合科技,2026-01-30,董事会决议公告,广合科技:第二届董事会第二十一次会议决议公告,https://data.eastmoney.com/notices/detail/001389/AN202601291818541745.html,,eastmoney_notice
SZSE:001389,广合科技,2026-01-30,保荐/核查意见,广合科技:国联民生证券承销保荐有限公司关于广州广合科技股份有限公司使用募集资金向全资子公司增资实施募投项目的核查意见,https://data.eastmoney.com/notices/detail/001389/AN202601291818541744.html,capacity_project,eastmoney_notice
SZSE:001389,广合科技,2026-01-30,增资扩股,广合科技:关于使用募集资金向全资子公司增资实施募投项目的公告,https://data.eastmoney.com/notices/detail/001389/AN202601291818541738.html,capacity_project,eastmoney_notice
SZSE:001389,广合科技,2026-01-24,其他,广合科技:关于发行境外上市股份(H股)获得中国证监会备案的公告,https://data.eastmoney.com/notices/detail/001389/AN202601231818322675.html,,eastmoney_notice
SZSE:001389,广合科技,2026-01-23,股票交易异常波动,广合科技:关于公司股价异动的公告,https://data.eastmoney.com/notices/detail/001389/AN202601221818278570.html,,eastmoney_notice
SZSE:001389,广合科技,2026-01-16,业绩预告,广合科技:2025年度业绩预告,https://data.eastmoney.com/notices/detail/001389/AN202601151817053683.html,earnings,eastmoney_notice
SZSE:001389,广合科技,2025-12-30,收购出售资产/股权,广合科技:关于拟购买房产的进展公告,https://data.eastmoney.com/notices/detail/001389/AN202512291810643808.html,,eastmoney_notice
SZSE:001389,广合科技,2025-12-26,保荐/核查意见,广合科技:国联民生证券承销保荐有限公司关于广州广合科技股份有限公司2025年度持续督导培训情况的报告,https://data.eastmoney.com/notices/detail/001389/AN202512251807887817.html,,eastmoney_notice
SZSE:001389,广合科技,2025-12-26,保荐/核查意见,广合科技:国联民生证券承销保荐有限公司关于广州广合科技股份有限公司2025年度持续督导定期现场检查报告,https://data.eastmoney.com/notices/detail/001389/AN202512251807887818.html,,eastmoney_notice
SZSE:001389,广合科技,2025-12-23,调研活动,广合科技:2025年12月11日-23日投资者关系活动记录表,https://data.eastmoney.com/notices/detail/001389/AN202512231806597070.html,investor_relations,eastmoney_notice
SZSE:001389,广合科技,2025-12-16,股东大会决议公告,广合科技:2025年第五次临时股东会决议公告,https://data.eastmoney.com/notices/detail/001389/AN202512151801080722.html,institutional_capital,eastmoney_notice
SZSE:001389,广合科技,2025-12-16,法律意见书,广合科技:上海市锦天城(深圳)律师事务所关于广州广合科技股份有限公司2025年第五次临时股东会的法律意见书,https://data.eastmoney.com/notices/detail/001389/AN202512151801080693.html,institutional_capital,eastmoney_notice
SZSE:001389,广合科技,2025-12-16,公司注册资本变更,广合科技:关于回购注销部分限制性股票减少注册资本暨通知债权人的公告,https://data.eastmoney.com/notices/detail/001389/AN202512151801080657.html,institutional_capital,eastmoney_notice
SZSE:001389,广合科技,2025-12-15,其他,广合科技:关于申请发行境外上市股份(H股)并上市的进展公告,https://data.eastmoney.com/notices/detail/001389/AN202512151800772419.html,,eastmoney_notice
SZSE:001389,广合科技,2025-12-10,股权激励进展公告,广合科技:关于2024年股票期权与限制性股票激励计划首次授予股票期权(非特别授予部分)第一个行权期采用自主行权模式的提示性公告,https://data.eastmoney.com/notices/detail/001389/AN202512091797000258.html,institutional_capital,eastmoney_notice
SZSE:001389,广合科技,2025-12-10,限售股份上市流通,广合科技:关于2024年股票期权与限制性股票激励计划首次授予限制性股票(非特别授予部分)第一个解除限售期解除限售股份上市流通的提示性公告,https://data.eastmoney.com/notices/detail/001389/AN202512091797000261.html,institutional_capital,eastmoney_notice
SZSE:001389,广合科技,2025-11-29,审计机构变更,广合科技:关于拟续聘会计师事务所的公告,https://data.eastmoney.com/notices/detail/001389/AN202511281790094691.html,,eastmoney_notice
SZSE:001389,广合科技,2025-11-29,收购出售资产/股权,广合科技:关于拟购买房产的公告,https://data.eastmoney.com/notices/detail/001389/AN202511281790094686.html,,eastmoney_notice
SZSE:001389,广合科技,2025-11-29,法律意见书,广合科技:《上海市锦天城(深圳)律师事务所关于公司2024年股票期权与限制性股票激励计划首次授予股票期权第一个行权期行权条件成就、首次授予限制性股票第一个解除限售期解除限售条件成就及注销部分股票期权与回购注销部分限制性股票的法律意见书》,https://data.eastmoney.com/notices/detail/001389/AN202511281790094692.html,institutional_capital,eastmoney_notice
SZSE:001389,广合科技,2025-11-29,董事会决议公告,广合科技:第二届董事会第二十次会议决议公告,https://data.eastmoney.com/notices/detail/001389/AN202511281790094690.html,,eastmoney_notice
SZSE:001389,广合科技,2025-11-29,召开股东大会通知,广合科技:关于召开2025年第五次临时股东会的通知,https://data.eastmoney.com/notices/detail/001389/AN202511281790094688.html,institutional_capital,eastmoney_notice
SZSE:001389,广合科技,2025-11-29,限售股份上市流通,广合科技:关于2024年股票期权与限制性股票激励计划首次授予限制性股票(非特别授予部分)第一个解除限售期解除限售条件成就的公告,https://data.eastmoney.com/notices/detail/001389/AN202511281790094687.html,institutional_capital,eastmoney_notice
SZSE:001389,广合科技,2025-11-29,股权激励进展公告,广合科技:关于2024年股票期权与限制性股票激励计划首次授予股票期权(非特别授予部分)第一个行权期行权条件成就的公告,https://data.eastmoney.com/notices/detail/001389/AN202511281790094689.html,institutional_capital,eastmoney_notice
SZSE:001389,广合科技,2025-11-29,回购进展情况,广合科技:关于注销部分股票期权与回购注销部分限制性股票的公告,https://data.eastmoney.com/notices/detail/001389/AN202511281790094685.html,institutional_capital,eastmoney_notice
SZSE:001389,广合科技,2025-11-29,专项说明/独立意见,广合科技:董事会薪酬与考核委员会关于2024年股票期权与限制性股票激励计划(非特别授予部分)第一个行权期行权条件成就、第一个解除限售期解除限售条件成就及注销部分股票期权与回购注销部分限制性股票相关事项的核查意见,https://data.eastmoney.com/notices/detail/001389/AN202511281790094684.html,institutional_capital,eastmoney_notice
SZSE:001389,广合科技,2025-11-14,法律意见书,广合科技:上海市锦天城(深圳)律师事务所关于广州广合科技股份有限公司2025年第四次临时股东会的法律意见书,https://data.eastmoney.com/notices/detail/001389/AN202511131780639115.html,institutional_capital,eastmoney_notice
SZSE:001389,广合科技,2025-11-14,股东大会决议公告,广合科技:2025年第四次临时股东会决议公告,https://data.eastmoney.com/notices/detail/001389/AN202511131780638312.html,institutional_capital,eastmoney_notice
SZSE:001389,广合科技,2025-11-06,股本变动,广合科技:关于2024年股票期权与限制性股票激励计划限制性股票预留授予登记完成的公告,https://data.eastmoney.com/notices/detail/001389/AN202511051775651177.html,institutional_capital,eastmoney_notice
SZSE:001389,广合科技,2025-11-06,股本变动,广合科技:关于2024年股票期权与限制性股票激励计划股票期权预留授予登记完成的公告,https://data.eastmoney.com/notices/detail/001389/AN202511051775649228.html,institutional_capital,eastmoney_notice
SZSE:001389,广合科技,2025-10-31,股本变动,广合科技:关于部分限制性股票回购注销完成的公告,https://data.eastmoney.com/notices/detail/001389/AN202510301772006382.html,institutional_capital,eastmoney_notice
SZSE:001389,广合科技,2025-10-28,董事会决议公告,广合科技:第二届董事会第十九次会议决议公告,https://data.eastmoney.com/notices/detail/001389/AN202510271770074216.html,,eastmoney_notice
SZSE:001389,广合科技,2025-10-28,提供/对外担保公告,广合科技:关于公司及子公司向银行申请综合授信额度暨对子公司提供担保的公告,https://data.eastmoney.com/notices/detail/001389/AN202510271770075178.html,,eastmoney_notice
SZSE:001389,广合科技,2025-10-28,三季度报告全文,广合科技:2025年三季度报告,https://data.eastmoney.com/notices/detail/001389/AN202510271770075210.html,earnings,eastmoney_notice
SZSE:001389,广合科技,2025-10-28,召开股东大会通知,广合科技:关于召开2025年第四次临时股东会的通知,https://data.eastmoney.com/notices/detail/001389/AN202510271770075189.html,institutional_capital,eastmoney_notice
SZSE:001389,广合科技,2025-10-25,股权激励进展公告,广合科技:关于部分股票期权注销完成的公告,https://data.eastmoney.com/notices/detail/001389/AN202510241768161086.html,,eastmoney_notice
SZSE:001389,广合科技,2025-10-21,收购出售资产/股权,广合科技:关于拟购买土地使用权并投资建设云擎智造基地项目的进展公告,https://data.eastmoney.com/notices/detail/001389/AN202510201765742519.html,capacity_project,eastmoney_notice
SZSE:001389,广合科技,2025-10-11,股东大会决议公告,广合科技:2025年第三次临时股东会决议公告,https://data.eastmoney.com/notices/detail/001389/AN202510101759613698.html,institutional_capital,eastmoney_notice
SZSE:001389,广合科技,2025-10-11,公司注册资本变更,广合科技:关于回购注销部分限制性股票减少注册资本暨通知债权人的公告,https://data.eastmoney.com/notices/detail/001389/AN202510101759613700.html,institutional_capital,eastmoney_notice
SZSE:001389,广合科技,2025-10-11,法律意见书,广合科技:上海市锦天城(深圳)律师事务所关于广州广合科技股份有限公司2025年第三次临时股东会的法律意见书,https://data.eastmoney.com/notices/detail/001389/AN202510101759613702.html,institutional_capital,eastmoney_notice
SZSE:001389,广合科技,2025-09-26,收购出售资产/股权,广合科技:关于拟购买土地使用权并投资建设云擎智造基地项目的进展公告,https://data.eastmoney.com/notices/detail/001389/AN202509251750356971.html,capacity_project,eastmoney_notice
SZSE:001389,广合科技,2025-09-24,公司关联方基本资料变更,广合科技:关于全资子公司增资完成工商变更登记的公告,https://data.eastmoney.com/notices/detail/001389/AN202509231749196546.html,,eastmoney_notice
SZSE:001389,广合科技,2025-09-24,法律意见书,广合科技:上海市锦天城(深圳)律师事务所关于广州广合科技股份有限公司2024年股票期权与限制性股票激励计划调整、预留授予及注销部分股票期权与回购注销部分限制性股票相关事项的法律意见书,https://data.eastmoney.com/notices/detail/001389/AN202509231749196548.html,institutional_capital,eastmoney_notice
SZSE:001389,广合科技,2025-09-24,股权激励行权价（数量）调整,广合科技:关于调整股票期权行权价格和限制性股票授予价格的公告,https://data.eastmoney.com/notices/detail/001389/AN202509231749196543.html,,eastmoney_notice
SZSE:001389,广合科技,2025-09-24,专项说明/独立意见,广合科技:董事会薪酬与考核委员会关于2024年股票期权与限制性股票激励计划调整、预留授予及注销部分股票期权与回购注销部分限制性股票相关事项的核查意见,https://data.eastmoney.com/notices/detail/001389/AN202509231749196551.html,institutional_capital,eastmoney_notice
SZSE:001389,广合科技,2025-09-24,股权激励对象名单,广合科技:2024年股票期权与限制性股票激励计划预留授予激励对象名单(授予日),https://data.eastmoney.com/notices/detail/001389/AN202509231749196545.html,institutional_capital,eastmoney_notice
SZSE:001389,广合科技,2025-09-24,董事会决议公告,广合科技:第二届董事会第十八次会议决议公告,https://data.eastmoney.com/notices/detail/001389/AN202509231749196544.html,,eastmoney_notice
SZSE:001389,广合科技,2025-09-24,回购进展情况,广合科技:关于注销部分股票期权与回购注销部分限制性股票的公告,https://data.eastmoney.com/notices/detail/001389/AN202509231749196552.html,institutional_capital,eastmoney_notice
SZSE:001389,广合科技,2025-09-24,股权激励进展公告,广合科技:关于向激励对象授予预留股票期权与限制性股票的公告,https://data.eastmoney.com/notices/detail/001389/AN202509231749196549.html,institutional_capital,eastmoney_notice
SZSE:001389,广合科技,2025-09-24,召开股东大会通知,广合科技:关于召开2025年第三次临时股东会的通知,https://data.eastmoney.com/notices/detail/001389/AN202509231749196550.html,institutional_capital,eastmoney_notice
SZSE:001389,广合科技,2025-09-20,投资设立公司,广合科技:关于与专业投资机构共同投资设立基金的进展公告,https://data.eastmoney.com/notices/detail/001389/AN202509191746720840.html,,eastmoney_notice
SZSE:001389,广合科技,2025-09-19,调研活动,广合科技:2025年9月19日投资者关系活动记录表,https://data.eastmoney.com/notices/detail/001389/AN202509191746786895.html,investor_relations,eastmoney_notice
SZSE:001389,广合科技,2025-09-17,调研活动,广合科技:关于参加广东辖区2025年投资者网上集体接待日活动的公告,https://data.eastmoney.com/notices/detail/001389/AN202509161744804818.html,investor_relations,eastmoney_notice
SZSE:001389,广合科技,2025-09-13,调研活动,广合科技:2025年8月29日-9月11日投资者关系活动记录表,https://data.eastmoney.com/notices/detail/001389/AN202509141743522671.html,investor_relations,eastmoney_notice
SZSE:001389,广合科技,2025-09-13,法律意见书,广合科技:上海市锦天城(深圳)律师事务所关于广州广合科技股份有限公司2025年第二次临时股东会的法律意见书,https://data.eastmoney.com/notices/detail/001389/AN202509121742453169.html,institutional_capital,eastmoney_notice
SZSE:001389,广合科技,2025-09-13,股东大会决议公告,广合科技:2025年第二次临时股东会决议公告,https://data.eastmoney.com/notices/detail/001389/AN202509121742453166.html,institutional_capital,eastmoney_notice
SZSE:001389,广合科技,2025-08-28,董事会决议公告,广合科技:第二届董事会第十七次会议决议公告,https://data.eastmoney.com/notices/detail/001389/AN202508271735481738.html,,eastmoney_notice
SZSE:001389,广合科技,2025-08-28,收购出售资产/股权,广合科技:关于拟购买土地使用权并投资建设云擎智造基地项目的公告,https://data.eastmoney.com/notices/detail/001389/AN202508271735481740.html,capacity_project,eastmoney_notice
SZSE:001389,广合科技,2025-08-28,召开股东大会通知,广合科技:关于召开2025年第二次临时股东会的通知,https://data.eastmoney.com/notices/detail/001389/AN202508271735481746.html,institutional_capital,eastmoney_notice
SZSE:001389,广合科技,2025-08-28,管理办法/制度,广合科技:关联(连)交易管理制度(草案)(H股发行上市后适用),https://data.eastmoney.com/notices/detail/001389/AN202508271735481726.html,,eastmoney_notice
SZSE:001389,广合科技,2025-08-22,高管人员任职变动,广合科技:半年报董事会决议公告,https://data.eastmoney.com/notices/detail/001389/AN202508211731689006.html,earnings,eastmoney_notice
SZSE:001389,广合科技,2025-08-22,半年度报告摘要,广合科技:2025年半年度报告摘要,https://data.eastmoney.com/notices/detail/001389/AN202508211731689004.html,earnings,eastmoney_notice
SZSE:001389,广合科技,2025-08-22,资金占用,广合科技:半年度非经营性资金占用及其他关联资金往来情况汇总表,https://data.eastmoney.com/notices/detail/001389/AN202508211731689010.html,,eastmoney_notice
SZSE:001389,广合科技,2025-08-22,管理办法/制度,广合科技:内部审计制度,https://data.eastmoney.com/notices/detail/001389/AN202508211731688995.html,,eastmoney_notice
SZSE:001389,广合科技,2025-08-22,半年度财务报告,广合科技:2025年半年度财务报告,https://data.eastmoney.com/notices/detail/001389/AN202508211731688999.html,,eastmoney_notice
SZSE:001389,广合科技,2025-08-22,募集资金使用情况报告,广合科技:2025年半年度募集资金存放与使用情况的专项报告,https://data.eastmoney.com/notices/detail/001389/AN202508211731689002.html,,eastmoney_notice
SZSE:001389,广合科技,2025-08-22,半年度报告全文,广合科技:2025年半年度报告,https://data.eastmoney.com/notices/detail/001389/AN202508211731688997.html,earnings,eastmoney_notice
SZSE:001389,广合科技,2025-08-14,投资设立公司,广合科技:关于与专业投资机构共同投资设立基金的进展公告,https://data.eastmoney.com/notices/detail/001389/AN202508131726832474.html,,eastmoney_notice
SZSE:001389,广合科技,2025-08-09,高管人员任职变动,广合科技:关于高级管理人员辞职的公告,https://data.eastmoney.com/notices/detail/001389/AN202508081723834513.html,,eastmoney_notice
SZSE:001389,广合科技,2025-07-23,投资设立公司,广合科技:关于与专业投资机构共同投资设立基金的公告,https://data.eastmoney.com/notices/detail/001389/AN202507221713657990.html,,eastmoney_notice
SZSE:001389,广合科技,2025-07-23,其他,广合科技:关于独立董事取得独立董事培训证明的公告,https://data.eastmoney.com/notices/detail/001389/AN202507221713657989.html,,eastmoney_notice
SZSE:001389,广合科技,2025-07-12,业绩预告,广合科技:2025年半年度业绩预告,https://data.eastmoney.com/notices/detail/001389/AN202507111706986220.html,earnings,eastmoney_notice
SZSE:001389,广合科技,2025-06-26,董事会决议公告,广合科技:第二届董事会第十五次会议决议公告,https://data.eastmoney.com/notices/detail/001389/AN202506251697385040.html,,eastmoney_notice
SZSE:001389,广合科技,2025-06-26,增资扩股,广合科技:关于使用募集资金向全资子公司增资实施募投项目的公告,https://data.eastmoney.com/notices/detail/001389/AN202506251697385042.html,capacity_project,eastmoney_notice
SZSE:001389,广合科技,2025-06-26,保荐/核查意见,广合科技:民生证券股份有限公司关于广州广合科技股份有限公司使用募集资金向全资子公司增资实施募投项目的核查意见,https://data.eastmoney.com/notices/detail/001389/AN202506251697385044.html,capacity_project,eastmoney_notice
SZSE:001389,广合科技,2025-06-12,其他,广合科技:关于向香港联交所递交H股发行与上市的申请并刊发申请资料的公告,https://data.eastmoney.com/notices/detail/001389/AN202506121689248700.html,,eastmoney_notice
SZSE:001389,广合科技,2025-06-10,高管人员任职变动,广合科技:第二届董事会第十四次会议决议公告,https://data.eastmoney.com/notices/detail/001389/AN202506091687688293.html,,eastmoney_notice
SZSE:001389,广合科技,2025-06-10,管理办法/制度,广合科技:利益冲突管理制度(草案)(H股发行上市后适用),https://data.eastmoney.com/notices/detail/001389/AN202506091687688297.html,,eastmoney_notice
SZSE:001389,广合科技,2025-06-10,管理办法/制度,广合科技:董事、高级管理人员所持公司股份及其变动管理制度(草案)(H股发行上市后适用),https://data.eastmoney.com/notices/detail/001389/AN202506091687688286.html,,eastmoney_notice
SZSE:001389,广合科技,2025-06-03,高管人员任职变动,广合科技:关于高级管理人员辞职的公告,https://data.eastmoney.com/notices/detail/001389/AN202506021683528009.html,,eastmoney_notice
SZSE:001389,广合科技,2025-06-03,高管人员任职变动,广合科技:关于选举职工董事的公告,https://data.eastmoney.com/notices/detail/001389/AN202506021683527935.html,,eastmoney_notice
SZSE:002290,禾盛新材,2026-05-29,专项说明/独立意见,禾盛新材:苏州禾盛新型材料股份有限公司董事会审计委员会关于公司2026年度以简易程序向特定对象发行股票事项的书面审核意见,https://data.eastmoney.com/notices/detail/002290/AN202605281822952246.html,,eastmoney_notice
SZSE:002290,禾盛新材,2026-05-29,增发预案,禾盛新材:2026年度以简易程序向特定对象发行股票预案,https://data.eastmoney.com/notices/detail/002290/AN202605281822952249.html,,eastmoney_notice
SZSE:002290,禾盛新材,2026-05-29,其他,禾盛新材:2026年度以简易程序向特定对象发行股票募集资金使用的可行性分析报告,https://data.eastmoney.com/notices/detail/002290/AN202605281822952253.html,,eastmoney_notice
SZSE:002290,禾盛新材,2026-05-29,其他,禾盛新材:2026年度以简易程序向特定对象发行股票方案论证分析报告,https://data.eastmoney.com/notices/detail/002290/AN202605281822952251.html,,eastmoney_notice
SZSE:002290,禾盛新材,2026-05-29,增发提示性公告,禾盛新材:关于2026年度以简易程序向特定对象发行股票预案的提示性公告,https://data.eastmoney.com/notices/detail/002290/AN202605281822952254.html,,eastmoney_notice
SZSE:002290,禾盛新材,2026-05-29,其他,禾盛新材:2026年度以简易程序向特定对象发行股票摊薄即期回报的风险提示及填补回报措施和相关主体承诺的公告,https://data.eastmoney.com/notices/detail/002290/AN202605281822952250.html,risk,eastmoney_notice
SZSE:002290,禾盛新材,2026-05-29,其他,禾盛新材:关于最近五年不存在被证券监管部门和交易所采取监管措施或处罚及整改情况的公告,https://data.eastmoney.com/notices/detail/002290/AN202605281822952245.html,risk,eastmoney_notice
SZSE:002290,禾盛新材,2026-05-29,增发预案,禾盛新材:第七届董事会第十二次会议决议公告,https://data.eastmoney.com/notices/detail/002290/AN202605281822952247.html,,eastmoney_notice
SZSE:002290,禾盛新材,2026-05-29,募集资金使用情况报告,禾盛新材:关于无需编制前次募集资金使用情况报告的公告,https://data.eastmoney.com/notices/detail/002290/AN202605281822952248.html,,eastmoney_notice
SZSE:002290,禾盛新材,2026-05-29,获得补贴（资助）,禾盛新材:关于本次以简易程序向特定对象发行股票不存在直接或通过利益相关方向参与认购的投资者提供财务资助或补偿的公告,https://data.eastmoney.com/notices/detail/002290/AN202605281822952252.html,,eastmoney_notice
SZSE:002290,禾盛新材,2026-05-16,股份质押、冻结,禾盛新材:关于控股股东部分股份质押的公告,https://data.eastmoney.com/notices/detail/002290/AN202605151822352084.html,institutional_capital,eastmoney_notice
SZSE:002290,禾盛新材,2026-05-15,收购出售资产/股权,禾盛新材:关于出售厂房进展暨完成产权过户的公告,https://data.eastmoney.com/notices/detail/002290/AN202605141822319918.html,capacity_project,eastmoney_notice
SZSE:002290,禾盛新材,2026-04-29,一季度报告全文,禾盛新材:2026年一季度报告,https://data.eastmoney.com/notices/detail/002290/AN202604281821666411.html,earnings,eastmoney_notice
SZSE:002290,禾盛新材,2026-04-28,股东大会决议公告,禾盛新材:2026年第二次临时股东会决议公告,https://data.eastmoney.com/notices/detail/002290/AN202604271821627398.html,institutional_capital,eastmoney_notice
SZSE:002290,禾盛新材,2026-04-28,法律意见书,禾盛新材:禾盛新材2026年第二次临时股东会的法律意见书,https://data.eastmoney.com/notices/detail/002290/AN202604271821627434.html,institutional_capital,eastmoney_notice
SZSE:002290,禾盛新材,2026-04-28,股票交易异常波动,禾盛新材:关于股票交易异常波动的公告,https://data.eastmoney.com/notices/detail/002290/AN202604271821627432.html,,eastmoney_notice
SZSE:002290,禾盛新材,2026-04-24,法律意见书,禾盛新材:安徽承义律师事务所关于禾盛新材2025年年度股东会的法律意见书,https://data.eastmoney.com/notices/detail/002290/AN202604231821504129.html,institutional_capital,eastmoney_notice
SZSE:002290,禾盛新材,2026-04-24,分配方案决议公告,禾盛新材:2025年度股东大会决议公告,https://data.eastmoney.com/notices/detail/002290/AN202604231821504125.html,institutional_capital,eastmoney_notice
SZSE:002290,禾盛新材,2026-04-16,对外项目投资,禾盛新材:关于对外投资的进展公告,https://data.eastmoney.com/notices/detail/002290/AN202604151821237491.html,,eastmoney_notice
SZSE:002290,禾盛新材,2026-04-11,董事会决议公告,禾盛新材:第七届董事会第十次会议决议公告,https://data.eastmoney.com/notices/detail/002290/AN202604101821126990.html,,eastmoney_notice
SZSE:002290,禾盛新材,2026-04-11,增资扩股,禾盛新材:关于向参股公司上海熠知电子科技有限公司增资暨关联交易的公告,https://data.eastmoney.com/notices/detail/002290/AN202604101821126999.html,,eastmoney_notice
SZSE:002290,禾盛新材,2026-04-11,召开股东大会通知,禾盛新材:关于召开2026年第二次临时股东会的通知,https://data.eastmoney.com/notices/detail/002290/AN202604101821127005.html,institutional_capital,eastmoney_notice
SZSE:002290,禾盛新材,2026-04-11,其他,禾盛新材:容诚审字[2026]200F0619号,https://data.eastmoney.com/notices/detail/002290/AN202604101821126996.html,,eastmoney_notice
SZSE:002290,禾盛新材,2026-04-11,公司经营范围变更,禾盛新材:关于完成工商变更登记并换发营业执照的公告,https://data.eastmoney.com/notices/detail/002290/AN202604101821115576.html,,eastmoney_notice
SZSE:002290,禾盛新材,2026-04-09,调研活动,禾盛新材:002290禾盛新材投资者关系管理信息20260409,https://data.eastmoney.com/notices/detail/002290/AN202604091821092264.html,investor_relations,eastmoney_notice
SZSE:002290,禾盛新材,2026-04-08,股份质押、冻结,禾盛新材:关于持股5%以上股东股份质押的公告,https://data.eastmoney.com/notices/detail/002290/AN202604071821043306.html,institutional_capital,eastmoney_notice
SZSE:002290,禾盛新材,2026-03-27,其他,禾盛新材:苏州禾盛新型材料股份有限公司对会计师事务所2025年度履职情况评估暨审计委员会对会计师事务所履行监督职责情况的报告,https://data.eastmoney.com/notices/detail/002290/AN202603261820775923.html,,eastmoney_notice
SZSE:002290,禾盛新材,2026-03-27,独立董事述职报告,禾盛新材:2025年度独立董事述职报告(彭陈),https://data.eastmoney.com/notices/detail/002290/AN202603261820775942.html,,eastmoney_notice
SZSE:002290,禾盛新材,2026-03-27,其他增发事项公告,禾盛新材:关于提请股东会授权董事会全权办理以简易程序向特定对象发行股票的公告,https://data.eastmoney.com/notices/detail/002290/AN202603261820775983.html,institutional_capital,eastmoney_notice
SZSE:002290,禾盛新材,2026-03-27,年度报告全文,禾盛新材:2025年年度报告,https://data.eastmoney.com/notices/detail/002290/AN202603261820775919.html,earnings,eastmoney_notice
SZSE:002290,禾盛新材,2026-03-27,审计报告,禾盛新材:2025年年度审计报告,https://data.eastmoney.com/notices/detail/002290/AN202603261820775940.html,,eastmoney_notice
SZSE:002290,禾盛新材,2026-03-27,其他,禾盛新材:未来三年(2026-2028年)股东回报规划,https://data.eastmoney.com/notices/detail/002290/AN202603261820775958.html,institutional_capital,eastmoney_notice
SZSE:002290,禾盛新材,2026-03-27,分配预案,禾盛新材:关于2025年度利润分配预案的公告,https://data.eastmoney.com/notices/detail/002290/AN202603261820775895.html,earnings,eastmoney_notice
SZSE:002290,禾盛新材,2026-03-27,提供/对外担保公告,禾盛新材:关于增加对控股子公司担保额度的公告,https://data.eastmoney.com/notices/detail/002290/AN202603261820776015.html,,eastmoney_notice
SZSE:002290,禾盛新材,2026-03-27,分配预案,禾盛新材:第七届董事会第九次会议决议公告,https://data.eastmoney.com/notices/detail/002290/AN202603261820775904.html,,eastmoney_notice
SZSE:002290,禾盛新材,2026-03-27,其他,禾盛新材:关于召开2025年度业绩说明会的通知,https://data.eastmoney.com/notices/detail/002290/AN202603261820775896.html,investor_relations,eastmoney_notice
SZSE:002290,禾盛新材,2026-03-27,独立董事述职报告,禾盛新材:2025年度独立董事述职报告(闫艳),https://data.eastmoney.com/notices/detail/002290/AN202603261820775946.html,,eastmoney_notice
SZSE:002290,禾盛新材,2026-03-27,其他,禾盛新材:2025年度董事会工作报告,https://data.eastmoney.com/notices/detail/002290/AN202603261820775964.html,,eastmoney_notice
SZSE:002290,禾盛新材,2026-03-27,独立董事述职报告,禾盛新材:2025年度独立董事述职报告(谢荟),https://data.eastmoney.com/notices/detail/002290/AN202603261820775932.html,,eastmoney_notice
SZSE:002290,禾盛新材,2026-03-27,召开股东大会通知,禾盛新材:关于召开2025年年度股东会的通知,https://data.eastmoney.com/notices/detail/002290/AN202603261820776005.html,institutional_capital,eastmoney_notice
SZSE:002290,禾盛新材,2026-03-27,审计机构变更,禾盛新材:关于续聘2026年度审计机构的公告,https://data.eastmoney.com/notices/detail/002290/AN202603261820775941.html,,eastmoney_notice
SZSE:002290,禾盛新材,2026-03-27,管理办法/制度,禾盛新材:董事、高级管理人员薪酬管理制度(2026年3月),https://data.eastmoney.com/notices/detail/002290/AN202603261820776011.html,,eastmoney_notice
SZSE:002290,禾盛新材,2026-03-27,关联交易,禾盛新材:关于2026年度日常关联交易预计的公告,https://data.eastmoney.com/notices/detail/002290/AN202603261820776017.html,,eastmoney_notice
SZSE:002290,禾盛新材,2026-03-27,审计报告,禾盛新材:内部控制审计报告,https://data.eastmoney.com/notices/detail/002290/AN202603261820775905.html,,eastmoney_notice
SZSE:002290,禾盛新材,2026-03-27,专项说明/独立意见,禾盛新材:非经营性资金占用及其他关联资金往来情况专项说明,https://data.eastmoney.com/notices/detail/002290/AN202603261820775915.html,,eastmoney_notice
SZSE:002290,禾盛新材,2026-03-27,内部控制报告,禾盛新材:2025年度内部控制自我评价报告,https://data.eastmoney.com/notices/detail/002290/AN202603261820775966.html,,eastmoney_notice
SZSE:002290,禾盛新材,2026-03-27,其他,禾盛新材:关于董事及高级管理人员薪酬方案的公告,https://data.eastmoney.com/notices/detail/002290/AN202603261820775974.html,,eastmoney_notice
SZSE:002290,禾盛新材,2026-03-27,专项说明/独立意见,禾盛新材:董事会关于独立董事独立性自查情况的专项意见,https://data.eastmoney.com/notices/detail/002290/AN202603261820775931.html,,eastmoney_notice
SZSE:002290,禾盛新材,2026-03-27,年度报告摘要,禾盛新材:2025年年度报告摘要,https://data.eastmoney.com/notices/detail/002290/AN202603261820775897.html,earnings,eastmoney_notice
SZSE:002290,禾盛新材,2026-03-27,资金占用,禾盛新材:非经营性资金占用及其他关联资金往来情况汇总表,https://data.eastmoney.com/notices/detail/002290/AN202603261820775939.html,,eastmoney_notice
SZSE:002290,禾盛新材,2026-03-17,其他,禾盛新材:关于出售厂房的公告,https://data.eastmoney.com/notices/detail/002290/AN202603161820580867.html,capacity_project,eastmoney_notice
SZSE:002290,禾盛新材,2026-03-17,董事会决议公告,禾盛新材:第七届董事会第八次会议决议公告,https://data.eastmoney.com/notices/detail/002290/AN202603161820580754.html,,eastmoney_notice
SZSE:002290,禾盛新材,2026-03-03,高管人员任职变动,禾盛新材:关于完成董事增补的公告,https://data.eastmoney.com/notices/detail/002290/AN202603021820187794.html,,eastmoney_notice
SZSE:002290,禾盛新材,2026-03-03,法律意见书,禾盛新材:禾盛新材2026年第一次临时股东会的法律意见书,https://data.eastmoney.com/notices/detail/002290/AN202603021820187804.html,institutional_capital,eastmoney_notice
SZSE:002290,禾盛新材,2026-03-03,股东大会决议公告,禾盛新材:2026年第一次临时股东会决议公告,https://data.eastmoney.com/notices/detail/002290/AN202603021820187793.html,institutional_capital,eastmoney_notice
SZSE:002290,禾盛新材,2026-02-27,其他,禾盛新材:关于全资子公司通过高新技术企业重新认定的公告,https://data.eastmoney.com/notices/detail/002290/AN202602261820064546.html,,eastmoney_notice
SZSE:002290,禾盛新材,2026-02-13,其他,禾盛新材:关于2025年度拟计提资产减值准备的提示性公告,https://data.eastmoney.com/notices/detail/002290/AN202602121819900154.html,,eastmoney_notice
SZSE:002290,禾盛新材,2026-02-11,召开股东大会通知,禾盛新材:关于召开2026年第一次临时股东会的通知,https://data.eastmoney.com/notices/detail/002290/AN202602101819859466.html,institutional_capital,eastmoney_notice
SZSE:002290,禾盛新材,2026-02-11,高管人员任职变动,禾盛新材:关于增补董事的公告,https://data.eastmoney.com/notices/detail/002290/AN202602101819859449.html,,eastmoney_notice
SZSE:002290,禾盛新材,2026-02-11,其他,禾盛新材:关于全资子公司开展外汇套期保值业务的公告,https://data.eastmoney.com/notices/detail/002290/AN202602101819859453.html,,eastmoney_notice
SZSE:002290,禾盛新材,2026-02-11,高管人员任职变动,禾盛新材:第七届董事会第七次会议决议公告,https://data.eastmoney.com/notices/detail/002290/AN202602101819859461.html,,eastmoney_notice
SZSE:002290,禾盛新材,2026-02-11,管理办法/制度,禾盛新材:外汇套期保值业务管理制度(2026年2月),https://data.eastmoney.com/notices/detail/002290/AN202602101819859446.html,,eastmoney_notice
SZSE:002290,禾盛新材,2026-02-11,其他,禾盛新材:关于开展外汇套期保值业务的可行性分析报告,https://data.eastmoney.com/notices/detail/002290/AN202602101819859457.html,,eastmoney_notice
SZSE:002290,禾盛新材,2026-02-10,股东/实际控制人股份增持,禾盛新材:关于原董事增持公司股份计划实施完成的公告,https://data.eastmoney.com/notices/detail/002290/AN202602091819837223.html,institutional_capital,eastmoney_notice
SZSE:002290,禾盛新材,2026-02-05,股权转让,禾盛新材:关于股东协议转让股份完成过户登记暨控制权发生变更的公告,https://data.eastmoney.com/notices/detail/002290/AN202602041819772985.html,institutional_capital,eastmoney_notice
SZSE:002290,禾盛新材,2026-01-21,业绩预告,禾盛新材:2025年度业绩预告公告,https://data.eastmoney.com/notices/detail/002290/AN202601201818163295.html,earnings,eastmoney_notice
SZSE:002290,禾盛新材,2026-01-21,收购出售资产/股权,禾盛新材:关于拟出售闲置资产的公告,https://data.eastmoney.com/notices/detail/002290/AN202601201818163291.html,,eastmoney_notice
SZSE:002290,禾盛新材,2026-01-21,董事会决议公告,禾盛新材:第七届董事会第六次会议决议公告,https://data.eastmoney.com/notices/detail/002290/AN202601201818163292.html,,eastmoney_notice
SZSE:002290,禾盛新材,2026-01-13,权益变动报告书,禾盛新材:关于股东协议转让股权事项取得深圳证券交易所合规性确认暨股东权益变动的进展公告,https://data.eastmoney.com/notices/detail/002290/AN202601121816946155.html,institutional_capital,eastmoney_notice
SZSE:002290,禾盛新材,2025-12-23,保荐/核查意见,禾盛新材:天风证券关于苏州禾盛新型材料股份有限公司详式权益变动报告书之财务顾问核查意见(更新稿),https://data.eastmoney.com/notices/detail/002290/AN202512221805914591.html,,eastmoney_notice
SZSE:002290,禾盛新材,2025-12-23,权益变动报告书,禾盛新材:详式权益变动报告书(摩尔智芯)(更新稿),https://data.eastmoney.com/notices/detail/002290/AN202512221805914124.html,,eastmoney_notice
SZSE:002290,禾盛新材,2025-12-05,股份质押、冻结,禾盛新材:关于控股股东的一致行动人股份解除质押的公告,https://data.eastmoney.com/notices/detail/002290/AN202512041793809141.html,institutional_capital,eastmoney_notice
SZSE:002290,禾盛新材,2025-11-27,保荐/核查意见,禾盛新材:天风证券关于苏州禾盛新型材料股份有限公司详式权益变动报告书之财务顾问核查意见,https://data.eastmoney.com/notices/detail/002290/AN202511261788731827.html,,eastmoney_notice
SZSE:002290,禾盛新材,2025-11-22,签订协议,禾盛新材:关于公司股东签署股份转让协议暨控制权拟发生变更的提示性公告,https://data.eastmoney.com/notices/detail/002290/AN202511211785721984.html,institutional_capital,eastmoney_notice
SZSE:002290,禾盛新材,2025-11-22,权益变动报告书,禾盛新材:详式权益变动报告书(摩尔智芯),https://data.eastmoney.com/notices/detail/002290/AN202511211785721983.html,,eastmoney_notice
SZSE:002290,禾盛新材,2025-11-22,权益变动报告书,禾盛新材:禾盛新材简式权益变动报告书(赵东明、蒋学元),https://data.eastmoney.com/notices/detail/002290/AN202511211785721981.html,,eastmoney_notice
SZSE:002290,禾盛新材,2025-11-22,权益变动报告书,禾盛新材:禾盛新材简式权益变动报告书(泓垣盛、卢大光),https://data.eastmoney.com/notices/detail/002290/AN202511211785721985.html,,eastmoney_notice
SZSE:002290,禾盛新材,2025-11-22,股权转让,禾盛新材:关于持股5%以上股东股份协议转让的提示性公告,https://data.eastmoney.com/notices/detail/002290/AN202511211785721982.html,institutional_capital,eastmoney_notice
SZSE:002290,禾盛新材,2025-11-19,股东大会决议公告,禾盛新材:2025年第三次临时股东会决议公告,https://data.eastmoney.com/notices/detail/002290/AN202511181783712706.html,institutional_capital,eastmoney_notice
SZSE:002290,禾盛新材,2025-11-19,法律意见书,禾盛新材:禾盛新材2025年第三次临时股东会的法律意见书,https://data.eastmoney.com/notices/detail/002290/AN202511181783712705.html,institutional_capital,eastmoney_notice
SZSE:002290,禾盛新材,2025-11-12,股东/实际控制人股份增持,禾盛新材:关于原董事增持公司股份计划时间过半的公告,https://data.eastmoney.com/notices/detail/002290/AN202511111779390653.html,institutional_capital,eastmoney_notice
SZSE:002290,禾盛新材,2025-11-11,高管人员任职变动,禾盛新材:关于董事辞职的公告,https://data.eastmoney.com/notices/detail/002290/AN202511101778710640.html,,eastmoney_notice
SZSE:002290,禾盛新材,2025-10-30,股份质押、冻结,禾盛新材:关于控股股东的一致行动人办理股票质押式回购部分解除质押及股票质押式回购延期的公告,https://data.eastmoney.com/notices/detail/002290/AN202510291771324069.html,institutional_capital,eastmoney_notice
SZSE:002290,禾盛新材,2025-10-29,召开股东大会通知,禾盛新材:关于召开2025年第三次临时股东大会的通知,https://data.eastmoney.com/notices/detail/002290/AN202510281770658703.html,institutional_capital,eastmoney_notice
SZSE:002290,禾盛新材,2025-10-29,公司经营范围变更,禾盛新材:关于变更经营范围及修订《公司章程》的公告,https://data.eastmoney.com/notices/detail/002290/AN202510281770658702.html,,eastmoney_notice
SZSE:002290,禾盛新材,2025-10-29,三季度报告全文,禾盛新材:2025年三季度报告,https://data.eastmoney.com/notices/detail/002290/AN202510281770658700.html,earnings,eastmoney_notice
SZSE:002290,禾盛新材,2025-10-29,其他,禾盛新材:关于调整出租厂房租金的公告,https://data.eastmoney.com/notices/detail/002290/AN202510281770658697.html,capacity_project,eastmoney_notice
SZSE:002290,禾盛新材,2025-10-29,借贷,禾盛新材:关于向银行申请综合授信额度的公告,https://data.eastmoney.com/notices/detail/002290/AN202510281770658701.html,,eastmoney_notice
SZSE:002290,禾盛新材,2025-10-29,董事会决议公告,禾盛新材:第七届董事会第五次会议决议公告,https://data.eastmoney.com/notices/detail/002290/AN202510281770658698.html,,eastmoney_notice
SZSE:002290,禾盛新材,2025-10-29,提供/对外担保公告,禾盛新材:关于对子公司提供担保的公告,https://data.eastmoney.com/notices/detail/002290/AN202510281770658699.html,,eastmoney_notice
SZSE:002290,禾盛新材,2025-10-16,业绩预告,禾盛新材:2025年前三季度业绩预告,https://data.eastmoney.com/notices/detail/002290/AN202510151762626821.html,earnings,eastmoney_notice
SZSE:002290,禾盛新材,2025-10-14,违法违规,禾盛新材:关于董事被采取强制措施的公告,https://data.eastmoney.com/notices/detail/002290/AN202510131761489654.html,,eastmoney_notice
SZSE:002290,禾盛新材,2025-10-10,股东/实际控制人股份减持,禾盛新材:关于董事长、董事和高级管理人员减持计划期限届满暨实施情况的公告,https://data.eastmoney.com/notices/detail/002290/AN202510091758992442.html,institutional_capital,eastmoney_notice
SZSE:002290,禾盛新材,2025-09-11,通知债权人公告,禾盛新材:关于使用公积金弥补亏损通知债权人的公告,https://data.eastmoney.com/notices/detail/002290/AN202509101741138635.html,risk,eastmoney_notice
SZSE:002290,禾盛新材,2025-09-06,法律意见书,禾盛新材:禾盛新材2025年第二次临时股东会的法律意见书,https://data.eastmoney.com/notices/detail/002290/AN202509051739240280.html,institutional_capital,eastmoney_notice
SZSE:002290,禾盛新材,2025-09-06,股东大会决议公告,禾盛新材:2025年第二次临时股东会决议公告,https://data.eastmoney.com/notices/detail/002290/AN202509051739239021.html,institutional_capital,eastmoney_notice
SZSE:002290,禾盛新材,2025-08-12,股东/实际控制人股份增持,禾盛新材:关于董事增持公司股份计划的公告,https://data.eastmoney.com/notices/detail/002290/AN202508111725598874.html,institutional_capital,eastmoney_notice
SZSE:002290,禾盛新材,2025-08-08,公司章程,禾盛新材:公司章程(2025年8月),https://data.eastmoney.com/notices/detail/002290/AN202508071723193296.html,,eastmoney_notice
SZSE:002290,禾盛新材,2025-08-08,其他,禾盛新材:关于使用公积金弥补亏损的公告,https://data.eastmoney.com/notices/detail/002290/AN202508071723193294.html,risk,eastmoney_notice
SZSE:002290,禾盛新材,2025-08-08,资金占用,禾盛新材:半年度非经营性资金占用及其他关联资金往来情况汇总表,https://data.eastmoney.com/notices/detail/002290/AN202508071723193292.html,,eastmoney_notice
SZSE:002290,禾盛新材,2025-08-08,召开股东大会通知,禾盛新材:关于召开2025年第二次临时股东会的通知,https://data.eastmoney.com/notices/detail/002290/AN202508071723193285.html,institutional_capital,eastmoney_notice
SZSE:002290,禾盛新材,2025-08-08,其他,禾盛新材:关于提前解除租赁合同的公告,https://data.eastmoney.com/notices/detail/002290/AN202508071723193293.html,order_contract,eastmoney_notice
SZSE:002290,禾盛新材,2025-08-08,半年度报告摘要,禾盛新材:2025年半年度报告摘要,https://data.eastmoney.com/notices/detail/002290/AN202508071723193298.html,earnings,eastmoney_notice
SZSE:002290,禾盛新材,2025-08-08,其他,禾盛新材:关于调整出租厂房租金的公告,https://data.eastmoney.com/notices/detail/002290/AN202508071723193283.html,capacity_project,eastmoney_notice
SZSE:002290,禾盛新材,2025-08-08,董事会决议公告,禾盛新材:半年报董事会决议公告,https://data.eastmoney.com/notices/detail/002290/AN202508071723193297.html,earnings,eastmoney_notice
SZSE:002290,禾盛新材,2025-08-08,半年度财务报告,禾盛新材:2025年半年度财务报告,https://data.eastmoney.com/notices/detail/002290/AN202508071723193301.html,,eastmoney_notice
SZSE:002290,禾盛新材,2025-08-08,半年度报告全文,禾盛新材:2025年半年度报告,https://data.eastmoney.com/notices/detail/002290/AN202508071723193303.html,earnings,eastmoney_notice
SZSE:002290,禾盛新材,2025-08-08,议事规则/实施细则,禾盛新材:重大经营决策程序(2025年8月),https://data.eastmoney.com/notices/detail/002290/AN202508071723193302.html,,eastmoney_notice
SZSE:002290,禾盛新材,2025-08-02,签订协议,禾盛新材:关于对外投资暨签署增资协议的公告,https://data.eastmoney.com/notices/detail/002290/AN202508011719632827.html,,eastmoney_notice
SZSE:002290,禾盛新材,2025-08-02,董事会决议公告,禾盛新材:第七届董事会第三次会议决议公告,https://data.eastmoney.com/notices/detail/002290/AN202508011719632819.html,,eastmoney_notice
SZSE:002290,禾盛新材,2025-07-12,业绩预告,禾盛新材:2025年半年度业绩预告公告(1),https://data.eastmoney.com/notices/detail/002290/AN202507111706991879.html,earnings,eastmoney_notice
SZSE:002290,禾盛新材,2025-06-18,高管人员持股变动,禾盛新材:关于董事长、董事和高级管理人员减持股份的预披露公告,https://data.eastmoney.com/notices/detail/002290/AN202506171692685013.html,institutional_capital,eastmoney_notice
SZSE:002290,禾盛新材,2025-06-12,董事会决议公告,禾盛新材:第七届董事会第二次会议决议公告,https://data.eastmoney.com/notices/detail/002290/AN202506111688918621.html,,eastmoney_notice
SZSE:002290,禾盛新材,2025-06-12,对外项目投资,禾盛新材:禾盛新材对外投资意向公告,https://data.eastmoney.com/notices/detail/002290/AN202506111688918618.html,,eastmoney_notice
SZSE:002290,禾盛新材,2025-06-07,股东大会决议公告,禾盛新材:2025年第一次临时股东会决议公告,https://data.eastmoney.com/notices/detail/002290/AN202506061685972456.html,institutional_capital,eastmoney_notice
SZSE:002290,禾盛新材,2025-06-07,法律意见书,禾盛新材:禾盛新材2025年第一次临时股东会的法律意见书,https://data.eastmoney.com/notices/detail/002290/AN202506061685972957.html,institutional_capital,eastmoney_notice
SZSE:002290,禾盛新材,2025-06-07,高管人员任职变动,禾盛新材:关于完成董事会换届选举及聘任高管、证券事务代表的公告,https://data.eastmoney.com/notices/detail/002290/AN202506061685972444.html,,eastmoney_notice
SZSE:002290,禾盛新材,2025-06-07,高管人员任职变动,禾盛新材:第七届董事会第一次会议决议公告,https://data.eastmoney.com/notices/detail/002290/AN202506061685972973.html,,eastmoney_notice
SZSE:002463,沪电股份,2026-06-02,调研活动,沪电股份:2026年6月2日投资者关系活动记录表,https://data.eastmoney.com/notices/detail/002463/AN202606021823162633.html,investor_relations,eastmoney_notice
SZSE:002463,沪电股份,2026-06-01,调研活动,沪电股份:2026年6月1日投资者关系活动记录表,https://data.eastmoney.com/notices/detail/002463/AN202606011823127567.html,investor_relations,eastmoney_notice
SZSE:002463,沪电股份,2026-05-27,调研活动,沪电股份:2026年5月27日投资者关系活动记录表,https://data.eastmoney.com/notices/detail/002463/AN202605271822914260.html,investor_relations,eastmoney_notice
SZSE:002463,沪电股份,2026-05-27,股票交易异常波动,沪电股份:关于股票交易异常波动的公告,https://data.eastmoney.com/notices/detail/002463/AN202605261822885848.html,,eastmoney_notice
SZSE:002463,沪电股份,2026-05-26,调研活动,沪电股份:2026年5月26日投资者关系活动记录表,https://data.eastmoney.com/notices/detail/002463/AN202605261822885915.html,investor_relations,eastmoney_notice
SZSE:002463,沪电股份,2026-05-26,提供/对外担保公告,沪电股份:关于为全资子公司提供担保的进展公告,https://data.eastmoney.com/notices/detail/002463/AN202605251822855368.html,,eastmoney_notice
SZSE:002463,沪电股份,2026-05-25,调研活动,沪电股份:2026年5月25日投资者关系活动记录表,https://data.eastmoney.com/notices/detail/002463/AN202605251822855882.html,investor_relations,eastmoney_notice
SZSE:002463,沪电股份,2026-05-21,高管人员任职变动,沪电股份:关于独立董事取得独立董事资格证书的公告,https://data.eastmoney.com/notices/detail/002463/AN202605201822493971.html,,eastmoney_notice
SZSE:002463,沪电股份,2026-05-20,调研活动,沪电股份:2026年5月20日投资者关系活动记录表,https://data.eastmoney.com/notices/detail/002463/AN202605201822493672.html,investor_relations,eastmoney_notice
SZSE:002463,沪电股份,2026-05-19,调研活动,沪电股份:2026年5月19日投资者关系活动记录表,https://data.eastmoney.com/notices/detail/002463/AN202605191822448961.html,investor_relations,eastmoney_notice
SZSE:002463,沪电股份,2026-05-13,调研活动,沪电股份:2026年5月13日投资者关系活动记录表,https://data.eastmoney.com/notices/detail/002463/AN202605131822270338.html,investor_relations,eastmoney_notice
SZSE:002463,沪电股份,2026-05-08,股权激励进展公告,沪电股份:关于部分股票期权注销完成的公告,https://data.eastmoney.com/notices/detail/002463/AN202605071822032728.html,,eastmoney_notice
SZSE:002463,沪电股份,2026-05-07,调研活动,沪电股份:2026年5月7日投资者关系活动记录表,https://data.eastmoney.com/notices/detail/002463/AN202605071822028537.html,investor_relations,eastmoney_notice
SZSE:002463,沪电股份,2026-04-28,调研活动,沪电股份:2026年4月28日投资者关系活动记录表,https://data.eastmoney.com/notices/detail/002463/AN202604281821681018.html,investor_relations,eastmoney_notice
SZSE:002463,沪电股份,2026-04-28,分配方案实施,沪电股份:2025年度权益分派实施公告,https://data.eastmoney.com/notices/detail/002463/AN202604271821608977.html,,eastmoney_notice
SZSE:002463,沪电股份,2026-04-27,调研活动,沪电股份:2026年4月27日投资者关系活动记录表,https://data.eastmoney.com/notices/detail/002463/AN202604271821625963.html,investor_relations,eastmoney_notice
SZSE:002463,沪电股份,2026-04-24,调研活动,沪电股份:2026年4月24日投资者关系活动记录表,https://data.eastmoney.com/notices/detail/002463/AN202604241821541986.html,investor_relations,eastmoney_notice
SZSE:002463,沪电股份,2026-04-24,法律意见书,沪电股份:关于沪士电子股份有限公司2025年度股东会之法律意见书,https://data.eastmoney.com/notices/detail/002463/AN202604231821513965.html,institutional_capital,eastmoney_notice
SZSE:002463,沪电股份,2026-04-24,分配方案决议公告,沪电股份:2025年度股东会决议公告,https://data.eastmoney.com/notices/detail/002463/AN202604231821513891.html,institutional_capital,eastmoney_notice
SZSE:002463,沪电股份,2026-04-23,专项说明/独立意见,沪电股份:董事会薪酬与考核委员会关于调整股票期权行权价格及注销部分股票期权的核查意见,https://data.eastmoney.com/notices/detail/002463/AN202604221821454395.html,,eastmoney_notice
SZSE:002463,沪电股份,2026-04-23,ESG公告,沪电股份:2025年环境、社会及公司治理报告,https://data.eastmoney.com/notices/detail/002463/AN202604221821454401.html,,eastmoney_notice
SZSE:002463,沪电股份,2026-04-23,董事会决议公告,沪电股份:第八届董事会第十八次会议决议公告,https://data.eastmoney.com/notices/detail/002463/AN202604221821454260.html,,eastmoney_notice
SZSE:002463,沪电股份,2026-04-23,股权激励进展公告,沪电股份:关于注销《公司2024年度股票期权激励计划》部分股票期权的公告,https://data.eastmoney.com/notices/detail/002463/AN202604221821454350.html,institutional_capital,eastmoney_notice
SZSE:002463,沪电股份,2026-04-23,提供/对外担保公告,沪电股份:关于为控股子公司提供担保的进展公告,https://data.eastmoney.com/notices/detail/002463/AN202604221821454301.html,,eastmoney_notice
SZSE:002463,沪电股份,2026-04-23,法律意见书,沪电股份:国浩律师(南京)事务所关于沪士电子股份有限公司调整股票期权激励计划行权价格并注销部分股票期权之法律意见书,https://data.eastmoney.com/notices/detail/002463/AN202604221821454280.html,institutional_capital,eastmoney_notice
SZSE:002463,沪电股份,2026-04-23,一季度报告全文,沪电股份:2026年一季度报告,https://data.eastmoney.com/notices/detail/002463/AN202604221821454413.html,earnings,eastmoney_notice
SZSE:002463,沪电股份,2026-04-23,股权激励行权价（数量）调整,沪电股份:关于拟调整股票期权行权价格的公告,https://data.eastmoney.com/notices/detail/002463/AN202604221821454375.html,,eastmoney_notice
SZSE:002463,沪电股份,2026-04-14,业绩预告,沪电股份:2026年第一季度业绩预告,https://data.eastmoney.com/notices/detail/002463/AN202604131821155176.html,earnings,eastmoney_notice
SZSE:002463,沪电股份,2026-04-08,调研活动,沪电股份:2026年4月8日投资者关系活动记录表,https://data.eastmoney.com/notices/detail/002463/AN202604081821066526.html,investor_relations,eastmoney_notice
SZSE:002463,沪电股份,2026-04-02,管理办法/制度,沪电股份:董事、高级管理人员薪酬管理制度,https://data.eastmoney.com/notices/detail/002463/AN202604011820954671.html,,eastmoney_notice
SZSE:002463,沪电股份,2026-04-02,增加股东大会议案,沪电股份:关于2025年度股东会增加临时提案暨股东会补充通知的公告,https://data.eastmoney.com/notices/detail/002463/AN202604011820954694.html,institutional_capital,eastmoney_notice
SZSE:002463,沪电股份,2026-04-02,签订协议,沪电股份:关于同意签署投资协议暨建设印制电路板生产项目及其配套设施的公告,https://data.eastmoney.com/notices/detail/002463/AN202604011820954681.html,capacity_project,eastmoney_notice
SZSE:002463,沪电股份,2026-04-02,管理办法/制度,沪电股份:董事、高级管理人员薪酬管理制度(草案)(H股发行并上市后适用),https://data.eastmoney.com/notices/detail/002463/AN202604011820954702.html,,eastmoney_notice
SZSE:002463,沪电股份,2026-04-02,董事会决议公告,沪电股份:第八届董事会第十七次会议决议公告,https://data.eastmoney.com/notices/detail/002463/AN202604011820954704.html,,eastmoney_notice
SZSE:002463,沪电股份,2026-03-26,其他,沪电股份:关于全资子公司通过高新技术企业重新认定的公告,https://data.eastmoney.com/notices/detail/002463/AN202603251820743587.html,,eastmoney_notice
SZSE:002463,沪电股份,2026-03-25,分配预案,沪电股份:第八届董事会第十六次会议决议公告,https://data.eastmoney.com/notices/detail/002463/AN202603241820725548.html,,eastmoney_notice
SZSE:002463,沪电股份,2026-03-25,其他,沪电股份:非经营性资金占用及其他关联资金往来情况的专项报告,https://data.eastmoney.com/notices/detail/002463/AN202603241820725537.html,,eastmoney_notice
SZSE:002463,沪电股份,2026-03-25,其他,沪电股份:2025年度董事会工作报告,https://data.eastmoney.com/notices/detail/002463/AN202603241820725542.html,,eastmoney_notice
SZSE:002463,沪电股份,2026-03-25,其他,沪电股份:2025年度总经理工作报告,https://data.eastmoney.com/notices/detail/002463/AN202603241820725528.html,,eastmoney_notice
SZSE:002463,沪电股份,2026-03-25,资金占用,沪电股份:2025年度非经营性资金占用及其他关联资金往来情况汇总表,https://data.eastmoney.com/notices/detail/002463/AN202603241820725550.html,,eastmoney_notice
SZSE:002463,沪电股份,2026-03-25,召开股东大会通知,沪电股份:关于召开2025年度股东会的通知,https://data.eastmoney.com/notices/detail/002463/AN202603241820725529.html,institutional_capital,eastmoney_notice
SZSE:002463,沪电股份,2026-03-25,其他,沪电股份:公司对会计师事务所履职情况的评估报告暨审计委员会对会计师事务所履行监督职责情况的报告,https://data.eastmoney.com/notices/detail/002463/AN202603241820725544.html,,eastmoney_notice
SZSE:002463,沪电股份,2026-03-25,独立董事述职报告,沪电股份:2025年度独立董事述职报告(高启全),https://data.eastmoney.com/notices/detail/002463/AN202603241820725547.html,,eastmoney_notice
SZSE:002463,沪电股份,2026-03-25,独立董事述职报告,沪电股份:2025年度独立董事述职报告(官锦堃—已离任),https://data.eastmoney.com/notices/detail/002463/AN202603241820725530.html,,eastmoney_notice
SZSE:002463,沪电股份,2026-03-25,独立董事述职报告,沪电股份:2025年度独立董事述职报告(王永翠),https://data.eastmoney.com/notices/detail/002463/AN202603241820725538.html,,eastmoney_notice
SZSE:002463,沪电股份,2026-03-25,独立董事述职报告,沪电股份:2025年度独立董事述职报告(陆宗元),https://data.eastmoney.com/notices/detail/002463/AN202603241820725540.html,,eastmoney_notice
SZSE:002463,沪电股份,2026-03-25,审计报告,沪电股份:内部控制审计报告,https://data.eastmoney.com/notices/detail/002463/AN202603241820725549.html,,eastmoney_notice
SZSE:002463,沪电股份,2026-03-25,分配预案,沪电股份:关于举行2025年度业绩和利润分配预案网上说明会并征集问题的公告,https://data.eastmoney.com/notices/detail/002463/AN202603241820725533.html,earnings,eastmoney_notice
SZSE:002463,沪电股份,2026-03-25,提供/对外担保公告,沪电股份:关于为控股子公司提供担保的进展公告,https://data.eastmoney.com/notices/detail/002463/AN202603241820725546.html,,eastmoney_notice
SZSE:002463,沪电股份,2026-03-25,分配预案,沪电股份:关于2025年度利润分配预案的公告,https://data.eastmoney.com/notices/detail/002463/AN202603241820725534.html,earnings,eastmoney_notice
SZSE:002463,沪电股份,2026-03-25,投资理财,沪电股份:关于使用自有资金投资于稳健型理财产品的公告,https://data.eastmoney.com/notices/detail/002463/AN202603241820725536.html,product_cycle,eastmoney_notice
SZSE:002463,沪电股份,2026-03-25,年度报告摘要,沪电股份:2025年年度报告摘要,https://data.eastmoney.com/notices/detail/002463/AN202603241820725545.html,earnings,eastmoney_notice
SZSE:002463,沪电股份,2026-03-25,其他,沪电股份:关于董事、高级管理人员薪酬方案的公告,https://data.eastmoney.com/notices/detail/002463/AN202603241820725539.html,,eastmoney_notice
SZSE:002463,沪电股份,2026-03-25,年度报告全文,沪电股份:2025年年度报告,https://data.eastmoney.com/notices/detail/002463/AN202603241820725531.html,earnings,eastmoney_notice
SZSE:002463,沪电股份,2026-03-25,内部控制报告,沪电股份:2025年度內部控制自我评价报告,https://data.eastmoney.com/notices/detail/002463/AN202603241820725535.html,,eastmoney_notice
SZSE:002463,沪电股份,2026-03-25,其他,沪电股份:关于开展外汇衍生品套期保值业务的公告,https://data.eastmoney.com/notices/detail/002463/AN202603241820725543.html,,eastmoney_notice
SZSE:002463,沪电股份,2026-03-25,自查报告,沪电股份:董事会关于独立董事独立性自查情况的专项报告,https://data.eastmoney.com/notices/detail/002463/AN202603241820725541.html,,eastmoney_notice
SZSE:002463,沪电股份,2026-03-25,其他,沪电股份:关于开展外汇衍生品套期保值业务的可行性分析报告,https://data.eastmoney.com/notices/detail/002463/AN202603241820725532.html,,eastmoney_notice
SZSE:002463,沪电股份,2026-03-25,审计报告,沪电股份:2025年年度审计报告,https://data.eastmoney.com/notices/detail/002463/AN202603241820725527.html,,eastmoney_notice
SZSE:002463,沪电股份,2026-03-21,收购出售资产/股权,沪电股份:关于出售二级全资子公司股权暨关联交易的进展公告,https://data.eastmoney.com/notices/detail/002463/AN202603201820672901.html,,eastmoney_notice
SZSE:002463,沪电股份,2026-03-21,其他,沪电股份:关于控股子公司通过高新技术企业认定的公告,https://data.eastmoney.com/notices/detail/002463/AN202603201820672908.html,,eastmoney_notice
SZSE:002463,沪电股份,2026-03-12,调研活动,沪电股份:2026年3月12日投资者关系活动记录表,https://data.eastmoney.com/notices/detail/002463/AN202603121820521891.html,investor_relations,eastmoney_notice
SZSE:002463,沪电股份,2026-03-09,调研活动,沪电股份:2026年3月9日投资者关系活动记录表,https://data.eastmoney.com/notices/detail/002463/AN202603091820414320.html,investor_relations,eastmoney_notice
SZSE:002463,沪电股份,2026-03-07,收购出售资产/股权,沪电股份:关于出售二级全资子公司股权暨关联交易的公告,https://data.eastmoney.com/notices/detail/002463/AN202603061820349166.html,,eastmoney_notice
SZSE:002463,沪电股份,2026-03-07,董事会决议公告,沪电股份:第八届董事会第十五次会议决议公告,https://data.eastmoney.com/notices/detail/002463/AN202603061820349174.html,,eastmoney_notice
SZSE:002463,沪电股份,2026-03-07,签订协议,沪电股份:关于同意签署投资协议暨新建印制电路板生产项目及其配套设施的公告,https://data.eastmoney.com/notices/detail/002463/AN202603061820349171.html,capacity_project,eastmoney_notice
SZSE:002463,沪电股份,2026-03-03,调研活动,沪电股份:2026年3月3日投资者关系活动记录表,https://data.eastmoney.com/notices/detail/002463/AN202603031820225962.html,investor_relations,eastmoney_notice
SZSE:002463,沪电股份,2026-02-27,股票交易异常波动,沪电股份:关于股票交易异常波动的公告,https://data.eastmoney.com/notices/detail/002463/AN202602261820067882.html,,eastmoney_notice
SZSE:002463,沪电股份,2026-02-27,提供/对外担保公告,沪电股份:关于为控股子公司提供担保的进展公告,https://data.eastmoney.com/notices/detail/002463/AN202602261820067880.html,,eastmoney_notice
SZSE:002463,沪电股份,2026-02-13,董事会决议公告,沪电股份:第八届董事会第十四次会议决议公告,https://data.eastmoney.com/notices/detail/002463/AN202602121819906076.html,,eastmoney_notice
SZSE:002463,沪电股份,2026-02-13,对外项目投资,沪电股份:关于新建高端印制电路板生产项目的公告,https://data.eastmoney.com/notices/detail/002463/AN202602121819906079.html,capacity_project,eastmoney_notice
SZSE:002463,沪电股份,2026-02-13,股东大会决议公告,沪电股份:2026年第一次临时股东会决议公告,https://data.eastmoney.com/notices/detail/002463/AN202602121819906080.html,institutional_capital,eastmoney_notice
SZSE:002463,沪电股份,2026-02-13,法律意见书,沪电股份:关于沪士电子股份有限公司2026年第一次临时股东会之法律意见书,https://data.eastmoney.com/notices/detail/002463/AN202602121819906078.html,institutional_capital,eastmoney_notice
SZSE:002463,沪电股份,2026-02-05,股权激励进展公告,沪电股份:关于部分股票期权注销完成的公告,https://data.eastmoney.com/notices/detail/002463/AN202602041819772850.html,,eastmoney_notice
SZSE:002463,沪电股份,2026-01-28,调研活动,沪电股份:2026年1月28日投资者关系活动记录表,https://data.eastmoney.com/notices/detail/002463/AN202601281818504733.html,investor_relations,eastmoney_notice
SZSE:002463,沪电股份,2026-01-28,其他,沪电股份:关于2025年度计提资产减值准备的公告,https://data.eastmoney.com/notices/detail/002463/AN202601271818470518.html,,eastmoney_notice
SZSE:002463,沪电股份,2026-01-28,业绩快报,沪电股份:2025年度业绩快报,https://data.eastmoney.com/notices/detail/002463/AN202601271818470521.html,earnings,eastmoney_notice
SZSE:002463,沪电股份,2026-01-28,独立董事候选人声明,沪电股份:上市公司独立董事候选人声明与承诺(陈志雄),https://data.eastmoney.com/notices/detail/002463/AN202601271818470526.html,,eastmoney_notice
SZSE:002463,沪电股份,2026-01-28,召开股东大会通知,沪电股份:关于召开2026年第一次临时股东会的通知,https://data.eastmoney.com/notices/detail/002463/AN202601271818470528.html,institutional_capital,eastmoney_notice
SZSE:002463,沪电股份,2026-01-28,法律意见书,沪电股份:国浩律师(南京)事务所关于沪士电子股份有限公司注销2024年度股票期权激励计划部分股票期权之法律意见书,https://data.eastmoney.com/notices/detail/002463/AN202601271818470512.html,institutional_capital,eastmoney_notice
SZSE:002463,沪电股份,2026-01-28,专项说明/独立意见,沪电股份:董事会薪酬与考核委员会关于注销部分股票期权的核查意见,https://data.eastmoney.com/notices/detail/002463/AN202601271818470522.html,,eastmoney_notice
SZSE:002463,沪电股份,2026-01-28,独立董事提名人声明,沪电股份:上市公司独立董事提名人声明与承诺(陈志雄),https://data.eastmoney.com/notices/detail/002463/AN202601271818470530.html,,eastmoney_notice
SZSE:002463,沪电股份,2026-01-28,提供/对外担保公告,沪电股份:关于向相关金融机构申请综合授信额度和对外担保的公告,https://data.eastmoney.com/notices/detail/002463/AN202601271818470525.html,,eastmoney_notice
SZSE:002463,沪电股份,2026-01-28,股权激励进展公告,沪电股份:关于注销《公司2024年度股票期权激励计划》部分股票期权的公告,https://data.eastmoney.com/notices/detail/002463/AN202601271818470516.html,institutional_capital,eastmoney_notice
SZSE:002463,沪电股份,2026-01-28,高管人员任职变动,沪电股份:独立非执行董事候选人关于参加独立董事培训并取得独立董事资格证书的承诺,https://data.eastmoney.com/notices/detail/002463/AN202601271818470532.html,,eastmoney_notice
SZSE:002463,沪电股份,2026-01-28,高管人员任职变动,沪电股份:关于独立非执行董事辞职暨补选独立非执行董事的公告,https://data.eastmoney.com/notices/detail/002463/AN202601271818470519.html,,eastmoney_notice
SZSE:002463,沪电股份,2026-01-28,关联交易,沪电股份:关于2026年度与SchweizerElectronicAG.及其相关公司日常关联交易预计情况的公告,https://data.eastmoney.com/notices/detail/002463/AN202601271818470520.html,,eastmoney_notice
SZSE:002463,沪电股份,2026-01-28,关联交易,沪电股份:关于2026年度与楠梓电子股份有限公司及其相关公司日常关联交易预计情况的公告,https://data.eastmoney.com/notices/detail/002463/AN202601271818470523.html,,eastmoney_notice
SZSE:002463,沪电股份,2026-01-28,高管人员任职变动,沪电股份:第八届董事会第十三次会议决议公告,https://data.eastmoney.com/notices/detail/002463/AN202601271818470531.html,,eastmoney_notice
SZSE:002463,沪电股份,2026-01-13,签订协议,沪电股份:关于同意签署投资合作协议暨对外投资设立全资子公司的公告,https://data.eastmoney.com/notices/detail/002463/AN202601121816948101.html,,eastmoney_notice
SZSE:002463,沪电股份,2026-01-13,董事会决议公告,沪电股份:第八届董事会第十二次会议决议公告,https://data.eastmoney.com/notices/detail/002463/AN202601121816948102.html,,eastmoney_notice
SZSE:002463,沪电股份,2026-01-12,调研活动,沪电股份:2026年1月12日投资者关系活动记录表,https://data.eastmoney.com/notices/detail/002463/AN202601121816946719.html,investor_relations,eastmoney_notice
SZSE:002463,沪电股份,2025-12-31,收购出售资产/股权,沪电股份:关于购买股权、专利及技术资产暨关联交易的进展公告,https://data.eastmoney.com/notices/detail/002463/AN202512301811356824.html,product_cycle,eastmoney_notice
SZSE:002463,沪电股份,2025-12-30,公司章程修订,沪电股份:关于完成工商变更登记及《公司章程》备案的公告,https://data.eastmoney.com/notices/detail/002463/AN202512291810635018.html,,eastmoney_notice
SZSE:002463,沪电股份,2025-12-23,股东/实际控制人股份减持,沪电股份:关于高级管理人员股份减持计划实施完成的公告,https://data.eastmoney.com/notices/detail/002463/AN202512221805885398.html,institutional_capital,eastmoney_notice
SZSE:002463,沪电股份,2025-12-16,其他,沪电股份:关于发行境外上市股份(H股)备案申请材料获中国证监会接收的公告,https://data.eastmoney.com/notices/detail/002463/AN202512151801031397.html,,eastmoney_notice
SZSE:002463,沪电股份,2025-12-01,其他,沪电股份:关于向香港联交所递交H股发行上市申请并刊发申请资料的公告,https://data.eastmoney.com/notices/detail/002463/AN202511301791241435.html,,eastmoney_notice
SZSE:002463,沪电股份,2025-11-28,年度报告更正公告,沪电股份:关于2022年、2023年、2024年年度报告的更正公告,https://data.eastmoney.com/notices/detail/002463/AN202511271789433475.html,"earnings,risk",eastmoney_notice
SZSE:002463,沪电股份,2025-11-28,年度报告全文,沪电股份:2023年年度报告全文(更正后),https://data.eastmoney.com/notices/detail/002463/AN202511271789433476.html,"earnings,risk",eastmoney_notice
SZSE:002463,沪电股份,2025-11-28,年度报告全文,沪电股份:2022年年度报告全文(更正后),https://data.eastmoney.com/notices/detail/002463/AN202511271789433473.html,"earnings,risk",eastmoney_notice
SZSE:002463,沪电股份,2025-11-28,年度报告全文,沪电股份:2024年年度报告全文(更正后),https://data.eastmoney.com/notices/detail/002463/AN202511271789433474.html,"earnings,risk",eastmoney_notice
SZSE:002463,沪电股份,2025-11-21,董事会决议公告,沪电股份:第八届董事会第十一次会议决议公告,https://data.eastmoney.com/notices/detail/002463/AN202511201785048139.html,,eastmoney_notice
SZSE:002463,沪电股份,2025-11-21,收购出售资产/股权,沪电股份:关于购买股权、专利及技术资产暨关联交易的公告,https://data.eastmoney.com/notices/detail/002463/AN202511201785048133.html,product_cycle,eastmoney_notice
SZSE:002463,沪电股份,2025-11-18,股东大会决议公告,沪电股份:2025年第一次临时股东会决议公告,https://data.eastmoney.com/notices/detail/002463/AN202511171783211363.html,institutional_capital,eastmoney_notice
SZSE:002463,沪电股份,2025-11-18,法律意见书,沪电股份:国浩律师(南京)事务所关于沪士电子股份有限公司2025年第一次临时股东会之法律意见书,https://data.eastmoney.com/notices/detail/002463/AN202511171783211360.html,institutional_capital,eastmoney_notice
SZSE:002463,沪电股份,2025-11-13,调研活动,沪电股份:2025年11月13日投资者关系活动记录表,https://data.eastmoney.com/notices/detail/002463/AN202511131780624112.html,investor_relations,eastmoney_notice
SZSE:002463,沪电股份,2025-11-12,其他,沪电股份:关于全资子公司购买资产暨关联交易的公告,https://data.eastmoney.com/notices/detail/002463/AN202511111779414860.html,,eastmoney_notice
SZSE:002463,沪电股份,2025-11-12,董事会决议公告,沪电股份:第八届董事会第十次会议决议公告,https://data.eastmoney.com/notices/detail/002463/AN202511111779414857.html,,eastmoney_notice
SZSE:002463,沪电股份,2025-11-04,调研活动,沪电股份:2025年11月4日投资者关系活动记录表,https://data.eastmoney.com/notices/detail/002463/AN202511041775113671.html,investor_relations,eastmoney_notice
SZSE:002463,沪电股份,2025-11-01,管理办法/制度,沪电股份:募集资金管理制度(2025年10月),https://data.eastmoney.com/notices/detail/002463/AN202510311772632066.html,,eastmoney_notice
SZSE:002463,沪电股份,2025-11-01,独立董事候选人声明,沪电股份:上市公司独立董事候选人声明与承诺(官锦堃),https://data.eastmoney.com/notices/detail/002463/AN202510311772631339.html,,eastmoney_notice
SZSE:002463,沪电股份,2025-11-01,公司章程修订,沪电股份:关于修订《公司章程》及制定、修订相关制度(H股发行并上市后适用)的公告,https://data.eastmoney.com/notices/detail/002463/AN202510311772631347.html,,eastmoney_notice
SZSE:002463,沪电股份,2025-11-01,关联交易,沪电股份:关于调整2025年度与SchweizerElectronicAG.及其相关公司日常关联交易预计金额的公告,https://data.eastmoney.com/notices/detail/002463/AN202510311772632087.html,,eastmoney_notice
SZSE:002463,沪电股份,2025-11-01,议事规则/实施细则,沪电股份:股东会议事规则(2025年10月),https://data.eastmoney.com/notices/detail/002463/AN202510311772632076.html,institutional_capital,eastmoney_notice
SZSE:002463,沪电股份,2025-11-01,管理办法/制度,沪电股份:对外投资管理制度(2025年10月),https://data.eastmoney.com/notices/detail/002463/AN202510311772632075.html,,eastmoney_notice
SZSE:002463,沪电股份,2025-11-01,议事规则/实施细则,沪电股份:董事会议事规则(2025年10月),https://data.eastmoney.com/notices/detail/002463/AN202510311772631354.html,,eastmoney_notice
SZSE:002463,沪电股份,2025-11-01,审计机构变更,沪电股份:关于拟聘请H股发行并上市的审计机构的公告,https://data.eastmoney.com/notices/detail/002463/AN202510311772631352.html,,eastmoney_notice
SZSE:002463,沪电股份,2025-11-01,公司章程,沪电股份:公司章程(草案)(H股发行并上市后适用),https://data.eastmoney.com/notices/detail/002463/AN202510311772632079.html,,eastmoney_notice
SZSE:002463,沪电股份,2025-11-01,高管人员任职变动,沪电股份:关于增选公司董事及调整董事会战略委员会的公告,https://data.eastmoney.com/notices/detail/002463/AN202510311772632063.html,,eastmoney_notice
SZSE:002463,沪电股份,2025-11-01,管理办法/制度,沪电股份:对外投资管理制度(草案)(H股发行并上市后适用),https://data.eastmoney.com/notices/detail/002463/AN202510311772631340.html,,eastmoney_notice
SZSE:002463,沪电股份,2025-11-01,独立董事提名人声明,沪电股份:上市公司独立董事提名人声明与承诺(官锦堃),https://data.eastmoney.com/notices/detail/002463/AN202510311772632071.html,,eastmoney_notice
SZSE:002463,沪电股份,2025-11-01,管理办法/制度,沪电股份:独立董事制度(草案)(H股发行并上市后适用),https://data.eastmoney.com/notices/detail/002463/AN202510311772632083.html,,eastmoney_notice
SZSE:002463,沪电股份,2025-11-01,管理办法/制度,沪电股份:董事、高级管理人员薪酬管理制度(草案)(H股发行并上市后适用),https://data.eastmoney.com/notices/detail/002463/AN202510311772632060.html,,eastmoney_notice
SZSE:002463,沪电股份,2025-11-01,监事会决议公告,沪电股份:第八届监事会第七次会议决议公告,https://data.eastmoney.com/notices/detail/002463/AN202510311772632078.html,,eastmoney_notice
SZSE:002463,沪电股份,2025-11-01,管理办法/制度,沪电股份:募集资金管理制度(草案)(H股发行并上市后适用),https://data.eastmoney.com/notices/detail/002463/AN202510311772632086.html,,eastmoney_notice
SZSE:002463,沪电股份,2025-11-01,管理办法/制度,沪电股份:董事、高级管理人员薪酬管理制度(2025年10月),https://data.eastmoney.com/notices/detail/002463/AN202510311772632065.html,,eastmoney_notice
SZSE:002463,沪电股份,2025-11-01,管理办法/制度,沪电股份:对外担保管理制度(2025年10月),https://data.eastmoney.com/notices/detail/002463/AN202510311772631349.html,,eastmoney_notice
SZSE:002463,沪电股份,2025-11-01,议事规则/实施细则,沪电股份:股东会议事规则(草案)(H股发行并上市后适用),https://data.eastmoney.com/notices/detail/002463/AN202510311772631356.html,institutional_capital,eastmoney_notice
SZSE:002463,沪电股份,2025-11-01,高管人员任职变动,沪电股份:独立非执行董事候选人关于参加独立董事培训并取得独立董事资格证书的承诺书,https://data.eastmoney.com/notices/detail/002463/AN202510311772631341.html,,eastmoney_notice
SZSE:002463,沪电股份,2025-11-01,管理办法/制度,沪电股份:证券投资管理制度(2025年10月),https://data.eastmoney.com/notices/detail/002463/AN202510311772632081.html,,eastmoney_notice
SZSE:002463,沪电股份,2025-11-01,管理办法/制度,沪电股份:会计师事务所选聘制度(2025年10月),https://data.eastmoney.com/notices/detail/002463/AN202510311772632070.html,,eastmoney_notice
SZSE:002463,沪电股份,2025-11-01,管理办法/制度,沪电股份:独立董事制度(2025年10月),https://data.eastmoney.com/notices/detail/002463/AN202510311772632057.html,,eastmoney_notice
SZSE:002463,沪电股份,2025-11-01,管理办法/制度,沪电股份:关联(关连)交易管理制度(草案)(H股发行并上市后适用),https://data.eastmoney.com/notices/detail/002463/AN202510311772632064.html,,eastmoney_notice
SZSE:002463,沪电股份,2025-11-01,公司章程,沪电股份:公司章程(2025年10月),https://data.eastmoney.com/notices/detail/002463/AN202510311772631343.html,,eastmoney_notice
SZSE:002463,沪电股份,2025-11-01,审计机构变更,沪电股份:关于拟续聘会计师事务所的公告,https://data.eastmoney.com/notices/detail/002463/AN202510311772632082.html,,eastmoney_notice
SZSE:002463,沪电股份,2025-11-01,公司注册资本变更,沪电股份:关于变更注册资本、修订《公司章程》及制定、修订和废止部分制度的公告,https://data.eastmoney.com/notices/detail/002463/AN202510311772632072.html,,eastmoney_notice
SZSE:002463,沪电股份,2025-11-01,召开股东大会通知,沪电股份:关于召开2025年第一次临时股东会的通知,https://data.eastmoney.com/notices/detail/002463/AN202510311772632058.html,institutional_capital,eastmoney_notice
SZSE:002463,沪电股份,2025-11-01,高管人员任职变动,沪电股份:第八届董事会第九次会议决议公告,https://data.eastmoney.com/notices/detail/002463/AN202510311772631348.html,,eastmoney_notice
SZSE:002463,沪电股份,2025-11-01,管理办法/制度,沪电股份:关联交易决策制度(2025年10月),https://data.eastmoney.com/notices/detail/002463/AN202510311772631345.html,,eastmoney_notice
SZSE:002463,沪电股份,2025-11-01,管理办法/制度,沪电股份:对外担保管理制度(草案)(H股发行并上市后适用),https://data.eastmoney.com/notices/detail/002463/AN202510311772632077.html,,eastmoney_notice
SZSE:002463,沪电股份,2025-11-01,议事规则/实施细则,沪电股份:董事会议事规则(草案)(H股发行并上市后适用),https://data.eastmoney.com/notices/detail/002463/AN202510311772632085.html,,eastmoney_notice
SZSE:002463,沪电股份,2025-10-29,董事会决议公告,沪电股份:第八届董事会第八次会议决议公告,https://data.eastmoney.com/notices/detail/002463/AN202510281770738595.html,,eastmoney_notice
SZSE:002463,沪电股份,2025-10-29,监事会决议公告,沪电股份:第八届监事会第六次会议决议公告,https://data.eastmoney.com/notices/detail/002463/AN202510281770738633.html,,eastmoney_notice
SZSE:002463,沪电股份,2025-10-29,三季度报告全文,沪电股份:2025年三季度报告,https://data.eastmoney.com/notices/detail/002463/AN202510281770738568.html,earnings,eastmoney_notice
SZSE:002463,沪电股份,2025-10-23,高管人员任职变动,沪电股份:关于选举产生第八届董事会职工代表董事的公告,https://data.eastmoney.com/notices/detail/002463/AN202510221766946061.html,,eastmoney_notice
SZSE:002463,沪电股份,2025-09-26,调研活动,沪电股份:2025年9月26日投资者关系活动记录表,https://data.eastmoney.com/notices/detail/002463/AN202509261750987601.html,investor_relations,eastmoney_notice
SZSE:002463,沪电股份,2025-09-24,调研活动,沪电股份:2025年9月24日投资者关系活动记录表,https://data.eastmoney.com/notices/detail/002463/AN202509241749789744.html,investor_relations,eastmoney_notice
SZSE:002463,沪电股份,2025-09-23,调研活动,沪电股份:2025年9月23日投资者关系活动记录表,https://data.eastmoney.com/notices/detail/002463/AN202509231749165460.html,investor_relations,eastmoney_notice
SZSE:002463,沪电股份,2025-09-20,其他,沪电股份:关于筹划发行H股股票并在香港联合交易所有限公司上市的提示性公告,https://data.eastmoney.com/notices/detail/002463/AN202509191746735502.html,,eastmoney_notice
SZSE:002463,沪电股份,2025-09-17,调研活动,沪电股份:2025年9月17日投资者关系活动记录表,https://data.eastmoney.com/notices/detail/002463/AN202509171745512826.html,investor_relations,eastmoney_notice
SZSE:002463,沪电股份,2025-09-01,股东/实际控制人股份减持,沪电股份:关于高级管理人员拟减持公司股份的预披露公告,https://data.eastmoney.com/notices/detail/002463/AN202508311737275917.html,institutional_capital,eastmoney_notice
SZSE:002463,沪电股份,2025-08-28,股权激励进展公告,沪电股份:关于部分股票期权注销完成的公告,https://data.eastmoney.com/notices/detail/002463/AN202508271735471655.html,,eastmoney_notice
SZSE:002463,沪电股份,2025-08-28,提供/对外担保公告,沪电股份:关于为全资子公司提供担保的进展公告,https://data.eastmoney.com/notices/detail/002463/AN202508271735472259.html,,eastmoney_notice
SZSE:002463,沪电股份,2025-08-28,提供/对外担保公告,沪电股份:关于为控股子公司提供担保的进展公告,https://data.eastmoney.com/notices/detail/002463/AN202508271735471648.html,,eastmoney_notice
SZSE:002463,沪电股份,2025-08-22,董事会决议公告,沪电股份:半年报董事会决议公告,https://data.eastmoney.com/notices/detail/002463/AN202508211731784349.html,earnings,eastmoney_notice
SZSE:002463,沪电股份,2025-08-22,资金占用,沪电股份:半年度非经营性资金占用及其他关联资金往来情况汇总表,https://data.eastmoney.com/notices/detail/002463/AN202508211731784338.html,,eastmoney_notice
SZSE:002463,沪电股份,2025-08-22,监事会决议公告,沪电股份:半年报监事会决议公告,https://data.eastmoney.com/notices/detail/002463/AN202508211731784356.html,earnings,eastmoney_notice
SZSE:002463,沪电股份,2025-08-22,股权激励进展公告,沪电股份:关于注销《公司2024年度股票期权激励计划》部分股票期权的公告,https://data.eastmoney.com/notices/detail/002463/AN202508211731784337.html,institutional_capital,eastmoney_notice
SZSE:002463,沪电股份,2025-08-22,法律意见书,沪电股份:国浩律师(南京)事务所关于沪士电子股份有限公司注销2024年度股票期权激励计划部分股票期权之法律意见书,https://data.eastmoney.com/notices/detail/002463/AN202508211731784341.html,institutional_capital,eastmoney_notice
SZSE:002463,沪电股份,2025-08-22,提供/对外担保公告,沪电股份:关于为控股子公司提供担保的公告,https://data.eastmoney.com/notices/detail/002463/AN202508211731784352.html,,eastmoney_notice
SZSE:002463,沪电股份,2025-08-22,半年度财务报告,沪电股份:2025年半年度财务报告,https://data.eastmoney.com/notices/detail/002463/AN202508211731784859.html,,eastmoney_notice
SZSE:002463,沪电股份,2025-08-22,半年度报告全文,沪电股份:2025年半年度报告,https://data.eastmoney.com/notices/detail/002463/AN202508211731784354.html,earnings,eastmoney_notice
SZSE:002463,沪电股份,2025-08-22,半年度报告摘要,沪电股份:2025年半年度报告摘要,https://data.eastmoney.com/notices/detail/002463/AN202508211731784344.html,earnings,eastmoney_notice
SZSE:002463,沪电股份,2025-07-28,调研活动,沪电股份:2025年7月28日投资者关系活动记录表,https://data.eastmoney.com/notices/detail/002463/AN202507281717197325.html,investor_relations,eastmoney_notice
SZSE:002463,沪电股份,2025-07-25,调研活动,沪电股份:2025年7月25日投资者关系活动记录表,https://data.eastmoney.com/notices/detail/002463/AN202507251715365279.html,investor_relations,eastmoney_notice
SZSE:002463,沪电股份,2025-07-23,调研活动,沪电股份:2025年7月23日投资者关系活动记录表,https://data.eastmoney.com/notices/detail/002463/AN202507231714182017.html,investor_relations,eastmoney_notice
SZSE:002463,沪电股份,2025-07-22,调研活动,沪电股份:2025年7月22日投资者关系活动记录表,https://data.eastmoney.com/notices/detail/002463/AN202507221713618037.html,investor_relations,eastmoney_notice
SZSE:002463,沪电股份,2025-07-16,股东/实际控制人股份减持,沪电股份:关于持股5%以上股东减持计划实施完成的公告,https://data.eastmoney.com/notices/detail/002463/AN202507151709489539.html,institutional_capital,eastmoney_notice
SZSE:002463,沪电股份,2025-07-11,业绩预告,沪电股份:2025年半年度业绩预告,https://data.eastmoney.com/notices/detail/002463/AN202507101706405537.html,earnings,eastmoney_notice
SZSE:002463,沪电股份,2025-07-04,董事会决议公告,沪电股份:第八届董事会第六次会议决议公告,https://data.eastmoney.com/notices/detail/002463/AN202507031702212038.html,,eastmoney_notice
SZSE:002463,沪电股份,2025-07-03,调研活动,沪电股份:2025年7月3日投资者关系活动记录表,https://data.eastmoney.com/notices/detail/002463/AN202507031702196854.html,investor_relations,eastmoney_notice
SZSE:002463,沪电股份,2025-06-26,调研活动,沪电股份:2025年6月26日投资者关系活动记录表,https://data.eastmoney.com/notices/detail/002463/AN202506261697986474.html,investor_relations,eastmoney_notice
SZSE:002463,沪电股份,2025-06-25,调研活动,沪电股份:2025年6月25日投资者关系活动记录表,https://data.eastmoney.com/notices/detail/002463/AN202506251697422621.html,investor_relations,eastmoney_notice
SZSE:002463,沪电股份,2025-06-24,调研活动,沪电股份:2025年6月24日投资者关系活动记录表,https://data.eastmoney.com/notices/detail/002463/AN202506241696777407.html,investor_relations,eastmoney_notice
SZSE:002463,沪电股份,2025-06-23,调研活动,沪电股份:2025年6月23日投资者关系活动记录表,https://data.eastmoney.com/notices/detail/002463/AN202506231696183500.html,investor_relations,eastmoney_notice
SZSE:002463,沪电股份,2025-06-19,调研活动,沪电股份:2025年6月19日投资者关系活动记录表,https://data.eastmoney.com/notices/detail/002463/AN202506191693798871.html,investor_relations,eastmoney_notice
SZSE:002463,沪电股份,2025-06-18,调研活动,沪电股份:2025年6月18日投资者关系活动记录表,https://data.eastmoney.com/notices/detail/002463/AN202506181693229292.html,investor_relations,eastmoney_notice
SZSE:002463,沪电股份,2025-06-11,调研活动,沪电股份:2025年6月11日投资者关系活动记录表,https://data.eastmoney.com/notices/detail/002463/AN202506111688912220.html,investor_relations,eastmoney_notice
SZSE:300308,中际旭创,2026-06-01,澄清公告,中际旭创:中际旭创关于网络传闻的澄清公告,https://data.eastmoney.com/notices/detail/300308/AN202605311823108387.html,,eastmoney_notice
SZSE:300308,中际旭创,2026-05-29,限售股份上市流通,中际旭创:关于公司第四期限制性股票激励计划首次授予部分第一个归属期归属结果暨股份上市公告,https://data.eastmoney.com/notices/detail/300308/AN202605281822953260.html,institutional_capital,eastmoney_notice
SZSE:300308,中际旭创,2026-05-28,独立董事提名人声明,中际旭创:独立董事提名人声明与承诺(四),https://data.eastmoney.com/notices/detail/300308/AN202605271822920427.html,,eastmoney_notice
SZSE:300308,中际旭创,2026-05-28,独立董事候选人声明,中际旭创:独立董事候选人声明与承诺(成波),https://data.eastmoney.com/notices/detail/300308/AN202605271822920424.html,,eastmoney_notice
SZSE:300308,中际旭创,2026-05-28,独立董事提名人声明,中际旭创:独立董事提名人声明与承诺(二),https://data.eastmoney.com/notices/detail/300308/AN202605271822920421.html,,eastmoney_notice
SZSE:300308,中际旭创,2026-05-28,独立董事候选人声明,中际旭创:独立董事候选人声明与承诺(屈文洲),https://data.eastmoney.com/notices/detail/300308/AN202605271822920430.html,,eastmoney_notice
SZSE:300308,中际旭创,2026-05-28,独立董事提名人声明,中际旭创:独立董事提名人声明与承诺(一),https://data.eastmoney.com/notices/detail/300308/AN202605271822920425.html,,eastmoney_notice
SZSE:300308,中际旭创,2026-05-28,独立董事提名人声明,中际旭创:独立董事提名人声明与承诺(三),https://data.eastmoney.com/notices/detail/300308/AN202605271822920420.html,,eastmoney_notice
SZSE:300308,中际旭创,2026-05-28,独立董事候选人声明,中际旭创:独立董事候选人声明与承诺(战淑萍),https://data.eastmoney.com/notices/detail/300308/AN202605271822920428.html,,eastmoney_notice
SZSE:300308,中际旭创,2026-05-28,独立董事候选人声明,中际旭创:独立董事候选人声明与承诺(黄国滨),https://data.eastmoney.com/notices/detail/300308/AN202605271822920426.html,,eastmoney_notice
SZSE:300308,中际旭创,2026-05-28,高管人员任职变动,中际旭创:第五届董事会第三十三次会议决议公告,https://data.eastmoney.com/notices/detail/300308/AN202605271822920422.html,,eastmoney_notice
SZSE:300308,中际旭创,2026-05-28,召开股东大会通知,中际旭创:关于召开2026年第二次临时股东会的通知,https://data.eastmoney.com/notices/detail/300308/AN202605271822920419.html,institutional_capital,eastmoney_notice
SZSE:300308,中际旭创,2026-05-22,股份质押、冻结,中际旭创:关于特定股东部分股票进行质押交易及解除质押的公告,https://data.eastmoney.com/notices/detail/300308/AN202605221822688389.html,institutional_capital,eastmoney_notice
SZSE:300308,中际旭创,2026-05-15,调研活动,中际旭创:投资者关系活动记录表20260515,https://data.eastmoney.com/notices/detail/300308/AN202605151822353742.html,investor_relations,eastmoney_notice
SZSE:300308,中际旭创,2026-05-14,调研活动,中际旭创:关于参加2026年山东辖区上市公司投资者网上集体接待日活动的公告,https://data.eastmoney.com/notices/detail/300308/AN202605131822270384.html,investor_relations,eastmoney_notice
SZSE:300308,中际旭创,2026-05-09,保荐/核查意见,中际旭创:薪酬与考核委员会关于公司第四期限制性股票激励计划股份归属及激励对象名单的核查意见,https://data.eastmoney.com/notices/detail/300308/AN202605081822080778.html,institutional_capital,eastmoney_notice
SZSE:300308,中际旭创,2026-05-09,保荐/核查意见,中际旭创:薪酬与考核委员会关于公司第三期限制性股票激励计划股份归属及激励对象名单的核查意见,https://data.eastmoney.com/notices/detail/300308/AN202605081822080765.html,institutional_capital,eastmoney_notice
SZSE:300308,中际旭创,2026-05-09,股权激励行权价（数量）调整,中际旭创:关于调整公司第三期限制性股票激励计划预留部分归属价格的公告,https://data.eastmoney.com/notices/detail/300308/AN202605081822080768.html,institutional_capital,eastmoney_notice
SZSE:300308,中际旭创,2026-05-09,法律意见书,中际旭创:上海泽昌律师事务所关于公司调整第四期限制性股票激励计划首次授予部分归属价格、首次授予部分第一个归属期归属条件成就暨作废部分激励对象已获授但尚未归属的限制性股票的法律意见书,https://data.eastmoney.com/notices/detail/300308/AN202605081822080779.html,institutional_capital,eastmoney_notice
SZSE:300308,中际旭创,2026-05-09,股权激励行权价（数量）调整,中际旭创:关于调整公司第四期限制性股票激励计划首次授予部分归属价格的公告,https://data.eastmoney.com/notices/detail/300308/AN202605081822080783.html,institutional_capital,eastmoney_notice
SZSE:300308,中际旭创,2026-05-09,股权激励进展公告,中际旭创:关于作废第四期限制性股票激励计划部分激励对象已获授但尚未归属的限制性股票的公告,https://data.eastmoney.com/notices/detail/300308/AN202605081822080767.html,institutional_capital,eastmoney_notice
SZSE:300308,中际旭创,2026-05-09,董事会决议公告,中际旭创:第五届董事会第三十二次会议决议公告,https://data.eastmoney.com/notices/detail/300308/AN202605081822080775.html,,eastmoney_notice
SZSE:300308,中际旭创,2026-05-09,股权激励进展公告,中际旭创:关于作废第三期限制性股票激励计划部分激励对象已获授但尚未归属的限制性股票的公告,https://data.eastmoney.com/notices/detail/300308/AN202605081822080734.html,institutional_capital,eastmoney_notice
SZSE:300308,中际旭创,2026-05-09,股权激励进展公告,中际旭创:关于公司第三期限制性股票激励计划预留部分第一个归属期归属条件成就的公告,https://data.eastmoney.com/notices/detail/300308/AN202605081822080728.html,institutional_capital,eastmoney_notice
SZSE:300308,中际旭创,2026-05-09,股权激励进展公告,中际旭创:关于公司第四期限制性股票激励计划首次授予部分第一个归属期归属条件成就的公告,https://data.eastmoney.com/notices/detail/300308/AN202605081822080730.html,institutional_capital,eastmoney_notice
SZSE:300308,中际旭创,2026-05-09,法律意见书,中际旭创:上海泽昌律师事务所关于公司调整第三期限制性股票激励计划预留部分归属价格、预留部分第一个归属期归属条件成就暨作废部分激励对象已获授但尚未归属的限制性股票的法律意见书,https://data.eastmoney.com/notices/detail/300308/AN202605081822080731.html,institutional_capital,eastmoney_notice
SZSE:300308,中际旭创,2026-04-24,调研活动,中际旭创:投资者关系活动记录表20260424,https://data.eastmoney.com/notices/detail/300308/AN202604241821557866.html,investor_relations,eastmoney_notice
SZSE:300308,中际旭创,2026-04-22,分配方案实施,中际旭创:2025年度权益分派实施公告,https://data.eastmoney.com/notices/detail/300308/AN202604221821448644.html,,eastmoney_notice
SZSE:300308,中际旭创,2026-04-20,法律意见书,中际旭创:北京中银(苏州)律师事务所关于公司2025年度股东会之法律意见书,https://data.eastmoney.com/notices/detail/300308/AN202604201821347863.html,institutional_capital,eastmoney_notice
SZSE:300308,中际旭创,2026-04-20,分配方案决议公告,中际旭创:2025年度股东会决议公告,https://data.eastmoney.com/notices/detail/300308/AN202604201821347896.html,institutional_capital,eastmoney_notice
SZSE:300308,中际旭创,2026-04-20,其他,中际旭创:关于举行2025年度业绩说明会的公告,https://data.eastmoney.com/notices/detail/300308/AN202604201821347878.html,investor_relations,eastmoney_notice
SZSE:300308,中际旭创,2026-04-20,限售股份上市流通,中际旭创:关于公司第三期限制性股票激励计划首次授予部分第二个归属期归属结果暨股份上市公告,https://data.eastmoney.com/notices/detail/300308/AN202604201821347794.html,institutional_capital,eastmoney_notice
SZSE:300308,中际旭创,2026-04-17,调研活动,中际旭创:投资者关系活动记录表20260416,https://data.eastmoney.com/notices/detail/300308/AN202604171821277544.html,investor_relations,eastmoney_notice
SZSE:300308,中际旭创,2026-04-17,其他,中际旭创:2026年第一季度报告披露的提示性公告,https://data.eastmoney.com/notices/detail/300308/AN202604161821269629.html,earnings,eastmoney_notice
SZSE:300308,中际旭创,2026-04-17,一季度报告全文,中际旭创:2026年一季度报告,https://data.eastmoney.com/notices/detail/300308/AN202604161821269635.html,earnings,eastmoney_notice
SZSE:300308,中际旭创,2026-04-17,董事会决议公告,中际旭创:第五届董事会第三十一次会议决议公告,https://data.eastmoney.com/notices/detail/300308/AN202604161821269666.html,,eastmoney_notice
SZSE:300308,中际旭创,2026-04-15,延期披露定报公告,中际旭创:关于变更2026年第一季度报告预约披露时间的公告,https://data.eastmoney.com/notices/detail/300308/AN202604141821180690.html,earnings,eastmoney_notice
SZSE:300308,中际旭创,2026-03-31,投资理财,中际旭创:关于继续使用自有资金进行现金管理的公告,https://data.eastmoney.com/notices/detail/300308/AN202603301820868437.html,,eastmoney_notice
SZSE:300308,中际旭创,2026-03-31,增资扩股,中际旭创:关于控股孙公司2026年度增资的公告,https://data.eastmoney.com/notices/detail/300308/AN202603301820868436.html,,eastmoney_notice
SZSE:300308,中际旭创,2026-03-31,其他,中际旭创:未来三年(2026年-2028年)股东回报规划,https://data.eastmoney.com/notices/detail/300308/AN202603301820868497.html,institutional_capital,eastmoney_notice
SZSE:300308,中际旭创,2026-03-31,其他,中际旭创:关于会计师事务所2025年度履职情况的评估报告,https://data.eastmoney.com/notices/detail/300308/AN202603301820868494.html,,eastmoney_notice
SZSE:300308,中际旭创,2026-03-31,保荐/核查意见,中际旭创:2025年度募集资金存放、管理与使用情况专项报告及鉴证报告,https://data.eastmoney.com/notices/detail/300308/AN202603301820868481.html,,eastmoney_notice
SZSE:300308,中际旭创,2026-03-31,独立董事述职报告,中际旭创:2025年度独立董事述职报告(成波),https://data.eastmoney.com/notices/detail/300308/AN202603301820868452.html,,eastmoney_notice
SZSE:300308,中际旭创,2026-03-31,管理办法/制度,中际旭创:董事及高级管理人员薪酬管理制度(2026年3月),https://data.eastmoney.com/notices/detail/300308/AN202603301820868458.html,,eastmoney_notice
SZSE:300308,中际旭创,2026-03-31,其他,中际旭创:关于确认董事、高级管理人员2025年度薪酬及2026年度薪酬方案的公告,https://data.eastmoney.com/notices/detail/300308/AN202603301820868476.html,,eastmoney_notice
SZSE:300308,中际旭创,2026-03-31,其他,中际旭创:关于公司控股股东及其他关联方占用资金情况专项报告,https://data.eastmoney.com/notices/detail/300308/AN202603301820868434.html,institutional_capital,eastmoney_notice
SZSE:300308,中际旭创,2026-03-31,提供/对外担保公告,中际旭创:关于公司及子公司向银行申请综合授信额度并提供担保的公告,https://data.eastmoney.com/notices/detail/300308/AN202603301820868468.html,,eastmoney_notice
SZSE:300308,中际旭创,2026-03-31,其他,中际旭创:2025年度报告披露的提示性公告,https://data.eastmoney.com/notices/detail/300308/AN202603301820868475.html,earnings,eastmoney_notice
SZSE:300308,中际旭创,2026-03-31,股权激励进展公告,中际旭创:关于作废部分激励对象已获授但尚未归属的限制性股票的公告,https://data.eastmoney.com/notices/detail/300308/AN202603301820868433.html,institutional_capital,eastmoney_notice
SZSE:300308,中际旭创,2026-03-31,年度报告摘要,中际旭创:2025年年度报告摘要,https://data.eastmoney.com/notices/detail/300308/AN202603301820868498.html,earnings,eastmoney_notice
SZSE:300308,中际旭创,2026-03-31,专项说明/独立意见,中际旭创:董事会对独立董事独立性评估的专项意见,https://data.eastmoney.com/notices/detail/300308/AN202603301820868447.html,,eastmoney_notice
SZSE:300308,中际旭创,2026-03-31,其他,中际旭创:关于继续开展外汇套期保值业务的公告,https://data.eastmoney.com/notices/detail/300308/AN202603301820868449.html,,eastmoney_notice
SZSE:300308,中际旭创,2026-03-31,独立董事述职报告,中际旭创:2025年度独立董事述职报告(YanZhuang),https://data.eastmoney.com/notices/detail/300308/AN202603301820868448.html,,eastmoney_notice
SZSE:300308,中际旭创,2026-03-31,审计报告,中际旭创:2025年度内部控制审计报告,https://data.eastmoney.com/notices/detail/300308/AN202603301820868478.html,,eastmoney_notice
SZSE:300308,中际旭创,2026-03-31,董事会决议公告,中际旭创:第五届董事会独立董事专门会议第十次会议决议公告,https://data.eastmoney.com/notices/detail/300308/AN202603301820868461.html,,eastmoney_notice
SZSE:300308,中际旭创,2026-03-31,ESG公告,中际旭创:2025年环境、社会及公司治理(ESG)报告,https://data.eastmoney.com/notices/detail/300308/AN202603301820868505.html,,eastmoney_notice
SZSE:300308,中际旭创,2026-03-31,独立董事述职报告,中际旭创:2025年度独立董事述职报告(战淑萍),https://data.eastmoney.com/notices/detail/300308/AN202603301820868486.html,,eastmoney_notice
SZSE:300308,中际旭创,2026-03-31,审计报告,中际旭创:2025年年度审计报告,https://data.eastmoney.com/notices/detail/300308/AN202603301820868455.html,,eastmoney_notice
SZSE:300308,中际旭创,2026-03-31,员工持股计划,中际旭创:关于第三期员工持股计划第三个锁定期解锁条件成就的公告,https://data.eastmoney.com/notices/detail/300308/AN202603301820868435.html,institutional_capital,eastmoney_notice
SZSE:300308,中际旭创,2026-03-31,股权激励进展公告,中际旭创:关于公司第三期限制性股票激励计划首次授予部分第二个归属期归属条件成就的公告,https://data.eastmoney.com/notices/detail/300308/AN202603301820868457.html,institutional_capital,eastmoney_notice
SZSE:300308,中际旭创,2026-03-31,增资扩股,中际旭创:关于调整控股孙公司2025年度增资方案的公告,https://data.eastmoney.com/notices/detail/300308/AN202603301820868465.html,,eastmoney_notice
SZSE:300308,中际旭创,2026-03-31,年度报告全文,中际旭创:2025年年度报告,https://data.eastmoney.com/notices/detail/300308/AN202603301820868469.html,earnings,eastmoney_notice
SZSE:300308,中际旭创,2026-03-31,法律意见书,中际旭创:上海泽昌律师事务所关于公司调整第三期限制性股票激励计划首次授予部分归属价格、首次授予部分第二个归属期归属条件成就暨作废部分激励对象已获授但尚未归属的限制性股票的法律意见书,https://data.eastmoney.com/notices/detail/300308/AN202603301820868446.html,institutional_capital,eastmoney_notice
SZSE:300308,中际旭创,2026-03-31,分配预案,中际旭创:第五届董事会第二十九次会议决议公告,https://data.eastmoney.com/notices/detail/300308/AN202603301820868466.html,,eastmoney_notice
SZSE:300308,中际旭创,2026-03-31,内部控制报告,中际旭创:2025年度内部控制自我评价报告,https://data.eastmoney.com/notices/detail/300308/AN202603301820868472.html,,eastmoney_notice
SZSE:300308,中际旭创,2026-03-31,ESG公告,中际旭创:Zhongji InnoLight ESG Report(2025),https://data.eastmoney.com/notices/detail/300308/AN202603301820868488.html,,eastmoney_notice
SZSE:300308,中际旭创,2026-03-31,董事会决议公告,中际旭创:第五届董事会第三十次会议决议公告,https://data.eastmoney.com/notices/detail/300308/AN202603301820868473.html,,eastmoney_notice
SZSE:300308,中际旭创,2026-03-31,保荐/核查意见,中际旭创:国泰海通证券股份有限公司关于公司2025年度募集资金存放、管理与使用情况的核查意见,https://data.eastmoney.com/notices/detail/300308/AN202603301820868464.html,,eastmoney_notice
SZSE:300308,中际旭创,2026-03-31,审计机构变更,中际旭创:关于续聘2026年度审计机构的公告,https://data.eastmoney.com/notices/detail/300308/AN202603301820868459.html,,eastmoney_notice
SZSE:300308,中际旭创,2026-03-31,其他,中际旭创:2025年度董事会工作报告,https://data.eastmoney.com/notices/detail/300308/AN202603301820868487.html,,eastmoney_notice
SZSE:300308,中际旭创,2026-03-31,股权激励行权价（数量）调整,中际旭创:关于调整公司第三期限制性股票激励计划首次授予部分归属价格的公告,https://data.eastmoney.com/notices/detail/300308/AN202603301820868496.html,institutional_capital,eastmoney_notice
SZSE:300308,中际旭创,2026-03-31,其他,中际旭创:关于开展外汇套期保值业务的可行性分析报告,https://data.eastmoney.com/notices/detail/300308/AN202603301820868454.html,,eastmoney_notice
SZSE:300308,中际旭创,2026-03-31,召开股东大会通知,中际旭创:关于召开2025年度股东会的通知,https://data.eastmoney.com/notices/detail/300308/AN202603301820868501.html,institutional_capital,eastmoney_notice
SZSE:300308,中际旭创,2026-03-31,管理办法/制度,中际旭创:会计师事务所选聘制度(2026年3月),https://data.eastmoney.com/notices/detail/300308/AN202603301820868463.html,,eastmoney_notice
SZSE:300308,中际旭创,2026-03-31,募集资金使用情况报告,中际旭创:2025年度募集资金存放、管理与使用情况的专项报告,https://data.eastmoney.com/notices/detail/300308/AN202603301820868470.html,,eastmoney_notice
SZSE:300308,中际旭创,2026-03-31,年度财务报告,中际旭创:2025年度财务决算报告,https://data.eastmoney.com/notices/detail/300308/AN202603301820868432.html,,eastmoney_notice
SZSE:300308,中际旭创,2026-03-31,保荐/核查意见,中际旭创:薪酬与考核委员会关于公司第三期股权激励计划首次授予部分股份归属及激励对象名单的核查意见,https://data.eastmoney.com/notices/detail/300308/AN202603301820868450.html,institutional_capital,eastmoney_notice
SZSE:300308,中际旭创,2026-03-31,其他,中际旭创:董事会审计委员会对会计师事务所2025年度履职情况评估及履行监督职责情况的报告,https://data.eastmoney.com/notices/detail/300308/AN202603301820868502.html,,eastmoney_notice
SZSE:300308,中际旭创,2026-03-31,独立董事述职报告,中际旭创:2025年度独立董事述职报告(屈文洲),https://data.eastmoney.com/notices/detail/300308/AN202603301820868438.html,,eastmoney_notice
SZSE:300308,中际旭创,2026-03-31,分配预案,中际旭创:关于2025年度利润分配预案的公告,https://data.eastmoney.com/notices/detail/300308/AN202603301820868456.html,earnings,eastmoney_notice
SZSE:300308,中际旭创,2026-03-31,分配预案,中际旭创:第五届董事会独立董事专门会议第九次会议决议公告,https://data.eastmoney.com/notices/detail/300308/AN202603301820868493.html,,eastmoney_notice
SZSE:300308,中际旭创,2026-03-31,分配预案,中际旭创:关于提请股东会授权董事会制定2026年中期分红方案的公告,https://data.eastmoney.com/notices/detail/300308/AN202603301820868442.html,"earnings,institutional_capital",eastmoney_notice
SZSE:300308,中际旭创,2026-03-30,调研活动,中际旭创:投资者关系活动记录表20260330,https://data.eastmoney.com/notices/detail/300308/AN202603301820884446.html,investor_relations,eastmoney_notice
SZSE:300308,中际旭创,2026-03-23,股份质押、冻结,中际旭创:关于特定股东及其一致行动人部分股票质押延期购回的公告,https://data.eastmoney.com/notices/detail/300308/AN202603231820704983.html,institutional_capital,eastmoney_notice
SZSE:300308,中际旭创,2026-03-14,股权激励对象名单,中际旭创:第四期限制性股票激励计划预留部分激励对象名单(授予日),https://data.eastmoney.com/notices/detail/300308/AN202603131820550779.html,institutional_capital,eastmoney_notice
SZSE:300308,中际旭创,2026-03-14,法律意见书,中际旭创:上海泽昌律师事务所关于公司第四期限制性股票激励计划预留部分价格调整及授予相关事项的法律意见书,https://data.eastmoney.com/notices/detail/300308/AN202603131820550778.html,institutional_capital,eastmoney_notice
SZSE:300308,中际旭创,2026-03-14,股权激励进展公告,中际旭创:关于向第四期限制性股票激励计划激励对象授予预留限制性股票的公告,https://data.eastmoney.com/notices/detail/300308/AN202603131820550777.html,institutional_capital,eastmoney_notice
SZSE:300308,中际旭创,2026-03-14,董事会决议公告,中际旭创:第五届董事会第二十八次会议决议公告,https://data.eastmoney.com/notices/detail/300308/AN202603131820550642.html,,eastmoney_notice
SZSE:300308,中际旭创,2026-03-14,保荐/核查意见,中际旭创:薪酬与考核委员会关于公司第四期股权激励计划预留部分授予及激励对象名单的核查意见,https://data.eastmoney.com/notices/detail/300308/AN202603131820550640.html,institutional_capital,eastmoney_notice
SZSE:300308,中际旭创,2026-03-14,股权激励行权价（数量）调整,中际旭创:关于调整第四期限制性股票激励计划预留部分授予价格的公告,https://data.eastmoney.com/notices/detail/300308/AN202603131820550641.html,institutional_capital,eastmoney_notice
SZSE:300308,中际旭创,2026-03-07,股份质押、冻结,中际旭创:关于特定股东部分股票解除质押及延期购回的公告,https://data.eastmoney.com/notices/detail/300308/AN202603061820344370.html,institutional_capital,eastmoney_notice
SZSE:300308,中际旭创,2026-02-28,业绩快报,中际旭创:2025年度业绩快报,https://data.eastmoney.com/notices/detail/300308/AN202602271820109038.html,earnings,eastmoney_notice
SZSE:300308,中际旭创,2026-02-01,调研活动,中际旭创:投资者关系活动记录表20260131,https://data.eastmoney.com/notices/detail/300308/AN202602011818906615.html,investor_relations,eastmoney_notice
SZSE:300308,中际旭创,2026-01-31,业绩预告,中际旭创:2025年度业绩预告,https://data.eastmoney.com/notices/detail/300308/AN202601301818597692.html,earnings,eastmoney_notice
SZSE:300308,中际旭创,2026-01-29,股东大会决议公告,中际旭创:2026年第一次临时股东会决议公告,https://data.eastmoney.com/notices/detail/300308/AN202601281818511879.html,institutional_capital,eastmoney_notice
SZSE:300308,中际旭创,2026-01-29,投资理财,中际旭创:关于使用部分自有资金进行现金管理的进展公告,https://data.eastmoney.com/notices/detail/300308/AN202601281818511876.html,,eastmoney_notice
SZSE:300308,中际旭创,2026-01-29,法律意见书,中际旭创:北京中银(苏州)律师事务所关于公司2026年第一次临时股东会之法律意见书,https://data.eastmoney.com/notices/detail/300308/AN202601281818511877.html,institutional_capital,eastmoney_notice
SZSE:300308,中际旭创,2026-01-19,股份质押、冻结,中际旭创:关于特定股东之一致行动人部分股票进行质押交易及解除质押的公告,https://data.eastmoney.com/notices/detail/300308/AN202601191818111798.html,institutional_capital,eastmoney_notice
SZSE:300308,中际旭创,2026-01-16,股东/实际控制人股份减持,中际旭创:关于控股股东减持计划实施完毕的公告,https://data.eastmoney.com/notices/detail/300308/AN202601161817863156.html,institutional_capital,eastmoney_notice
SZSE:300308,中际旭创,2026-01-13,管理办法/制度,中际旭创:募集资金管理制度,https://data.eastmoney.com/notices/detail/300308/AN202601121816954148.html,,eastmoney_notice
SZSE:300308,中际旭创,2026-01-13,其他,中际旭创:股东通讯政策(草案),https://data.eastmoney.com/notices/detail/300308/AN202601121816954123.html,institutional_capital,eastmoney_notice
SZSE:300308,中际旭创,2026-01-13,关联交易,中际旭创:关于预计2026年度日常关联交易的公告,https://data.eastmoney.com/notices/detail/300308/AN202601121816954118.html,,eastmoney_notice
SZSE:300308,中际旭创,2026-01-13,其他,中际旭创:股东提名人选参选董事的程序(草案),https://data.eastmoney.com/notices/detail/300308/AN202601121816954144.html,institutional_capital,eastmoney_notice
SZSE:300308,中际旭创,2026-01-13,管理办法/制度,中际旭创:董事会秘书工作制度,https://data.eastmoney.com/notices/detail/300308/AN202601121816954145.html,,eastmoney_notice
SZSE:300308,中际旭创,2026-01-13,其他,中际旭创:股息政策(草案),https://data.eastmoney.com/notices/detail/300308/AN202601121816954129.html,,eastmoney_notice
SZSE:300308,中际旭创,2026-01-13,管理办法/制度,中际旭创:对外投资管理制度,https://data.eastmoney.com/notices/detail/300308/AN202601121816954150.html,,eastmoney_notice
SZSE:300308,中际旭创,2026-01-13,议事规则/实施细则,中际旭创:董事会战略委员会议事规则,https://data.eastmoney.com/notices/detail/300308/AN202601121816954136.html,,eastmoney_notice
SZSE:300308,中际旭创,2026-01-13,管理办法/制度,中际旭创:信息披露管理制度(草案),https://data.eastmoney.com/notices/detail/300308/AN202601121816954134.html,,eastmoney_notice
SZSE:300308,中际旭创,2026-01-13,管理办法/制度,中际旭创:关联(连)交易决策制度(草案),https://data.eastmoney.com/notices/detail/300308/AN202601121816954146.html,,eastmoney_notice
SZSE:300308,中际旭创,2026-01-13,议事规则/实施细则,中际旭创:董事会提名委员会议事规则(草案),https://data.eastmoney.com/notices/detail/300308/AN202601121816954125.html,,eastmoney_notice
SZSE:300308,中际旭创,2026-01-13,议事规则/实施细则,中际旭创:董事会审计委员会议事规则(草案),https://data.eastmoney.com/notices/detail/300308/AN202601121816954128.html,,eastmoney_notice
SZSE:300308,中际旭创,2026-01-13,管理办法/制度,中际旭创:对外提供财务资助管理制度,https://data.eastmoney.com/notices/detail/300308/AN202601121816954127.html,,eastmoney_notice
SZSE:300308,中际旭创,2026-01-13,其他,中际旭创:反贿赂与反腐败政策,https://data.eastmoney.com/notices/detail/300308/AN202601121816954130.html,,eastmoney_notice
SZSE:300308,中际旭创,2026-01-13,管理办法/制度,中际旭创:外汇套期保值业务管理制度,https://data.eastmoney.com/notices/detail/300308/AN202601121816954117.html,,eastmoney_notice
SZSE:300308,中际旭创,2026-01-13,审计机构变更,中际旭创:关于聘请H股股票发行并上市审计机构的公告,https://data.eastmoney.com/notices/detail/300308/AN202601121816954137.html,,eastmoney_notice
SZSE:300308,中际旭创,2026-01-13,管理办法/制度,中际旭创:媒体来访和投资者调研接待制度,https://data.eastmoney.com/notices/detail/300308/AN202601121816954131.html,investor_relations,eastmoney_notice
SZSE:300308,中际旭创,2026-01-13,议事规则/实施细则,中际旭创:董事会薪酬与考核委员会议事规则(草案),https://data.eastmoney.com/notices/detail/300308/AN202601121816954139.html,,eastmoney_notice
SZSE:300308,中际旭创,2026-01-13,管理办法/制度,中际旭创:子公司管理制度,https://data.eastmoney.com/notices/detail/300308/AN202601121816954140.html,,eastmoney_notice
SZSE:300308,中际旭创,2026-01-13,其他,中际旭创:关于控股孙公司发行认股权证的公告,https://data.eastmoney.com/notices/detail/300308/AN202601121816954121.html,,eastmoney_notice
SZSE:300308,中际旭创,2026-01-13,召开股东大会通知,中际旭创:关于召开2026年第一次临时股东会的通知,https://data.eastmoney.com/notices/detail/300308/AN202601121816954135.html,institutional_capital,eastmoney_notice
SZSE:300308,中际旭创,2026-01-13,管理办法/制度,中际旭创:董事和高级管理人员所持公司股份及其变动管理制度(草案),https://data.eastmoney.com/notices/detail/300308/AN202601121816954132.html,,eastmoney_notice
SZSE:300308,中际旭创,2026-01-13,管理办法/制度,中际旭创:投资者关系管理制度,https://data.eastmoney.com/notices/detail/300308/AN202601121816954133.html,investor_relations,eastmoney_notice
SZSE:300308,中际旭创,2026-01-13,议事规则/实施细则,中际旭创:股东会议事规则(草案),https://data.eastmoney.com/notices/detail/300308/AN202601121816954116.html,institutional_capital,eastmoney_notice
SZSE:300308,中际旭创,2026-01-13,议事规则/实施细则,中际旭创:总裁工作细则,https://data.eastmoney.com/notices/detail/300308/AN202601121816954122.html,,eastmoney_notice
SZSE:300308,中际旭创,2026-01-13,议事规则/实施细则,中际旭创:董事会议事规则(草案),https://data.eastmoney.com/notices/detail/300308/AN202601121816954120.html,,eastmoney_notice
SZSE:300308,中际旭创,2026-01-13,公司章程,中际旭创:公司章程(草案)(H股发行后适用),https://data.eastmoney.com/notices/detail/300308/AN202601121816954138.html,,eastmoney_notice
SZSE:300308,中际旭创,2026-01-13,议事规则/实施细则,中际旭创:独立董事专门会议议事规则,https://data.eastmoney.com/notices/detail/300308/AN202601121816954119.html,,eastmoney_notice
SZSE:300308,中际旭创,2026-01-13,管理办法/制度,中际旭创:内幕信息知情人登记管理制度,https://data.eastmoney.com/notices/detail/300308/AN202601121816954126.html,,eastmoney_notice
SZSE:300308,中际旭创,2026-01-13,管理办法/制度,中际旭创:年报信息披露重大差错责任追究制度,https://data.eastmoney.com/notices/detail/300308/AN202601121816954143.html,earnings,eastmoney_notice
SZSE:300308,中际旭创,2026-01-13,高管人员任职变动,中际旭创:第五届董事会第二十七次会议决议公告,https://data.eastmoney.com/notices/detail/300308/AN202601121816954142.html,,eastmoney_notice
SZSE:300308,中际旭创,2026-01-13,管理办法/制度,中际旭创:对外捐赠管理制度,https://data.eastmoney.com/notices/detail/300308/AN202601121816954147.html,,eastmoney_notice
SZSE:300308,中际旭创,2026-01-13,管理办法/制度,中际旭创:独立董事工作制度(草案),https://data.eastmoney.com/notices/detail/300308/AN202601121816954151.html,,eastmoney_notice
SZSE:300308,中际旭创,2026-01-13,董事会决议公告,中际旭创:第五届董事会独立董事专门会议第八次会议决议公告,https://data.eastmoney.com/notices/detail/300308/AN202601121816954115.html,,eastmoney_notice
SZSE:300308,中际旭创,2026-01-13,其他,中际旭创:员工多元化政策(草案),https://data.eastmoney.com/notices/detail/300308/AN202601121816954124.html,,eastmoney_notice
SZSE:300308,中际旭创,2026-01-13,管理办法/制度,中际旭创:关于防范控股股东及关联方占用公司资金的管理办法,https://data.eastmoney.com/notices/detail/300308/AN202601121816954141.html,institutional_capital,eastmoney_notice
SZSE:300308,中际旭创,2026-01-13,管理办法/制度,中际旭创:境外发行证券与上市相关保密和档案管理工作制度,https://data.eastmoney.com/notices/detail/300308/AN202601121816954149.html,,eastmoney_notice
SZSE:300308,中际旭创,2026-01-13,其他,中际旭创:董事提名政策(草案),https://data.eastmoney.com/notices/detail/300308/AN202601121816954114.html,,eastmoney_notice
SZSE:300308,中际旭创,2026-01-08,股份质押、冻结,中际旭创:关于特定股东及其一致行动人部分股票进行质押交易及解除质押的公告,https://data.eastmoney.com/notices/detail/300308/AN202601071816823373.html,institutional_capital,eastmoney_notice
SZSE:300308,中际旭创,2025-12-10,法律意见书,中际旭创:北京中银(苏州)律师事务所关于公司2025年第四次临时股东会之法律意见书,https://data.eastmoney.com/notices/detail/300308/AN202512091797018570.html,institutional_capital,eastmoney_notice
SZSE:300308,中际旭创,2025-12-10,股东大会决议公告,中际旭创:2025年第四次临时股东会决议公告,https://data.eastmoney.com/notices/detail/300308/AN202512091797018568.html,institutional_capital,eastmoney_notice
SZSE:300308,中际旭创,2025-11-29,对外项目投资,中际旭创:关于投资国泰海通中际旭创产业基金的进展公告,https://data.eastmoney.com/notices/detail/300308/AN202511281789996861.html,,eastmoney_notice
SZSE:300308,中际旭创,2025-11-25,股东/实际控制人股份减持,中际旭创:关于部分高级管理人员减持计划期限届满暨实施情况公告,https://data.eastmoney.com/notices/detail/300308/AN202511241787557655.html,institutional_capital,eastmoney_notice
SZSE:300308,中际旭创,2025-11-22,投资理财,中际旭创:关于使用部分自有资金进行现金管理的进展公告,https://data.eastmoney.com/notices/detail/300308/AN202511211785661266.html,,eastmoney_notice
SZSE:300308,中际旭创,2025-11-22,增资扩股,中际旭创:关于控股孙公司增资暨关联交易的公告,https://data.eastmoney.com/notices/detail/300308/AN202511211785661265.html,,eastmoney_notice
SZSE:300308,中际旭创,2025-11-22,召开股东大会通知,中际旭创:关于召开2025年第四次临时股东会的通知,https://data.eastmoney.com/notices/detail/300308/AN202511211785661262.html,institutional_capital,eastmoney_notice
SZSE:300308,中际旭创,2025-11-22,其他,中际旭创:关于控股孙公司实施股权激励的公告,https://data.eastmoney.com/notices/detail/300308/AN202511211785661263.html,institutional_capital,eastmoney_notice
SZSE:300308,中际旭创,2025-11-22,董事会决议公告,中际旭创:第五届董事会第二十六次会议决议公告,https://data.eastmoney.com/notices/detail/300308/AN202511211785661268.html,,eastmoney_notice
SZSE:300308,中际旭创,2025-11-22,董事会决议公告,中际旭创:第五届董事会独立董事专门会议第七次会议决议公告,https://data.eastmoney.com/notices/detail/300308/AN202511211785661264.html,,eastmoney_notice
SZSE:300308,中际旭创,2025-11-11,董事会决议公告,中际旭创:第五届董事会第二十五次会议决议公告,https://data.eastmoney.com/notices/detail/300308/AN202511101778822292.html,,eastmoney_notice
SZSE:300308,中际旭创,2025-11-11,其他,中际旭创:关于授权公司管理层启动公司境外发行股份(H股)并在香港联合交易所有限公司上市相关筹备工作的提示性公告,https://data.eastmoney.com/notices/detail/300308/AN202511101778822293.html,,eastmoney_notice
SZSE:300308,中际旭创,2025-11-07,募集资金使用情况报告,中际旭创:关于募集资金投资项目结项并注销专项账户的公告,https://data.eastmoney.com/notices/detail/300308/AN202511061776313626.html,capacity_project,eastmoney_notice
SZSE:300308,中际旭创,2025-11-05,公司注册资本变更,中际旭创:关于完成工商变更登记的公告,https://data.eastmoney.com/notices/detail/300308/AN202511041775068818.html,,eastmoney_notice
SZSE:300308,中际旭创,2025-10-31,调研活动,中际旭创:投资者关系活动记录表20251030,https://data.eastmoney.com/notices/detail/300308/AN202510311772150202.html,investor_relations,eastmoney_notice
SZSE:300308,中际旭创,2025-10-31,三季度报告全文,中际旭创:2025年三季度报告,https://data.eastmoney.com/notices/detail/300308/AN202510301771970903.html,earnings,eastmoney_notice
SZSE:300308,中际旭创,2025-10-31,其他,中际旭创:2025年第三季度报告披露的提示性公告,https://data.eastmoney.com/notices/detail/300308/AN202510301771970896.html,earnings,eastmoney_notice
SZSE:300308,中际旭创,2025-10-31,董事会决议公告,中际旭创:第五届董事会第二十四次会议决议公告,https://data.eastmoney.com/notices/detail/300308/AN202510301771970944.html,,eastmoney_notice
SZSE:300308,中际旭创,2025-10-18,投资理财,中际旭创:关于使用部分自有资金进行现金管理的进展公告,https://data.eastmoney.com/notices/detail/300308/AN202510171763914321.html,,eastmoney_notice
SZSE:300308,中际旭创,2025-09-26,投资设立公司,中际旭创:关于公司参与投资国泰海通中际旭创产业基金的公告,https://data.eastmoney.com/notices/detail/300308/AN202509261751126397.html,,eastmoney_notice
SZSE:300308,中际旭创,2025-09-26,分配方案实施,中际旭创:2025年半年度权益分派实施公告,https://data.eastmoney.com/notices/detail/300308/AN202509261751126396.html,,eastmoney_notice
SZSE:300308,中际旭创,2025-09-26,股东/实际控制人股份减持,中际旭创:关于控股股东减持股份的预披露公告,https://data.eastmoney.com/notices/detail/300308/AN202509261751126399.html,institutional_capital,eastmoney_notice
SZSE:300308,中际旭创,2025-09-26,董事会决议公告,中际旭创:第五届董事会第二十三次会议决议公告,https://data.eastmoney.com/notices/detail/300308/AN202509261751126398.html,,eastmoney_notice
SZSE:300308,中际旭创,2025-09-18,高管人员任职变动,中际旭创:关于选举第五届董事会职工代表董事的公告,https://data.eastmoney.com/notices/detail/300308/AN202509171745574522.html,,eastmoney_notice
SZSE:300308,中际旭创,2025-09-18,其他,中际旭创:关于特定股东及其一致行动人持股比例变动超过1%整数倍的公告,https://data.eastmoney.com/notices/detail/300308/AN202509171745574523.html,institutional_capital,eastmoney_notice
SZSE:300308,中际旭创,2025-09-18,公司注册资本变更,中际旭创:关于减少注册资本暨通知债权人的公告,https://data.eastmoney.com/notices/detail/300308/AN202509171745574520.html,,eastmoney_notice
SZSE:300308,中际旭创,2025-09-18,分配方案决议公告,中际旭创:2025年第三次临时股东会决议公告,https://data.eastmoney.com/notices/detail/300308/AN202509171745574519.html,institutional_capital,eastmoney_notice
SZSE:300308,中际旭创,2025-09-18,法律意见书,中际旭创:北京中银(苏州)律师事务所关于公司2025年第三次临时股东会之法律意见书,https://data.eastmoney.com/notices/detail/300308/AN202509171745574521.html,institutional_capital,eastmoney_notice
SZSE:300308,中际旭创,2025-09-10,股份质押、冻结,中际旭创:关于实际控制人部分股票进行质押交易的公告,https://data.eastmoney.com/notices/detail/300308/AN202509091740807499.html,institutional_capital,eastmoney_notice
SZSE:300308,中际旭创,2025-09-10,投资设立公司,中际旭创:关于全资子公司参与投资乾融园丰基金的公告,https://data.eastmoney.com/notices/detail/300308/AN202509091740807483.html,,eastmoney_notice
SZSE:300308,中际旭创,2025-09-05,投资理财,中际旭创:关于使用部分自有资金进行现金管理的进展公告,https://data.eastmoney.com/notices/detail/300308/AN202509041738863801.html,,eastmoney_notice
SZSE:300308,中际旭创,2025-08-27,监事会决议公告,中际旭创:监事会决议公告,https://data.eastmoney.com/notices/detail/300308/AN202508261734924238.html,,eastmoney_notice
SZSE:300308,中际旭创,2025-08-27,调研活动,中际旭创:投资者关系活动记录表20250827,https://data.eastmoney.com/notices/detail/300308/AN202508271735519389.html,investor_relations,eastmoney_notice
SZSE:300308,中际旭创,2025-08-27,召开股东大会通知,中际旭创:关于召开2025年第三次临时股东会的通知,https://data.eastmoney.com/notices/detail/300308/AN202508261734925557.html,institutional_capital,eastmoney_notice
SZSE:300308,中际旭创,2025-08-27,资金占用,中际旭创:2025年半年度非经营性资金占用及其他关联资金往来情况汇总表,https://data.eastmoney.com/notices/detail/300308/AN202508261734924232.html,,eastmoney_notice
SZSE:300308,中际旭创,2025-08-27,募集资金使用情况报告,中际旭创:2025年半年度募集资金存放与使用情况的专项报告,https://data.eastmoney.com/notices/detail/300308/AN202508261734924237.html,,eastmoney_notice
SZSE:300308,中际旭创,2025-08-27,管理办法/制度,中际旭创:信息披露暂缓与豁免管理制度(2025年8月),https://data.eastmoney.com/notices/detail/300308/AN202508261734924250.html,,eastmoney_notice
SZSE:300308,中际旭创,2025-08-27,公司章程,中际旭创:公司章程(2025年8月),https://data.eastmoney.com/notices/detail/300308/AN202508261734924252.html,,eastmoney_notice
SZSE:300308,中际旭创,2025-08-27,半年度报告摘要,中际旭创:2025年半年度报告摘要,https://data.eastmoney.com/notices/detail/300308/AN202508261734924243.html,earnings,eastmoney_notice
SZSE:300308,中际旭创,2025-08-27,分配预案,中际旭创:董事会决议公告,https://data.eastmoney.com/notices/detail/300308/AN202508261734924249.html,,eastmoney_notice
SZSE:300308,中际旭创,2025-08-27,半年度报告全文,中际旭创:2025年半年度报告,https://data.eastmoney.com/notices/detail/300308/AN202508261734924247.html,earnings,eastmoney_notice
SZSE:300308,中际旭创,2025-08-27,其他,中际旭创:2025年半年度报告披露的提示性公告,https://data.eastmoney.com/notices/detail/300308/AN202508261734924179.html,earnings,eastmoney_notice
SZSE:300308,中际旭创,2025-08-27,分配预案,中际旭创:关于2025年半年度利润分配预案的公告,https://data.eastmoney.com/notices/detail/300308/AN202508261734924184.html,earnings,eastmoney_notice
SZSE:300308,中际旭创,2025-08-27,公司章程修订,中际旭创:《公司章程》修正案,https://data.eastmoney.com/notices/detail/300308/AN202508261734924188.html,,eastmoney_notice
SZSE:300308,中际旭创,2025-08-01,高管人员持股变动,中际旭创:关于部分高级管理人员减持股份的预披露公告,https://data.eastmoney.com/notices/detail/300308/AN202508011719735363.html,institutional_capital,eastmoney_notice
SZSE:300308,中际旭创,2025-07-29,投资理财,中际旭创:关于使用部分自有资金进行现金管理的进展公告,https://data.eastmoney.com/notices/detail/300308/AN202507281717241988.html,,eastmoney_notice
SZSE:300308,中际旭创,2025-07-19,对外项目投资,中际旭创:对外投资进展公告,https://data.eastmoney.com/notices/detail/300308/AN202507181711287919.html,,eastmoney_notice
SZSE:300308,中际旭创,2025-07-16,调研活动,中际旭创:投资者关系活动记录表20250715,https://data.eastmoney.com/notices/detail/300308/AN202507161709775275.html,investor_relations,eastmoney_notice
SZSE:300308,中际旭创,2025-07-16,业绩预告,中际旭创:2025年半年度业绩预告,https://data.eastmoney.com/notices/detail/300308/AN202507151709457012.html,earnings,eastmoney_notice
SZSE:300308,中际旭创,2025-07-04,股份质押、冻结,中际旭创:关于控股股东部分股票解除质押的公告,https://data.eastmoney.com/notices/detail/300308/AN202507031702285342.html,institutional_capital,eastmoney_notice
SZSE:300308,中际旭创,2025-06-28,其他,中际旭创:关于部分募集资金投资项目结项并注销专项账户的公告,https://data.eastmoney.com/notices/detail/300308/AN202506271698661115.html,capacity_project,eastmoney_notice
SZSE:300308,中际旭创,2025-06-28,股份质押、冻结,中际旭创:关于特定股东部分股票进行质押交易及解除质押的公告,https://data.eastmoney.com/notices/detail/300308/AN202506271698661097.html,institutional_capital,eastmoney_notice
SZSE:300308,中际旭创,2025-06-25,投资理财,中际旭创:关于使用部分自有资金进行现金管理的进展公告,https://data.eastmoney.com/notices/detail/300308/AN202506241696815802.html,,eastmoney_notice
SZSE:300308,中际旭创,2025-06-12,调研活动,中际旭创:投资者关系活动记录表20250611,https://data.eastmoney.com/notices/detail/300308/AN202506121689253441.html,investor_relations,eastmoney_notice
SZSE:300308,中际旭创,2025-06-12,分配方案实施,中际旭创:2024年度权益分派实施公告,https://data.eastmoney.com/notices/detail/300308/AN202506111688927316.html,,eastmoney_notice
SZSE:300308,中际旭创,2025-06-10,募集资金使用进展情况,中际旭创:关于使用部分闲置募集资金进行现金管理的进展公告,https://data.eastmoney.com/notices/detail/300308/AN202506091687755774.html,,eastmoney_notice
SZSE:300308,中际旭创,2025-06-10,限售股份上市流通,中际旭创:关于公司第三期限制性股票激励计划首次授予部分第一个归属期归属结果暨股份上市公告,https://data.eastmoney.com/notices/detail/300308/AN202506091687755766.html,institutional_capital,eastmoney_notice
SZSE:300394,天孚通信,2026-05-22,保荐代表人（机构）变更,天孚通信:关于更换持续督导保荐代表人的公告,https://data.eastmoney.com/notices/detail/300394/AN202605221822688390.html,,eastmoney_notice
SZSE:300394,天孚通信,2026-05-14,调研活动,天孚通信:2026年5月14日天孚通信投资者关系活动记录表,https://data.eastmoney.com/notices/detail/300394/AN202605141822319063.html,investor_relations,eastmoney_notice
SZSE:300394,天孚通信,2026-05-12,分配方案决议公告,天孚通信:2025年年度股东会决议公告,https://data.eastmoney.com/notices/detail/300394/AN202605121822224051.html,institutional_capital,eastmoney_notice
SZSE:300394,天孚通信,2026-05-12,法律意见书,天孚通信:江苏世纪同仁律师事务所关于公司2025年年度股东会的法律意见书,https://data.eastmoney.com/notices/detail/300394/AN202605121822224045.html,institutional_capital,eastmoney_notice
SZSE:300394,天孚通信,2026-04-29,调研活动,天孚通信:2026年4月29日天孚通信投资者关系活动记录表,https://data.eastmoney.com/notices/detail/300394/AN202604291821770026.html,investor_relations,eastmoney_notice
SZSE:300394,天孚通信,2026-04-22,调研活动,天孚通信:2026年4月22日天孚通信投资者关系活动记录表,https://data.eastmoney.com/notices/detail/300394/AN202604221821457491.html,investor_relations,eastmoney_notice
SZSE:300394,天孚通信,2026-04-22,投资设立公司,天孚通信:关于全资子公司对外投资设立合资公司的公告,https://data.eastmoney.com/notices/detail/300394/AN202604211821393891.html,,eastmoney_notice
SZSE:300394,天孚通信,2026-04-21,调研活动,天孚通信:2026年4月21日天孚通信投资者关系活动记录表,https://data.eastmoney.com/notices/detail/300394/AN202604211821393611.html,investor_relations,eastmoney_notice
SZSE:300394,天孚通信,2026-04-21,限售股份上市流通,天孚通信:关于2023年限制性股票激励计划首次授予第二个归属期及预留授予第一个归属期限制性股票归属结果暨股份上市的公告,https://data.eastmoney.com/notices/detail/300394/AN202604211821388714.html,institutional_capital,eastmoney_notice
SZSE:300394,天孚通信,2026-04-21,董事会决议公告,天孚通信:第五届董事会第十一次会议决议公告,https://data.eastmoney.com/notices/detail/300394/AN202604201821344589.html,,eastmoney_notice
SZSE:300394,天孚通信,2026-04-21,一季度报告全文,天孚通信:2026年一季度报告,https://data.eastmoney.com/notices/detail/300394/AN202604201821344635.html,earnings,eastmoney_notice
SZSE:300394,天孚通信,2026-04-10,其他,天孚通信:关于向香港联交所递交境外上市股份(H股)发行并上市申请并刊发申请资料的公告,https://data.eastmoney.com/notices/detail/300394/AN202604101821122877.html,,eastmoney_notice
SZSE:300394,天孚通信,2026-04-08,专项说明/独立意见,天孚通信:关于公司非经营性资金占用及其他关联资金往来情况的专项说明,https://data.eastmoney.com/notices/detail/300394/AN202604071821047409.html,,eastmoney_notice
SZSE:300394,天孚通信,2026-04-08,其他,天孚通信:关于2026年度董事和高级管理人员薪酬方案的公告,https://data.eastmoney.com/notices/detail/300394/AN202604071821047451.html,,eastmoney_notice
SZSE:300394,天孚通信,2026-04-08,资金占用,天孚通信:2025年度非经营性资金占用及其他关联资金往来情况汇总表,https://data.eastmoney.com/notices/detail/300394/AN202604071821047424.html,,eastmoney_notice
SZSE:300394,天孚通信,2026-04-08,股权激励进展公告,天孚通信:关于2023年限制性股票激励计划首次授予第二个归属期及预留授予第一个归属期归属条件成就的公告,https://data.eastmoney.com/notices/detail/300394/AN202604071821047382.html,institutional_capital,eastmoney_notice
SZSE:300394,天孚通信,2026-04-08,保荐/核查意见,天孚通信:募集资金存放、管理与使用情况鉴证报告(2025年度),https://data.eastmoney.com/notices/detail/300394/AN202604071821047427.html,,eastmoney_notice
SZSE:300394,天孚通信,2026-04-08,分配预案,天孚通信:关于2025年度利润分配和资本公积金转增股本预案的公告,https://data.eastmoney.com/notices/detail/300394/AN202604071821047403.html,earnings,eastmoney_notice
SZSE:300394,天孚通信,2026-04-08,分配预案,天孚通信:关于授权董事会制定2026年中期分红方案的公告,https://data.eastmoney.com/notices/detail/300394/AN202604071821047381.html,earnings,eastmoney_notice
SZSE:300394,天孚通信,2026-04-08,审计报告,天孚通信:2025年年度审计报告,https://data.eastmoney.com/notices/detail/300394/AN202604071821047380.html,,eastmoney_notice
SZSE:300394,天孚通信,2026-04-08,专项说明/独立意见,天孚通信:董事会关于独立董事独立性自查情况的专项意见,https://data.eastmoney.com/notices/detail/300394/AN202604071821047397.html,,eastmoney_notice
SZSE:300394,天孚通信,2026-04-08,年度报告摘要,天孚通信:2025年年度报告摘要,https://data.eastmoney.com/notices/detail/300394/AN202604071821047415.html,earnings,eastmoney_notice
SZSE:300394,天孚通信,2026-04-08,其他,天孚通信:董事会审计委员会对会计师事务所2025年度履职情况评估及履行监督职责情况的报告,https://data.eastmoney.com/notices/detail/300394/AN202604071821047389.html,,eastmoney_notice
SZSE:300394,天孚通信,2026-04-08,独立董事述职报告,天孚通信:独立董事2025年度述职报告(路琳),https://data.eastmoney.com/notices/detail/300394/AN202604071821047450.html,,eastmoney_notice
SZSE:300394,天孚通信,2026-04-08,保荐/核查意见,天孚通信:华泰联合证券有限责任公司关于公司2025年度募集资金存放、管理和使用情况专项核查报告,https://data.eastmoney.com/notices/detail/300394/AN202604071821047410.html,,eastmoney_notice
SZSE:300394,天孚通信,2026-04-08,独立董事述职报告,天孚通信:独立董事2025年度述职报告(耿慧敏),https://data.eastmoney.com/notices/detail/300394/AN202604071821047417.html,,eastmoney_notice
SZSE:300394,天孚通信,2026-04-08,其他,天孚通信:关于“质量回报双提升”行动方案的进展公告,https://data.eastmoney.com/notices/detail/300394/AN202604071821047384.html,,eastmoney_notice
SZSE:300394,天孚通信,2026-04-08,募集资金使用情况报告,天孚通信:2025年度募集资金存放、管理与使用情况的专项报告,https://data.eastmoney.com/notices/detail/300394/AN202604071821047431.html,,eastmoney_notice
SZSE:300394,天孚通信,2026-04-08,年度财务报告,天孚通信:2025年度财务决算报告,https://data.eastmoney.com/notices/detail/300394/AN202604071821047435.html,,eastmoney_notice
SZSE:300394,天孚通信,2026-04-08,其他,天孚通信:未来三年股东回报规划(2026-2028年),https://data.eastmoney.com/notices/detail/300394/AN202604071821047405.html,institutional_capital,eastmoney_notice
SZSE:300394,天孚通信,2026-04-08,法律意见书,天孚通信:江苏世纪同仁律师事务所关于公司作废2023年限制性股票激励计划部分已授予尚未归属的限制性股票的法律意见书,https://data.eastmoney.com/notices/detail/300394/AN202604071821047394.html,institutional_capital,eastmoney_notice
SZSE:300394,天孚通信,2026-04-08,召开股东大会通知,天孚通信:关于召开2025年年度股东会的通知,https://data.eastmoney.com/notices/detail/300394/AN202604071821047411.html,institutional_capital,eastmoney_notice
SZSE:300394,天孚通信,2026-04-08,其他,天孚通信:关于开展外汇套期保值业务的公告,https://data.eastmoney.com/notices/detail/300394/AN202604071821047390.html,,eastmoney_notice
SZSE:300394,天孚通信,2026-04-08,其他,天孚通信:关于举行2025年度网上业绩说明会的公告,https://data.eastmoney.com/notices/detail/300394/AN202604071821047401.html,investor_relations,eastmoney_notice
SZSE:300394,天孚通信,2026-04-08,管理办法/制度,天孚通信:董事和高级管理人员薪酬管理制度,https://data.eastmoney.com/notices/detail/300394/AN202604071821047447.html,,eastmoney_notice
SZSE:300394,天孚通信,2026-04-08,其他,天孚通信:关于会计师事务所履职情况的评估报告,https://data.eastmoney.com/notices/detail/300394/AN202604071821047445.html,,eastmoney_notice
SZSE:300394,天孚通信,2026-04-08,审计报告,天孚通信:2025年内部控制审计报告,https://data.eastmoney.com/notices/detail/300394/AN202604071821047442.html,,eastmoney_notice
SZSE:300394,天孚通信,2026-04-08,其他,天孚通信:关于开展外汇套期保值业务的可行性分析报告,https://data.eastmoney.com/notices/detail/300394/AN202604071821047414.html,,eastmoney_notice
SZSE:300394,天孚通信,2026-04-08,保荐/核查意见,天孚通信:薪酬与考核委员会关于2023年限制性股票激励计划首次授予第二个归属期及预留授予第一个归属期归属名单的核查意见,https://data.eastmoney.com/notices/detail/300394/AN202604071821047437.html,institutional_capital,eastmoney_notice
SZSE:300394,天孚通信,2026-04-08,内部控制报告,天孚通信:2025年度内部控制自我评价报告,https://data.eastmoney.com/notices/detail/300394/AN202604071821047428.html,,eastmoney_notice
SZSE:300394,天孚通信,2026-04-08,股权激励进展公告,天孚通信:关于作废2023年限制性股票激励计划部分已授予尚未归属的限制性股票的公告,https://data.eastmoney.com/notices/detail/300394/AN202604071821047392.html,institutional_capital,eastmoney_notice
SZSE:300394,天孚通信,2026-04-08,分配预案,天孚通信:第五届董事会第十次会议决议公告,https://data.eastmoney.com/notices/detail/300394/AN202604071821047395.html,,eastmoney_notice
SZSE:300394,天孚通信,2026-04-08,法律意见书,天孚通信:江苏世纪同仁律师事务所关于公司2023年限制性股票激励计划首次授予第二个归属期及预留授予第一个归属期归属条件成就的法律意见书,https://data.eastmoney.com/notices/detail/300394/AN202604071821047419.html,institutional_capital,eastmoney_notice
SZSE:300394,天孚通信,2026-04-08,年度报告全文,天孚通信:2025年年度报告,https://data.eastmoney.com/notices/detail/300394/AN202604071821047432.html,earnings,eastmoney_notice
SZSE:300394,天孚通信,2026-04-08,ESG公告,天孚通信:2025年度可持续发展报告,https://data.eastmoney.com/notices/detail/300394/AN202604071821047385.html,,eastmoney_notice
SZSE:300394,天孚通信,2026-04-02,法律意见书,天孚通信:江苏世纪同仁律师事务所关于公司2026年第一次临时股东会的法律意见书,https://data.eastmoney.com/notices/detail/300394/AN202604021820987037.html,institutional_capital,eastmoney_notice
SZSE:300394,天孚通信,2026-04-02,股东大会决议公告,天孚通信:2026年第一次临时股东会决议公告,https://data.eastmoney.com/notices/detail/300394/AN202604021820987033.html,institutional_capital,eastmoney_notice
SZSE:300394,天孚通信,2026-03-17,议事规则/实施细则,天孚通信:董事会审计委员会工作细则(草案)(H股发行并上市后适用),https://data.eastmoney.com/notices/detail/300394/AN202603161820581837.html,,eastmoney_notice
SZSE:300394,天孚通信,2026-03-17,公司章程,天孚通信:公司章程(草案)(H股发行并上市后适用),https://data.eastmoney.com/notices/detail/300394/AN202603161820581844.html,,eastmoney_notice
SZSE:300394,天孚通信,2026-03-17,召开股东大会通知,天孚通信:关于召开2026年第一次临时股东会的通知,https://data.eastmoney.com/notices/detail/300394/AN202603161820581847.html,institutional_capital,eastmoney_notice
SZSE:300394,天孚通信,2026-03-17,其他,天孚通信:股东通讯政策(草案)(H股发行并上市后适用),https://data.eastmoney.com/notices/detail/300394/AN202603161820581848.html,institutional_capital,eastmoney_notice
SZSE:300394,天孚通信,2026-03-17,内部控制报告,天孚通信:内部控制制度(草案)(H股发行并上市后适用),https://data.eastmoney.com/notices/detail/300394/AN202603161820581839.html,,eastmoney_notice
SZSE:300394,天孚通信,2026-03-17,管理办法/制度,天孚通信:募集资金管理制度(草案)(H股发行并上市后适用),https://data.eastmoney.com/notices/detail/300394/AN202603161820581842.html,,eastmoney_notice
SZSE:300394,天孚通信,2026-03-17,管理办法/制度,天孚通信:对外担保管理制度(草案)(H股发行并上市后适用),https://data.eastmoney.com/notices/detail/300394/AN202603161820581851.html,,eastmoney_notice
SZSE:300394,天孚通信,2026-03-17,管理办法/制度,天孚通信:信息披露管理制度(草案)(H股发行并上市后适用),https://data.eastmoney.com/notices/detail/300394/AN202603161820581843.html,,eastmoney_notice
SZSE:300394,天孚通信,2026-03-17,其他,天孚通信:董事会成员多元化政策(草案)(H股发行并上市后适用),https://data.eastmoney.com/notices/detail/300394/AN202603161820581836.html,,eastmoney_notice
SZSE:300394,天孚通信,2026-03-17,管理办法/制度,天孚通信:关联交易决策制度(草案)(H股发行并上市后适用),https://data.eastmoney.com/notices/detail/300394/AN202603161820581840.html,,eastmoney_notice
SZSE:300394,天孚通信,2026-03-17,管理办法/制度,天孚通信:会计师事务所选聘制度(草案)(H股发行并上市后适用),https://data.eastmoney.com/notices/detail/300394/AN202603161820581850.html,,eastmoney_notice
SZSE:300394,天孚通信,2026-03-17,审计机构变更,天孚通信:关于聘请H股发行上市审计机构的公告,https://data.eastmoney.com/notices/detail/300394/AN202603161820581849.html,,eastmoney_notice
SZSE:300394,天孚通信,2026-03-17,议事规则/实施细则,天孚通信:董事会秘书工作细则(草案)(H股发行并上市后适用),https://data.eastmoney.com/notices/detail/300394/AN202603161820581838.html,,eastmoney_notice
SZSE:300394,天孚通信,2026-03-17,议事规则/实施细则,天孚通信:董事会战略委员会工作细则(草案)(H股发行并上市后适用),https://data.eastmoney.com/notices/detail/300394/AN202603161820581846.html,,eastmoney_notice
SZSE:300394,天孚通信,2026-03-17,独立董事候选人声明,天孚通信:独立董事候选人声明与承诺(杜琳琳),https://data.eastmoney.com/notices/detail/300394/AN202603161820581841.html,,eastmoney_notice
SZSE:300394,天孚通信,2026-03-17,管理办法/制度,天孚通信:内部审计制度(草案)(H股发行并上市后适用),https://data.eastmoney.com/notices/detail/300394/AN202603161820581845.html,,eastmoney_notice
SZSE:300394,天孚通信,2026-03-17,议事规则/实施细则,天孚通信:董事和高级管理人员行为规范(草案)(H股发行并上市后适用),https://data.eastmoney.com/notices/detail/300394/AN202603161820581735.html,,eastmoney_notice
SZSE:300394,天孚通信,2026-03-17,议事规则/实施细则,天孚通信:董事会议事规则(草案)(H股发行并上市后适用),https://data.eastmoney.com/notices/detail/300394/AN202603161820581722.html,,eastmoney_notice
SZSE:300394,天孚通信,2026-03-17,管理办法/制度,天孚通信:投资者关系管理制度(草案)(H股发行并上市后适用),https://data.eastmoney.com/notices/detail/300394/AN202603161820581733.html,investor_relations,eastmoney_notice
SZSE:300394,天孚通信,2026-03-17,管理办法/制度,天孚通信:委托理财管理制度(草案)(H股发行并上市后适用),https://data.eastmoney.com/notices/detail/300394/AN202603161820581714.html,,eastmoney_notice
SZSE:300394,天孚通信,2026-03-17,其他,天孚通信:年报信息披露重大差错责任追究制度(草案)(H股发行并上市后适用),https://data.eastmoney.com/notices/detail/300394/AN202603161820581729.html,earnings,eastmoney_notice
SZSE:300394,天孚通信,2026-03-17,管理办法/制度,天孚通信:董事和高级管理人员离职管理制度(草案)(H股发行并上市后适用),https://data.eastmoney.com/notices/detail/300394/AN202603161820581720.html,,eastmoney_notice
SZSE:300394,天孚通信,2026-03-17,管理办法/制度,天孚通信:内幕信息知情人登记管理制度(草案)(H股发行并上市后适用),https://data.eastmoney.com/notices/detail/300394/AN202603161820581715.html,,eastmoney_notice
SZSE:300394,天孚通信,2026-03-17,管理办法/制度,天孚通信:反洗钱及经济制裁管理制度(草案)(H股发行并上市后适用),https://data.eastmoney.com/notices/detail/300394/AN202603161820581718.html,,eastmoney_notice
SZSE:300394,天孚通信,2026-03-17,管理办法/制度,天孚通信:子公司管理制度(草案)(H股发行并上市后适用),https://data.eastmoney.com/notices/detail/300394/AN202603161820581725.html,,eastmoney_notice
SZSE:300394,天孚通信,2026-03-17,管理办法/制度,天孚通信:独立董事工作制度(草案)(H股发行并上市后适用),https://data.eastmoney.com/notices/detail/300394/AN202603161820581727.html,,eastmoney_notice
SZSE:300394,天孚通信,2026-03-17,管理办法/制度,天孚通信:重大信息内部报告制度(草案)(H股发行并上市后适用),https://data.eastmoney.com/notices/detail/300394/AN202603161820581717.html,,eastmoney_notice
SZSE:300394,天孚通信,2026-03-17,独立董事提名人声明,天孚通信:独立董事提名人声明与承诺(杜琳琳),https://data.eastmoney.com/notices/detail/300394/AN202603161820581723.html,,eastmoney_notice
SZSE:300394,天孚通信,2026-03-17,高管人员任职变动,天孚通信:关于增选第五届董事会独立董事的公告,https://data.eastmoney.com/notices/detail/300394/AN202603161820581737.html,,eastmoney_notice
SZSE:300394,天孚通信,2026-03-17,管理办法/制度,天孚通信:董事和高级管理人员持有和买卖本公司股票管理制度(草案)(H股发行并上市后适用),https://data.eastmoney.com/notices/detail/300394/AN202603161820581732.html,,eastmoney_notice
SZSE:300394,天孚通信,2026-03-17,管理办法/制度,天孚通信:对外投资管理办法(草案)(H股发行并上市后适用),https://data.eastmoney.com/notices/detail/300394/AN202603161820581730.html,,eastmoney_notice
SZSE:300394,天孚通信,2026-03-17,议事规则/实施细则,天孚通信:董事会薪酬与考核委员会工作细则(草案)(H股发行并上市后适用),https://data.eastmoney.com/notices/detail/300394/AN202603161820581734.html,,eastmoney_notice
SZSE:300394,天孚通信,2026-03-17,议事规则/实施细则,天孚通信:股东会网络投票实施细则(草案)(H股发行并上市后适用),https://data.eastmoney.com/notices/detail/300394/AN202603161820581728.html,institutional_capital,eastmoney_notice
SZSE:300394,天孚通信,2026-03-17,管理办法/制度,天孚通信:信息披露暂缓与豁免制度(草案)(H股发行并上市后适用),https://data.eastmoney.com/notices/detail/300394/AN202603161820581724.html,,eastmoney_notice
SZSE:300394,天孚通信,2026-03-17,议事规则/实施细则,天孚通信:董事会提名委员会工作细则(草案)(H股发行并上市后适用),https://data.eastmoney.com/notices/detail/300394/AN202603161820581721.html,,eastmoney_notice
SZSE:300394,天孚通信,2026-03-17,高管人员任职变动,天孚通信:第五届董事会第十次临时会议决议公告,https://data.eastmoney.com/notices/detail/300394/AN202603161820581731.html,,eastmoney_notice
SZSE:300394,天孚通信,2026-03-17,议事规则/实施细则,天孚通信:股东会议事规则(草案)(H股发行并上市后适用),https://data.eastmoney.com/notices/detail/300394/AN202603161820581738.html,institutional_capital,eastmoney_notice
SZSE:300394,天孚通信,2026-03-17,公司章程,天孚通信:关于制定发行H股股票后适用的公司章程及其附件的公告,https://data.eastmoney.com/notices/detail/300394/AN202603161820581736.html,,eastmoney_notice
SZSE:300394,天孚通信,2026-03-17,管理办法/制度,天孚通信:境外发行证券和上市相关保密和档案管理工作制度(草案)(H股发行并上市后适用),https://data.eastmoney.com/notices/detail/300394/AN202603161820581719.html,,eastmoney_notice
SZSE:300394,天孚通信,2026-01-29,股东/实际控制人股份减持,天孚通信:关于董事股份减持计划实施完毕的公告,https://data.eastmoney.com/notices/detail/300394/AN202601291818547598.html,institutional_capital,eastmoney_notice
SZSE:300394,天孚通信,2026-01-21,业绩预告,天孚通信:2025年度业绩预告,https://data.eastmoney.com/notices/detail/300394/AN202601211818206354.html,earnings,eastmoney_notice
SZSE:300394,天孚通信,2026-01-12,股东/实际控制人股份减持,天孚通信:关于高级管理人员股份减持计划实施完毕的公告,https://data.eastmoney.com/notices/detail/300394/AN202601121816951158.html,institutional_capital,eastmoney_notice
SZSE:300394,天孚通信,2025-12-12,董事会决议公告,天孚通信:第五届董事会第九次临时会议决议公告,https://data.eastmoney.com/notices/detail/300394/AN202512121799073735.html,,eastmoney_notice
SZSE:300394,天孚通信,2025-12-12,其他,天孚通信:关于授权公司管理层启动公司境外发行股份(H股)并在香港联合交易所有限公司上市相关筹备工作的公告,https://data.eastmoney.com/notices/detail/300394/AN202512121799073749.html,,eastmoney_notice
SZSE:300394,天孚通信,2025-12-08,股票交易异常波动,天孚通信:股票交易异常波动公告,https://data.eastmoney.com/notices/detail/300394/AN202512081796405737.html,,eastmoney_notice
SZSE:300394,天孚通信,2025-12-02,高管人员持股变动,天孚通信:关于董事、高级管理人员减持股份的预披露公告,https://data.eastmoney.com/notices/detail/300394/AN202512021792609914.html,institutional_capital,eastmoney_notice
SZSE:300394,天孚通信,2025-11-27,调研活动,天孚通信:2025年11月27日天孚通信投资者关系活动记录表,https://data.eastmoney.com/notices/detail/300394/AN202511271789436638.html,investor_relations,eastmoney_notice
SZSE:300394,天孚通信,2025-11-25,询价转让结果报告书,天孚通信:股东询价转让结果报告书,https://data.eastmoney.com/notices/detail/300394/AN202511251788128323.html,institutional_capital,eastmoney_notice
SZSE:300394,天孚通信,2025-11-25,保荐/核查意见,天孚通信:华泰联合证券有限责任公司关于公司股东向特定机构投资者询价转让股份的核查报告,https://data.eastmoney.com/notices/detail/300394/AN202511251788126156.html,institutional_capital,eastmoney_notice
SZSE:300394,天孚通信,2025-11-17,询价转让定价情况提示性公告,天孚通信:股东询价转让定价情况提示性公告,https://data.eastmoney.com/notices/detail/300394/AN202511171783088243.html,institutional_capital,eastmoney_notice
SZSE:300394,天孚通信,2025-11-14,股东大会决议公告,天孚通信:2025年第二次临时股东大会决议公告,https://data.eastmoney.com/notices/detail/300394/AN202511141781271380.html,institutional_capital,eastmoney_notice
SZSE:300394,天孚通信,2025-11-14,询价转让计划书,天孚通信:股东询价转让计划书,https://data.eastmoney.com/notices/detail/300394/AN202511141781269745.html,institutional_capital,eastmoney_notice
SZSE:300394,天孚通信,2025-11-14,法律意见书,天孚通信:江苏世纪同仁律师事务所关于公司2025年第二次临时股东大会的法律意见书,https://data.eastmoney.com/notices/detail/300394/AN202511141781269740.html,institutional_capital,eastmoney_notice
SZSE:300394,天孚通信,2025-11-14,保荐/核查意见,天孚通信:华泰联合证券有限责任公司关于公司股东向特定机构投资者询价转让股份相关资格的核查意见,https://data.eastmoney.com/notices/detail/300394/AN202511141781271376.html,institutional_capital,eastmoney_notice
SZSE:300394,天孚通信,2025-11-14,高管人员任职变动,天孚通信:关于非独立董事辞任暨选举职工代表董事的公告,https://data.eastmoney.com/notices/detail/300394/AN202511141781269755.html,,eastmoney_notice
SZSE:300394,天孚通信,2025-10-30,董事会决议公告,天孚通信:第五届董事会第九次会议决议公告,https://data.eastmoney.com/notices/detail/300394/AN202510291771403045.html,,eastmoney_notice
SZSE:300394,天孚通信,2025-10-30,管理办法/制度,天孚通信:内部审计制度,https://data.eastmoney.com/notices/detail/300394/AN202510291771403094.html,,eastmoney_notice
SZSE:300394,天孚通信,2025-10-30,管理办法/制度,天孚通信:外汇套期保值业务管理制度,https://data.eastmoney.com/notices/detail/300394/AN202510291771402994.html,,eastmoney_notice
SZSE:300394,天孚通信,2025-10-30,议事规则/实施细则,天孚通信:董事会秘书工作细则,https://data.eastmoney.com/notices/detail/300394/AN202510291771403023.html,,eastmoney_notice
SZSE:300394,天孚通信,2025-10-30,管理办法/制度,天孚通信:对外投资管理办法,https://data.eastmoney.com/notices/detail/300394/AN202510291771403009.html,,eastmoney_notice
SZSE:300394,天孚通信,2025-10-30,议事规则/实施细则,天孚通信:股东会议事规则,https://data.eastmoney.com/notices/detail/300394/AN202510291771403028.html,institutional_capital,eastmoney_notice
SZSE:300394,天孚通信,2025-10-30,管理办法/制度,天孚通信:子公司管理制度,https://data.eastmoney.com/notices/detail/300394/AN202510291771403060.html,,eastmoney_notice
SZSE:300394,天孚通信,2025-10-30,管理办法/制度,天孚通信:信息披露管理制度,https://data.eastmoney.com/notices/detail/300394/AN202510291771402961.html,,eastmoney_notice
SZSE:300394,天孚通信,2025-10-30,公司章程修订,天孚通信:关于修订《公司章程》及制定、修订、废止部分制度的公告,https://data.eastmoney.com/notices/detail/300394/AN202510291771402978.html,,eastmoney_notice
SZSE:300394,天孚通信,2025-10-30,管理办法/制度,天孚通信:会计师事务所选聘制度,https://data.eastmoney.com/notices/detail/300394/AN202510291771403096.html,,eastmoney_notice
SZSE:300394,天孚通信,2025-10-30,管理办法/制度,天孚通信:募集资金管理制度,https://data.eastmoney.com/notices/detail/300394/AN202510291771403102.html,,eastmoney_notice
SZSE:300394,天孚通信,2025-10-30,议事规则/实施细则,天孚通信:董事会议事规则,https://data.eastmoney.com/notices/detail/300394/AN202510291771403075.html,,eastmoney_notice
SZSE:300394,天孚通信,2025-10-30,议事规则/实施细则,天孚通信:独立董事专门会议工作细则,https://data.eastmoney.com/notices/detail/300394/AN202510291771403050.html,,eastmoney_notice
SZSE:300394,天孚通信,2025-10-30,法律意见书,天孚通信:江苏世纪同仁律师事务所关于公司作废2023年限制性股票激励计划部分已授予尚未归属的限制性股票的法律意见书,https://data.eastmoney.com/notices/detail/300394/AN202510291771403088.html,institutional_capital,eastmoney_notice
SZSE:300394,天孚通信,2025-10-30,三季度报告全文,天孚通信:2025年三季度报告,https://data.eastmoney.com/notices/detail/300394/AN202510291771402958.html,earnings,eastmoney_notice
SZSE:300394,天孚通信,2025-10-30,管理办法/制度,天孚通信:独立董事工作制度,https://data.eastmoney.com/notices/detail/300394/AN202510291771403007.html,,eastmoney_notice
SZSE:300394,天孚通信,2025-10-30,管理办法/制度,天孚通信:重大信息内部报告制度,https://data.eastmoney.com/notices/detail/300394/AN202510291771403054.html,,eastmoney_notice
SZSE:300394,天孚通信,2025-10-30,管理办法/制度,天孚通信:内幕信息知情人登记管理制度,https://data.eastmoney.com/notices/detail/300394/AN202510291771403049.html,,eastmoney_notice
SZSE:300394,天孚通信,2025-10-30,议事规则/实施细则,天孚通信:董事会薪酬与考核委员会工作细则,https://data.eastmoney.com/notices/detail/300394/AN202510291771403035.html,,eastmoney_notice
SZSE:300394,天孚通信,2025-10-30,召开股东大会通知,天孚通信:关于召开2025年第二次临时股东大会的通知,https://data.eastmoney.com/notices/detail/300394/AN202510291771403015.html,institutional_capital,eastmoney_notice
SZSE:300394,天孚通信,2025-10-30,议事规则/实施细则,天孚通信:董事会审计委员会工作细则,https://data.eastmoney.com/notices/detail/300394/AN202510291771403042.html,,eastmoney_notice
SZSE:300394,天孚通信,2025-10-30,管理办法/制度,天孚通信:董事和高级管理人员离职管理制度,https://data.eastmoney.com/notices/detail/300394/AN202510291771403068.html,,eastmoney_notice
SZSE:300394,天孚通信,2025-10-30,法律意见书,天孚通信:江苏世纪同仁律师事务所关于公司2023年限制性股票激励计划调整授予价格和数量的法律意见书,https://data.eastmoney.com/notices/detail/300394/AN202510291771403021.html,institutional_capital,eastmoney_notice
SZSE:300394,天孚通信,2025-10-30,管理办法/制度,天孚通信:关联交易决策制度,https://data.eastmoney.com/notices/detail/300394/AN202510291771403059.html,,eastmoney_notice
SZSE:300394,天孚通信,2025-10-30,议事规则/实施细则,天孚通信:董事和高级管理人员行为规范,https://data.eastmoney.com/notices/detail/300394/AN202510291771402974.html,,eastmoney_notice
SZSE:300394,天孚通信,2025-10-30,管理办法/制度,天孚通信:信息披露暂缓与豁免制度,https://data.eastmoney.com/notices/detail/300394/AN202510291771403037.html,,eastmoney_notice
SZSE:300394,天孚通信,2025-10-30,管理办法/制度,天孚通信:董事和高级管理人员持有和买卖本公司股票管理制度,https://data.eastmoney.com/notices/detail/300394/AN202510291771402976.html,,eastmoney_notice
SZSE:300394,天孚通信,2025-10-30,管理办法/制度,天孚通信:投资者关系管理制度,https://data.eastmoney.com/notices/detail/300394/AN202510291771403089.html,investor_relations,eastmoney_notice
SZSE:300394,天孚通信,2025-10-30,投资理财,天孚通信:关于使用部分闲置自有资金进行现金管理的公告,https://data.eastmoney.com/notices/detail/300394/AN202510291771402975.html,,eastmoney_notice
SZSE:300394,天孚通信,2025-10-30,管理办法/制度,天孚通信:员工购房借款管理办法,https://data.eastmoney.com/notices/detail/300394/AN202510291771403064.html,,eastmoney_notice
SZSE:300394,天孚通信,2025-10-30,管理办法/制度,天孚通信:年报信息披露重大差错责任追究制度,https://data.eastmoney.com/notices/detail/300394/AN202510291771403046.html,earnings,eastmoney_notice
SZSE:300394,天孚通信,2025-10-30,股权激励进展公告,天孚通信:关于作废2023年限制性股票激励计划部分已授予尚未归属的限制性股票的公告,https://data.eastmoney.com/notices/detail/300394/AN202510291771403016.html,institutional_capital,eastmoney_notice
SZSE:300394,天孚通信,2025-10-30,内部控制报告,天孚通信:内部控制制度,https://data.eastmoney.com/notices/detail/300394/AN202510291771402981.html,,eastmoney_notice
SZSE:300394,天孚通信,2025-10-30,议事规则/实施细则,天孚通信:董事会战略委员会工作细则,https://data.eastmoney.com/notices/detail/300394/AN202510291771403079.html,,eastmoney_notice
SZSE:300394,天孚通信,2025-10-30,监事会决议公告,天孚通信:第五届监事会第九次会议决议公告,https://data.eastmoney.com/notices/detail/300394/AN202510291771403041.html,,eastmoney_notice
SZSE:300394,天孚通信,2025-10-30,管理办法/制度,天孚通信:对外担保管理制度,https://data.eastmoney.com/notices/detail/300394/AN202510291771403106.html,,eastmoney_notice
SZSE:300394,天孚通信,2025-10-30,议事规则/实施细则,天孚通信:总经理工作细则,https://data.eastmoney.com/notices/detail/300394/AN202510291771403087.html,,eastmoney_notice
SZSE:300394,天孚通信,2025-10-30,公司章程,天孚通信:公司章程,https://data.eastmoney.com/notices/detail/300394/AN202510291771400846.html,,eastmoney_notice
SZSE:300394,天孚通信,2025-10-30,议事规则/实施细则,天孚通信:董事会提名委员会工作细则,https://data.eastmoney.com/notices/detail/300394/AN202510291771403027.html,,eastmoney_notice
SZSE:300394,天孚通信,2025-10-30,议事规则/实施细则,天孚通信:股东会网络投票实施细则,https://data.eastmoney.com/notices/detail/300394/AN202510291771403090.html,institutional_capital,eastmoney_notice
SZSE:300394,天孚通信,2025-10-30,管理办法/制度,天孚通信:委托理财管理制度,https://data.eastmoney.com/notices/detail/300394/AN202510291771402966.html,,eastmoney_notice
SZSE:300394,天孚通信,2025-10-30,股权激励行权价（数量）调整,天孚通信:关于调整2023年限制性股票激励计划授予价格和数量的公告,https://data.eastmoney.com/notices/detail/300394/AN202510291771402986.html,institutional_capital,eastmoney_notice
SZSE:300394,天孚通信,2025-09-26,公司注册资本变更,天孚通信:关于完成工商变更登记并换发营业执照的公告,https://data.eastmoney.com/notices/detail/300394/AN202509261751036163.html,,eastmoney_notice
SZSE:300394,天孚通信,2025-09-22,股东大会决议公告,天孚通信:2025年第一次临时股东大会决议公告,https://data.eastmoney.com/notices/detail/300394/AN202509221748564749.html,institutional_capital,eastmoney_notice
SZSE:300394,天孚通信,2025-09-22,法律意见书,天孚通信:江苏世纪同仁律师事务所关于公司2025年第一次临时股东大会的法律意见书,https://data.eastmoney.com/notices/detail/300394/AN202509221748564750.html,institutional_capital,eastmoney_notice
SZSE:300394,天孚通信,2025-09-11,分配方案实施,天孚通信:2025年半年度权益分派实施公告,https://data.eastmoney.com/notices/detail/300394/AN202509111741806073.html,,eastmoney_notice
SZSE:300394,天孚通信,2025-08-28,股票交易异常波动,天孚通信:股票交易异常波动公告,https://data.eastmoney.com/notices/detail/300394/AN202508281736052092.html,,eastmoney_notice
SZSE:300394,天孚通信,2025-08-26,调研活动,天孚通信:2025年8月26日天孚通信投资者关系活动记录表,https://data.eastmoney.com/notices/detail/300394/AN202508261734888112.html,investor_relations,eastmoney_notice
SZSE:300394,天孚通信,2025-08-26,募集资金使用情况报告,天孚通信:2025半年度募集资金存放与使用情况的专项报告,https://data.eastmoney.com/notices/detail/300394/AN202508251734262726.html,,eastmoney_notice
SZSE:300394,天孚通信,2025-08-26,半年度报告全文,天孚通信:2025年半年度报告,https://data.eastmoney.com/notices/detail/300394/AN202508251734262659.html,earnings,eastmoney_notice
SZSE:300394,天孚通信,2025-08-26,分配预案,天孚通信:关于2025年半年度利润分配方案的公告,https://data.eastmoney.com/notices/detail/300394/AN202508251734262681.html,earnings,eastmoney_notice
SZSE:300394,天孚通信,2025-08-26,监事会决议公告,天孚通信:监事会决议公告,https://data.eastmoney.com/notices/detail/300394/AN202508251734262680.html,,eastmoney_notice
SZSE:300394,天孚通信,2025-08-26,召开股东大会通知,天孚通信:关于召开2025年第一次临时股东大会的通知,https://data.eastmoney.com/notices/detail/300394/AN202508251734262668.html,institutional_capital,eastmoney_notice
SZSE:300394,天孚通信,2025-08-26,分配预案,天孚通信:董事会决议公告,https://data.eastmoney.com/notices/detail/300394/AN202508251734262640.html,,eastmoney_notice
SZSE:300394,天孚通信,2025-08-26,半年度报告摘要,天孚通信:2025年半年度报告摘要,https://data.eastmoney.com/notices/detail/300394/AN202508251734262644.html,earnings,eastmoney_notice
SZSE:300394,天孚通信,2025-08-26,借贷,天孚通信:关于向银行申请综合授信额度的公告,https://data.eastmoney.com/notices/detail/300394/AN202508251734262639.html,,eastmoney_notice
SZSE:300394,天孚通信,2025-08-26,资金占用,天孚通信:2025年半年度非经营性资金占用及其他关联资金往来情况汇总表,https://data.eastmoney.com/notices/detail/300394/AN202508251734262647.html,,eastmoney_notice
SZSE:300394,天孚通信,2025-08-26,公司注册资本变更,天孚通信:关于变更公司注册资本并修订《公司章程》的公告,https://data.eastmoney.com/notices/detail/300394/AN202508251734262656.html,,eastmoney_notice
SZSE:300394,天孚通信,2025-08-14,保荐/核查意见,天孚通信:华泰联合证券有限责任公司关于公司股东向特定机构投资者询价转让股份的核查报告,https://data.eastmoney.com/notices/detail/300394/AN202508141727517089.html,institutional_capital,eastmoney_notice
SZSE:300394,天孚通信,2025-08-14,权益变动报告书,天孚通信:股东询价转让结果报告书暨持股5%以上股东持有权益变动触及1%整数倍的提示性公告,https://data.eastmoney.com/notices/detail/300394/AN202508141727517088.html,institutional_capital,eastmoney_notice
SZSE:300394,天孚通信,2025-08-11,询价转让定价情况提示性公告,天孚通信:股东询价转让定价情况提示性公告,https://data.eastmoney.com/notices/detail/300394/AN202508111725595284.html,institutional_capital,eastmoney_notice
SZSE:300394,天孚通信,2025-08-08,询价转让计划书,天孚通信:股东询价转让计划书,https://data.eastmoney.com/notices/detail/300394/AN202508081723808291.html,institutional_capital,eastmoney_notice
SZSE:300394,天孚通信,2025-08-08,保荐/核查意见,天孚通信:华泰联合证券有限责任公司关于公司股东向特定机构投资者询价转让股份相关资格的核查意见,https://data.eastmoney.com/notices/detail/300394/AN202508081723808290.html,institutional_capital,eastmoney_notice
SZSE:300394,天孚通信,2025-07-08,投资理财,天孚通信:关于注销募集资金理财产品专用结算账户的公告,https://data.eastmoney.com/notices/detail/300394/AN202507081705191577.html,product_cycle,eastmoney_notice
SZSE:300394,天孚通信,2025-06-13,监事会决议公告,天孚通信:第五届监事会第七次临时会议决议公告,https://data.eastmoney.com/notices/detail/300394/AN202506131690296213.html,,eastmoney_notice
SZSE:300394,天孚通信,2025-06-13,保荐/核查意见,天孚通信:华泰联合证券有限责任公司关于公司向特定对象发行股票募投项目结项并将节余募集资金永久补充流动资金的核查意见,https://data.eastmoney.com/notices/detail/300394/AN202506131690296214.html,capacity_project,eastmoney_notice
SZSE:300394,天孚通信,2025-06-13,募集资金补充流动资金,天孚通信:关于向特定对象发行股票募投项目结项并将节余募集资金永久补充流动资金的公告,https://data.eastmoney.com/notices/detail/300394/AN202506131690296212.html,capacity_project,eastmoney_notice
SZSE:300394,天孚通信,2025-06-13,董事会决议公告,天孚通信:第五届董事会第八次临时会议决议公告,https://data.eastmoney.com/notices/detail/300394/AN202506131690296215.html,,eastmoney_notice
SZSE:300394,天孚通信,2025-06-11,调研活动,天孚通信:2025年6月11日天孚通信投资者关系活动记录表,https://data.eastmoney.com/notices/detail/300394/AN202506111688906380.html,investor_relations,eastmoney_notice
SZSE:300476,胜宏科技,2026-06-03,其他,胜宏科技:H股公告-证券变动月报表,https://data.eastmoney.com/notices/detail/300476/AN202606031823211107.html,,eastmoney_notice
SZSE:300476,胜宏科技,2026-05-18,其他,胜宏科技:关于稳定价格行动、稳定价格期结束的公告,https://data.eastmoney.com/notices/detail/300476/AN202605181822405394.html,,eastmoney_notice
SZSE:300476,胜宏科技,2026-05-15,调研活动,胜宏科技:300476胜宏科技投资者关系管理信息20260515,https://data.eastmoney.com/notices/detail/300476/AN202605151822355494.html,investor_relations,eastmoney_notice
SZSE:300476,胜宏科技,2026-05-08,调研活动,胜宏科技:300476胜宏科技投资者关系管理信息20260508,https://data.eastmoney.com/notices/detail/300476/AN202605081822085790.html,investor_relations,eastmoney_notice
SZSE:300476,胜宏科技,2026-05-07,其他,胜宏科技:H股公告-证券变动月报表,https://data.eastmoney.com/notices/detail/300476/AN202605071822039586.html,,eastmoney_notice
SZSE:300476,胜宏科技,2026-05-03,调研活动,胜宏科技:300476胜宏科技投资者关系管理信息,https://data.eastmoney.com/notices/detail/300476/AN202605041821951549.html,investor_relations,eastmoney_notice
SZSE:300476,胜宏科技,2026-04-29,其他,胜宏科技:H股公告-2025年度環境、社會及管治報告,https://data.eastmoney.com/notices/detail/300476/AN202604281821694722.html,,eastmoney_notice
SZSE:300476,胜宏科技,2026-04-29,董事会决议公告,胜宏科技:第五届董事会第十五次会议决议公告,https://data.eastmoney.com/notices/detail/300476/AN202604281821694726.html,,eastmoney_notice
SZSE:300476,胜宏科技,2026-04-29,一季度报告全文,胜宏科技:2026年一季度报告,https://data.eastmoney.com/notices/detail/300476/AN202604281821694763.html,earnings,eastmoney_notice
SZSE:300476,胜宏科技,2026-04-27,其他,胜宏科技:H股公告-翌日披露报表,https://data.eastmoney.com/notices/detail/300476/AN202604271821630446.html,,eastmoney_notice
SZSE:300476,胜宏科技,2026-04-27,其他,胜宏科技:关于控股股东及其一致行动人持股比例被动稀释触及1%整数倍的提示性公告,https://data.eastmoney.com/notices/detail/300476/AN202604271821630447.html,institutional_capital,eastmoney_notice
SZSE:300476,胜宏科技,2026-04-22,其他,胜宏科技:关于悉数行使超额配售权的公告,https://data.eastmoney.com/notices/detail/300476/AN202604221821465431.html,,eastmoney_notice
SZSE:300476,胜宏科技,2026-04-21,其他,胜宏科技:关于控股股东及其一致行动人持股比例被动稀释触及1％整数倍及跨越5％整数倍的提示性公告,https://data.eastmoney.com/notices/detail/300476/AN202604211821395520.html,institutional_capital,eastmoney_notice
SZSE:300476,胜宏科技,2026-04-21,其他,胜宏科技:关于境外上市外资股(H股)挂牌并上市交易的公告,https://data.eastmoney.com/notices/detail/300476/AN202604211821395524.html,,eastmoney_notice
SZSE:300476,胜宏科技,2026-04-21,其他,胜宏科技:H股公告-董事会会议通告,https://data.eastmoney.com/notices/detail/300476/AN202604211821395512.html,,eastmoney_notice
SZSE:300476,胜宏科技,2026-04-21,保荐/核查意见,胜宏科技:国信证券股份有限公司关于胜宏科技(惠州)股份有限公司向特定对象发行股票限售股份解除限售并上市流通的核查意见,https://data.eastmoney.com/notices/detail/300476/AN202604201821345717.html,institutional_capital,eastmoney_notice
SZSE:300476,胜宏科技,2026-04-21,限售股份上市流通,胜宏科技:关于向特定对象发行股票解除限售并上市流通的提示性公告,https://data.eastmoney.com/notices/detail/300476/AN202604201821345727.html,institutional_capital,eastmoney_notice
SZSE:300476,胜宏科技,2026-04-17,其他,胜宏科技:关于境外上市外资股(H股)公开发行价格的公告,https://data.eastmoney.com/notices/detail/300476/AN202604171821280641.html,,eastmoney_notice
SZSE:300476,胜宏科技,2026-04-13,其他,胜宏科技:关于刊发H股招股说明书、H股发行价格上限及H股香港公开发售等事宜的公告,https://data.eastmoney.com/notices/detail/300476/AN202604131821144067.html,,eastmoney_notice
SZSE:300476,胜宏科技,2026-04-09,分配方案实施,胜宏科技:2025年年度分红派息实施公告,https://data.eastmoney.com/notices/detail/300476/AN202604091821101047.html,earnings,eastmoney_notice
SZSE:300476,胜宏科技,2026-04-04,调研活动,胜宏科技:300476胜宏科技投资者关系管理信息20260404,https://data.eastmoney.com/notices/detail/300476/AN202604041821024219.html,investor_relations,eastmoney_notice
SZSE:300476,胜宏科技,2026-04-03,法律意见书,胜宏科技:君合律师事务所上海分所关于胜宏科技(惠州)股份有限公司2025年度股东会之法律意见书,https://data.eastmoney.com/notices/detail/300476/AN202604031821016256.html,institutional_capital,eastmoney_notice
SZSE:300476,胜宏科技,2026-04-03,分配方案决议公告,胜宏科技:2025年度股东会决议公告,https://data.eastmoney.com/notices/detail/300476/AN202604031821016196.html,institutional_capital,eastmoney_notice
SZSE:300476,胜宏科技,2026-04-02,公司注册资本变更,胜宏科技:关于完成工商变更登记并换发营业执照的公告,https://data.eastmoney.com/notices/detail/300476/AN202604021820995569.html,,eastmoney_notice
SZSE:300476,胜宏科技,2026-03-30,调研活动,胜宏科技:300476胜宏科技投资者关系管理信息20260330,https://data.eastmoney.com/notices/detail/300476/AN202603301820877440.html,investor_relations,eastmoney_notice
SZSE:300476,胜宏科技,2026-03-30,公司章程,胜宏科技:公司章程(草案)(H股发行并上市后适用),https://data.eastmoney.com/notices/detail/300476/AN202603301820866774.html,,eastmoney_notice
SZSE:300476,胜宏科技,2026-03-30,其他,胜宏科技:关于刊发境外上市外资股(H股)发行聆讯后资料集的公告,https://data.eastmoney.com/notices/detail/300476/AN202603301820866752.html,,eastmoney_notice
SZSE:300476,胜宏科技,2026-03-30,公司章程修订,胜宏科技:关于修订《公司章程(草案)》的公告,https://data.eastmoney.com/notices/detail/300476/AN202603301820866796.html,,eastmoney_notice
SZSE:300476,胜宏科技,2026-03-30,董事会决议公告,胜宏科技:第五届董事会第十四次会议决议公告,https://data.eastmoney.com/notices/detail/300476/AN202603301820866753.html,,eastmoney_notice
SZSE:300476,胜宏科技,2026-03-27,其他,胜宏科技:关于香港联交所审议公司发行境外上市外资股(H股)的公告,https://data.eastmoney.com/notices/detail/300476/AN202603271820810484.html,,eastmoney_notice
SZSE:300476,胜宏科技,2026-03-23,提供/对外担保公告,胜宏科技:关于对子公司提供担保的进展公告,https://data.eastmoney.com/notices/detail/300476/AN202603231820703537.html,,eastmoney_notice
SZSE:300476,胜宏科技,2026-03-20,保荐/核查意见,胜宏科技:国信证券股份有限公司关于胜宏科技(惠州)股份有限公司2025年度持续督导跟踪报告,https://data.eastmoney.com/notices/detail/300476/AN202603201820671815.html,,eastmoney_notice
SZSE:300476,胜宏科技,2026-03-20,签订协议,胜宏科技:关于签署募集资金四方监管协议的公告,https://data.eastmoney.com/notices/detail/300476/AN202603201820671819.html,risk,eastmoney_notice
SZSE:300476,胜宏科技,2026-03-18,调研活动,胜宏科技:300476胜宏科技投资者关系管理信息20260318,https://data.eastmoney.com/notices/detail/300476/AN202603181820627458.html,investor_relations,eastmoney_notice
SZSE:300476,胜宏科技,2026-03-13,审计报告,胜宏科技:2025年年度审计报告,https://data.eastmoney.com/notices/detail/300476/AN202604021820980631.html,,eastmoney_notice
SZSE:300476,胜宏科技,2026-03-13,ESG公告,胜宏科技:2025年度环境、社会及公司治理(ESG)报告,https://data.eastmoney.com/notices/detail/300476/AN202603191820650199.html,,eastmoney_notice
SZSE:300476,胜宏科技,2026-03-13,股份质押、冻结,胜宏科技:关于控股股东之一致行动人解除质押及部分股份质押的公告,https://data.eastmoney.com/notices/detail/300476/AN202603191820650175.html,institutional_capital,eastmoney_notice
SZSE:300476,胜宏科技,2026-03-13,其他,胜宏科技:关于举行2025年度网上业绩说明会的公告,https://data.eastmoney.com/notices/detail/300476/AN202603121820527091.html,investor_relations,eastmoney_notice
SZSE:300476,胜宏科技,2026-03-13,其他,胜宏科技:商誉减值测试报告,https://data.eastmoney.com/notices/detail/300476/AN202603121820527096.html,,eastmoney_notice
SZSE:300476,胜宏科技,2026-03-13,保荐/核查意见,胜宏科技:国信证券股份有限公司关于胜宏科技(惠州)股份有限公司2026年度日常关联交易预计的核查意见,https://data.eastmoney.com/notices/detail/300476/AN202603121820527130.html,,eastmoney_notice
SZSE:300476,胜宏科技,2026-03-13,保荐/核查意见,胜宏科技:2025年度募集资金存放、管理与使用情况专项报告的鉴证报告,https://data.eastmoney.com/notices/detail/300476/AN202603121820527112.html,,eastmoney_notice
SZSE:300476,胜宏科技,2026-03-13,分配预案,胜宏科技:2025年度利润分配预案的公告,https://data.eastmoney.com/notices/detail/300476/AN202603121820527094.html,earnings,eastmoney_notice
SZSE:300476,胜宏科技,2026-03-13,关联交易,胜宏科技:关于预计2026年度日常关联交易的公告,https://data.eastmoney.com/notices/detail/300476/AN202603121820527098.html,,eastmoney_notice
SZSE:300476,胜宏科技,2026-03-13,其他,胜宏科技:关于会计师事务所2025年度履职情况的评估报告,https://data.eastmoney.com/notices/detail/300476/AN202603121820527109.html,,eastmoney_notice
SZSE:300476,胜宏科技,2026-03-13,资金占用,胜宏科技:非经营性资金占用及其他关联资金往来情况汇总表,https://data.eastmoney.com/notices/detail/300476/AN202603121820527116.html,,eastmoney_notice
SZSE:300476,胜宏科技,2026-03-13,年度财务报告,胜宏科技:2025年度财务决算报告,https://data.eastmoney.com/notices/detail/300476/AN202603121820527110.html,,eastmoney_notice
SZSE:300476,胜宏科技,2026-03-13,独立董事述职报告,胜宏科技:2025年度独立董事述职报告(侯富强)-已离任,https://data.eastmoney.com/notices/detail/300476/AN202603121820527095.html,,eastmoney_notice
SZSE:300476,胜宏科技,2026-03-13,年度报告摘要,胜宏科技:2025年年度报告摘要,https://data.eastmoney.com/notices/detail/300476/AN202603121820527090.html,earnings,eastmoney_notice
SZSE:300476,胜宏科技,2026-03-13,保荐/核查意见,胜宏科技:国信证券股份有限公司关于胜宏科技(惠州)股份有限公司开展外汇套期保值业务的核查意见,https://data.eastmoney.com/notices/detail/300476/AN202603121820527111.html,,eastmoney_notice
SZSE:300476,胜宏科技,2026-03-13,独立董事述职报告,胜宏科技:2025年度独立董事述职报告(刘晖)-已离任,https://data.eastmoney.com/notices/detail/300476/AN202603121820527124.html,,eastmoney_notice
SZSE:300476,胜宏科技,2026-03-13,公司注册资本变更,胜宏科技:关于变更注册资本、修改《公司章程》并办理工商变更登记的公告,https://data.eastmoney.com/notices/detail/300476/AN202603121820527114.html,,eastmoney_notice
SZSE:300476,胜宏科技,2026-03-13,募集资金使用情况报告,胜宏科技:关于2025年度募集资金存放、管理与使用情况专项报告,https://data.eastmoney.com/notices/detail/300476/AN202603121820527123.html,,eastmoney_notice
SZSE:300476,胜宏科技,2026-03-13,其他,胜宏科技:关于2026年度投资计划的公告,https://data.eastmoney.com/notices/detail/300476/AN202603121820527104.html,,eastmoney_notice
SZSE:300476,胜宏科技,2026-03-13,保荐/核查意见,胜宏科技:国信证券股份有限公司关于胜宏科技(惠州)股份有限公司2025年度募集资金存放与使用情况的核查意见,https://data.eastmoney.com/notices/detail/300476/AN202603121820527099.html,,eastmoney_notice
SZSE:300476,胜宏科技,2026-03-13,内部控制报告,胜宏科技:胜宏科技2025年度内部控制评价报告,https://data.eastmoney.com/notices/detail/300476/AN202603121820527126.html,,eastmoney_notice
SZSE:300476,胜宏科技,2026-03-13,专项说明/独立意见,胜宏科技:董事会对独立董事独立性情况的专项意见,https://data.eastmoney.com/notices/detail/300476/AN202603121820527128.html,,eastmoney_notice
SZSE:300476,胜宏科技,2026-03-13,公司章程修订,胜宏科技:公司章程(2026年3月修订),https://data.eastmoney.com/notices/detail/300476/AN202603121820527106.html,,eastmoney_notice
SZSE:300476,胜宏科技,2026-03-13,其他,胜宏科技:董事会审计委员会对2025年度会计师事务所履职情况评估及履行监督职责情况的报告,https://data.eastmoney.com/notices/detail/300476/AN202603121820527119.html,,eastmoney_notice
SZSE:300476,胜宏科技,2026-03-13,分配预案,胜宏科技:关于提请股东会授权董事会制定并执行2026年中期分红方案的公告,https://data.eastmoney.com/notices/detail/300476/AN202603121820527092.html,"earnings,institutional_capital",eastmoney_notice
SZSE:300476,胜宏科技,2026-03-13,公司章程修订,胜宏科技:公司章程修订对照表,https://data.eastmoney.com/notices/detail/300476/AN202603121820527102.html,,eastmoney_notice
SZSE:300476,胜宏科技,2026-03-13,独立董事述职报告,胜宏科技:2025年度独立董事述职报告(初大智)-已离任,https://data.eastmoney.com/notices/detail/300476/AN202603121820527113.html,,eastmoney_notice
SZSE:300476,胜宏科技,2026-03-13,保荐/核查意见,胜宏科技:国信证券股份有限公司关于胜宏科技(惠州)股份有限公司2025年度内部控制评价报告的核查意见,https://data.eastmoney.com/notices/detail/300476/AN202603121820527108.html,,eastmoney_notice
SZSE:300476,胜宏科技,2026-03-13,其他,胜宏科技:关于董事、高级管理人员薪酬方案的公告,https://data.eastmoney.com/notices/detail/300476/AN202603121820527122.html,,eastmoney_notice
SZSE:300476,胜宏科技,2026-03-13,分配预案,胜宏科技:第五届董事会第十三次会议决议公告,https://data.eastmoney.com/notices/detail/300476/AN202603121820527105.html,,eastmoney_notice
SZSE:300476,胜宏科技,2026-03-13,其他,胜宏科技:2025年年度报告披露提示性公告,https://data.eastmoney.com/notices/detail/300476/AN202603121820527103.html,earnings,eastmoney_notice
SZSE:300476,胜宏科技,2026-03-13,独立董事述职报告,胜宏科技:2025年度独立董事述职报告(谢玲敏),https://data.eastmoney.com/notices/detail/300476/AN202603121820527107.html,,eastmoney_notice
SZSE:300476,胜宏科技,2026-03-13,其他,胜宏科技:关于开展外汇套期保值业务的公告,https://data.eastmoney.com/notices/detail/300476/AN202603121820527121.html,,eastmoney_notice
SZSE:300476,胜宏科技,2026-03-13,召开股东大会通知,胜宏科技:关于召开2025年度股东会的通知,https://data.eastmoney.com/notices/detail/300476/AN202603121820527117.html,institutional_capital,eastmoney_notice
SZSE:300476,胜宏科技,2026-03-13,年度报告全文,胜宏科技:2025年年度报告,https://data.eastmoney.com/notices/detail/300476/AN202603121820527101.html,earnings,eastmoney_notice
SZSE:300476,胜宏科技,2026-03-13,保荐/核查意见,胜宏科技:2025年度非经营性资金占用及其他关联资金往来情况的专项报告,https://data.eastmoney.com/notices/detail/300476/AN202603121820527127.html,,eastmoney_notice
SZSE:300476,胜宏科技,2026-03-13,投资理财,胜宏科技:关于使用闲置自有资金进行现金管理的公告,https://data.eastmoney.com/notices/detail/300476/AN202603121820527125.html,,eastmoney_notice
SZSE:300476,胜宏科技,2026-03-13,保荐/核查意见,胜宏科技:国信证券股份有限公司关于胜宏科技(惠州)股份有限公司使用闲置自有资金进行现金管理的核查意见,https://data.eastmoney.com/notices/detail/300476/AN202603121820527093.html,,eastmoney_notice
SZSE:300476,胜宏科技,2026-03-13,独立董事述职报告,胜宏科技:2025年度独立董事述职报告(谢兰军),https://data.eastmoney.com/notices/detail/300476/AN202603121820527129.html,,eastmoney_notice
SZSE:300476,胜宏科技,2026-03-13,其他,胜宏科技:关于开展外汇套期保值业务的可行性分析报告,https://data.eastmoney.com/notices/detail/300476/AN202603121820527100.html,,eastmoney_notice
SZSE:300476,胜宏科技,2026-03-13,审计报告,胜宏科技:2025内部控制审计报告,https://data.eastmoney.com/notices/detail/300476/AN202603121820527118.html,,eastmoney_notice
SZSE:300476,胜宏科技,2026-03-13,独立董事述职报告,胜宏科技:2025年度独立董事述职报告(张继海),https://data.eastmoney.com/notices/detail/300476/AN202603121820527120.html,,eastmoney_notice
SZSE:300476,胜宏科技,2026-03-09,调研活动,胜宏科技:300476胜宏科技投资者关系管理信息20260309,https://data.eastmoney.com/notices/detail/300476/AN202603091820421181.html,investor_relations,eastmoney_notice
SZSE:300476,胜宏科技,2026-03-09,其他,胜宏科技:关于发行境外上市股份(H股)获得中国证监会备案的公告,https://data.eastmoney.com/notices/detail/300476/AN202603091820419162.html,,eastmoney_notice
SZSE:300476,胜宏科技,2026-02-25,其他,胜宏科技:关于申请发行境外上市外资股(H股)并上市的进展公告,https://data.eastmoney.com/notices/detail/300476/AN202602251820033800.html,,eastmoney_notice
SZSE:300476,胜宏科技,2026-02-24,公司关联方基本资料变更,胜宏科技:关于变更签字注册会计师及质量控制复核合伙人的公告,https://data.eastmoney.com/notices/detail/300476/AN202602241820000894.html,,eastmoney_notice
SZSE:300476,胜宏科技,2026-02-14,其他,胜宏科技:关于全资孙公司收购境外公司股权进展暨收购完成的公告,https://data.eastmoney.com/notices/detail/300476/AN202602131819925034.html,,eastmoney_notice
SZSE:300476,胜宏科技,2026-02-14,公司关联方基本资料变更,胜宏科技:关于全资子公司完成工商变更登记并换发营业执照的公告,https://data.eastmoney.com/notices/detail/300476/AN202602131819925033.html,,eastmoney_notice
SZSE:300476,胜宏科技,2026-02-14,提供/对外担保公告,胜宏科技:关于子公司之间提供担保的进展公告,https://data.eastmoney.com/notices/detail/300476/AN202602131819925014.html,,eastmoney_notice
SZSE:300476,胜宏科技,2026-02-05,限售股份上市流通,胜宏科技:关于2022年限制性股票激励计划首次授予部分第三个归属期第二批次归属结果暨股份上市的公告,https://data.eastmoney.com/notices/detail/300476/AN202602051819792432.html,institutional_capital,eastmoney_notice
SZSE:300476,胜宏科技,2026-01-28,股东大会决议公告,胜宏科技:2026年第一次临时股东会决议公告,https://data.eastmoney.com/notices/detail/300476/AN202601281818510226.html,institutional_capital,eastmoney_notice
SZSE:300476,胜宏科技,2026-01-28,法律意见书,胜宏科技:君合律师事务所上海分所关于胜宏科技(惠州)股份有限公司2026年第一次临时股东会之法律意见书,https://data.eastmoney.com/notices/detail/300476/AN202601281818510231.html,institutional_capital,eastmoney_notice
SZSE:300476,胜宏科技,2026-01-23,调研活动,胜宏科技:300476胜宏科技投资者关系管理信息20260123,https://data.eastmoney.com/notices/detail/300476/AN202601231818341763.html,investor_relations,eastmoney_notice
SZSE:300476,胜宏科技,2026-01-23,其他,胜宏科技:关于全资孙公司收购境外公司股权的自愿性信息披露公告,https://data.eastmoney.com/notices/detail/300476/AN202601231818340107.html,,eastmoney_notice
SZSE:300476,胜宏科技,2026-01-16,业绩预告,胜宏科技:2025年度业绩预告,https://data.eastmoney.com/notices/detail/300476/AN202601161817842023.html,earnings,eastmoney_notice
SZSE:300476,胜宏科技,2026-01-16,签订协议,胜宏科技:关于签署募集资金四方监管协议的公告,https://data.eastmoney.com/notices/detail/300476/AN202601161817842024.html,risk,eastmoney_notice
SZSE:300476,胜宏科技,2026-01-13,保荐/核查意见,胜宏科技:立信会计师事务所(特殊普通合伙)关于胜宏科技(惠州)股份有限公司募集资金置换专项鉴证报告,https://data.eastmoney.com/notices/detail/300476/AN202601121816953120.html,,eastmoney_notice
SZSE:300476,胜宏科技,2026-01-13,董事会决议公告,胜宏科技:第五届董事会第十二次会议决议公告,https://data.eastmoney.com/notices/detail/300476/AN202601121816953116.html,,eastmoney_notice
SZSE:300476,胜宏科技,2026-01-13,保荐/核查意见,胜宏科技:国信证券关于胜宏科技使用募集资金置换预先投入募投项目自筹资金及已支付发行费用的核查意见,https://data.eastmoney.com/notices/detail/300476/AN202601121816953112.html,capacity_project,eastmoney_notice
SZSE:300476,胜宏科技,2026-01-13,担保年度额度预计,胜宏科技:关于2026年度担保额度预计的公告,https://data.eastmoney.com/notices/detail/300476/AN202601121816953117.html,,eastmoney_notice
SZSE:300476,胜宏科技,2026-01-13,管理办法/制度,胜宏科技:对外投资管理制度(2026年1月修订),https://data.eastmoney.com/notices/detail/300476/AN202601121816953113.html,,eastmoney_notice
SZSE:300476,胜宏科技,2026-01-13,管理办法/制度,胜宏科技:对外捐赠管理制度(2026年1月修订),https://data.eastmoney.com/notices/detail/300476/AN202601121816953118.html,,eastmoney_notice
SZSE:300476,胜宏科技,2026-01-13,管理办法/制度,胜宏科技:财务管理制度(2026年1月修订),https://data.eastmoney.com/notices/detail/300476/AN202601121816953124.html,,eastmoney_notice
SZSE:300476,胜宏科技,2026-01-13,募集资金使用进展情况,胜宏科技:关于使用募集资金置换预先投入募投项目自筹资金及已支付发行费用的公告,https://data.eastmoney.com/notices/detail/300476/AN202601121816953121.html,capacity_project,eastmoney_notice
SZSE:300476,胜宏科技,2026-01-13,召开股东大会通知,胜宏科技:关于召开2026年第一次临时股东会的通知,https://data.eastmoney.com/notices/detail/300476/AN202601121816953123.html,institutional_capital,eastmoney_notice
SZSE:300476,胜宏科技,2026-01-09,提供/对外担保公告,胜宏科技:关于为全资子公司提供担保责任解除的公告,https://data.eastmoney.com/notices/detail/300476/AN202601091816886347.html,,eastmoney_notice
SZSE:300476,胜宏科技,2026-01-09,保荐/核查意见,胜宏科技:国信证券股份有限公司关于胜宏科技(惠州)股份有限公司2025年度持续督导培训报告,https://data.eastmoney.com/notices/detail/300476/AN202601091816886349.html,,eastmoney_notice
SZSE:300476,胜宏科技,2025-12-10,调研活动,胜宏科技:300476胜宏科技投资者关系管理信息20251210,https://data.eastmoney.com/notices/detail/300476/AN202512101797206781.html,investor_relations,eastmoney_notice
SZSE:300476,胜宏科技,2025-12-05,签订协议,胜宏科技:关于签署募集资金四方监管协议的公告,https://data.eastmoney.com/notices/detail/300476/AN202512051794569893.html,risk,eastmoney_notice
SZSE:300476,胜宏科技,2025-11-04,提供/对外担保公告,胜宏科技:关于三级全资子公司之间提供担保的公告,https://data.eastmoney.com/notices/detail/300476/AN202511041775098667.html,,eastmoney_notice
SZSE:300476,胜宏科技,2025-10-31,提供/对外担保公告,胜宏科技:关于对子公司提供担保的进展公告,https://data.eastmoney.com/notices/detail/300476/AN202510311772670873.html,,eastmoney_notice
SZSE:300476,胜宏科技,2025-10-31,限售股份上市流通,胜宏科技:关于2022年限制性股票激励计划首次授予部分第三个归属期第一批次归属结果暨股份上市的公告,https://data.eastmoney.com/notices/detail/300476/AN202510311772668554.html,institutional_capital,eastmoney_notice
SZSE:300476,胜宏科技,2025-10-29,调研活动,胜宏科技:300476胜宏科技投资者关系管理信息20251029,https://data.eastmoney.com/notices/detail/300476/AN202510291771381523.html,investor_relations,eastmoney_notice
SZSE:300476,胜宏科技,2025-10-29,公司注册资本变更,胜宏科技:关于完成工商变更登记并换发营业执照的公告,https://data.eastmoney.com/notices/detail/300476/AN202510291771378740.html,,eastmoney_notice
SZSE:300476,胜宏科技,2025-10-28,变更募集资金投资项目,胜宏科技:关于调整募集资金投资项目拟投入募集资金金额的公告,https://data.eastmoney.com/notices/detail/300476/AN202510271770121305.html,capacity_project,eastmoney_notice
SZSE:300476,胜宏科技,2025-10-28,提供/对外担保公告,胜宏科技:关于为香港全资子公司提供担保的公告,https://data.eastmoney.com/notices/detail/300476/AN202510271770121348.html,,eastmoney_notice
SZSE:300476,胜宏科技,2025-10-28,董事会决议公告,胜宏科技:第五届董事会第十一次会议决议公告,https://data.eastmoney.com/notices/detail/300476/AN202510271770121335.html,,eastmoney_notice
SZSE:300476,胜宏科技,2025-10-28,三季度报告全文,胜宏科技:2025年三季度报告,https://data.eastmoney.com/notices/detail/300476/AN202510271770121323.html,earnings,eastmoney_notice
SZSE:300476,胜宏科技,2025-10-28,保荐/核查意见,胜宏科技:国信证券股份有限公司关于胜宏科技(惠州)股份有限公司调整募集资金投资项目拟投入募集资金金额的核查意见,https://data.eastmoney.com/notices/detail/300476/AN202510271770121336.html,capacity_project,eastmoney_notice
SZSE:300476,胜宏科技,2025-10-17,调研活动,胜宏科技:300476胜宏科技投资者关系管理信息20251017,https://data.eastmoney.com/notices/detail/300476/AN202510171764013366.html,investor_relations,eastmoney_notice
SZSE:300476,胜宏科技,2025-10-17,上市保荐书,胜宏科技:国信证券股份有限公司关于胜宏科技(惠州)股份有限公司创业板向特定对象发行股票的上市保荐书,https://data.eastmoney.com/notices/detail/300476/AN202510161763333839.html,,eastmoney_notice
SZSE:300476,胜宏科技,2025-10-17,增发提示性公告,胜宏科技:关于向特定对象发行股票上市公告书披露的提示性公告,https://data.eastmoney.com/notices/detail/300476/AN202510161763333840.html,,eastmoney_notice
SZSE:300476,胜宏科技,2025-10-17,高管人员持股变动,胜宏科技:关于董事和高级管理人员持股情况变动的公告,https://data.eastmoney.com/notices/detail/300476/AN202510161763333838.html,institutional_capital,eastmoney_notice
SZSE:300476,胜宏科技,2025-10-17,增发上市公告书,胜宏科技:胜宏科技(惠州)股份有限公司创业板向特定对象发行股票上市公告书,https://data.eastmoney.com/notices/detail/300476/AN202510161763333828.html,,eastmoney_notice
SZSE:300476,胜宏科技,2025-10-09,保荐/核查意见,胜宏科技:国信证券股份有限公司关于胜宏科技(惠州)股份有限公司使用部分闲置募集资金进行现金管理的核查意见,https://data.eastmoney.com/notices/detail/300476/AN202510091759011254.html,,eastmoney_notice
SZSE:300476,胜宏科技,2025-10-09,公司章程修订,胜宏科技:《公司章程》修订对照表,https://data.eastmoney.com/notices/detail/300476/AN202510091759011251.html,,eastmoney_notice
SZSE:300476,胜宏科技,2025-10-09,签订协议,胜宏科技:关于开立募集资金专户并授权签订募集资金专户监管协议的公告,https://data.eastmoney.com/notices/detail/300476/AN202510091759011253.html,risk,eastmoney_notice
SZSE:300476,胜宏科技,2025-10-09,公司章程,胜宏科技:公司章程(2025年9月),https://data.eastmoney.com/notices/detail/300476/AN202510091759013460.html,,eastmoney_notice
SZSE:300476,胜宏科技,2025-10-09,董事会决议公告,胜宏科技:第五届董事会第十次会议决议公告,https://data.eastmoney.com/notices/detail/300476/AN202510091759011249.html,,eastmoney_notice
SZSE:300476,胜宏科技,2025-10-09,投资理财,胜宏科技:关于使用部分闲置募集资金进行现金管理的公告,https://data.eastmoney.com/notices/detail/300476/AN202510091759011252.html,,eastmoney_notice
SZSE:300476,胜宏科技,2025-10-09,公司注册资本变更,胜宏科技:关于变更注册资本、修改《公司章程》并办理工商变更登记的公告,https://data.eastmoney.com/notices/detail/300476/AN202510091759013461.html,,eastmoney_notice
SZSE:300476,胜宏科技,2025-09-25,签订协议,胜宏科技:关于签署募集资金三方监管协议的公告,https://data.eastmoney.com/notices/detail/300476/AN202509251750453223.html,risk,eastmoney_notice
SZSE:300476,胜宏科技,2025-09-20,保荐/核查意见,胜宏科技:胜宏科技(惠州)股份有限公司验资报告,https://data.eastmoney.com/notices/detail/300476/AN202509191746784923.html,,eastmoney_notice
SZSE:300476,胜宏科技,2025-09-20,其他增发事项公告,胜宏科技:胜宏科技(惠州)股份有限公司创业板向特定对象发行股票发行情况报告书,https://data.eastmoney.com/notices/detail/300476/AN202509191746784919.html,,eastmoney_notice
SZSE:300476,胜宏科技,2025-09-20,法律意见书,胜宏科技:北京市君合律师事务所关于胜宏科技(惠州)股份有限公司向特定对象发行股票发行过程及认购对象合规性之法律意见书,https://data.eastmoney.com/notices/detail/300476/AN202509191746784918.html,,eastmoney_notice
SZSE:300476,胜宏科技,2025-09-20,保荐/核查意见,胜宏科技:国信证券股份有限公司、国泰海通证券股份有限公司关于胜宏科技(惠州)股份有限公司创业板向特定对象发行股票发行过程和认购对象合规性的报告,https://data.eastmoney.com/notices/detail/300476/AN202509191746784925.html,,eastmoney_notice
SZSE:300476,胜宏科技,2025-09-20,增发提示性公告,胜宏科技:关于向特定对象发行股票发行情况报告书披露的提示性公告,https://data.eastmoney.com/notices/detail/300476/AN202509191746784926.html,,eastmoney_notice
SZSE:300476,胜宏科技,2025-09-19,调研活动,胜宏科技:2025年广东辖区投资者集体接待日活动,https://data.eastmoney.com/notices/detail/300476/AN202509191746796045.html,investor_relations,eastmoney_notice
SZSE:300476,胜宏科技,2025-09-13,股权激励进展公告,胜宏科技:关于作废2022年限制性股票激励计划部分已授予但尚未归属的限制性股票的公告,https://data.eastmoney.com/notices/detail/300476/AN202509121742480571.html,institutional_capital,eastmoney_notice
SZSE:300476,胜宏科技,2025-09-13,专项说明/独立意见,胜宏科技:董事会薪酬与考核委员会关于2022年限制性股票激励计划首次授予部分第三个归属期归属名单的核查意见,https://data.eastmoney.com/notices/detail/300476/AN202509121742480569.html,institutional_capital,eastmoney_notice
SZSE:300476,胜宏科技,2025-09-13,董事会决议公告,胜宏科技:第五届董事会第九次会议决议公告,https://data.eastmoney.com/notices/detail/300476/AN202509121742480560.html,,eastmoney_notice
SZSE:300476,胜宏科技,2025-09-13,股权激励行权价（数量）调整,胜宏科技:关于调整2022年限制性股票激励计划限制性股票授予价格的公告,https://data.eastmoney.com/notices/detail/300476/AN202509121742478653.html,institutional_capital,eastmoney_notice
SZSE:300476,胜宏科技,2025-09-13,法律意见书,胜宏科技:君合律师事务所上海分所关于胜宏科技(惠州)股份有限公司2022年限制性股票激励计划授予价格调整、首次授予部分第三个归属期归属条件成就及作废部分限制性股票事项之法律意见书,https://data.eastmoney.com/notices/detail/300476/AN202509121742480557.html,institutional_capital,eastmoney_notice
SZSE:300476,胜宏科技,2025-09-13,股权激励进展公告,胜宏科技:关于2022年限制性股票激励计划首次授予部分第三个归属期归属条件成就的公告,https://data.eastmoney.com/notices/detail/300476/AN202509121742478655.html,institutional_capital,eastmoney_notice
SZSE:300476,胜宏科技,2025-09-12,调研活动,胜宏科技:300476胜宏科技投资者关系管理信息20250912,https://data.eastmoney.com/notices/detail/300476/AN202509121742535467.html,investor_relations,eastmoney_notice
SZSE:300476,胜宏科技,2025-09-04,调研活动,胜宏科技:300476胜宏科技投资者关系管理信息20250904,https://data.eastmoney.com/notices/detail/300476/AN202509041738939605.html,investor_relations,eastmoney_notice
SZSE:300476,胜宏科技,2025-09-01,公司关联方基本资料变更,胜宏科技:关于全资子公司完成工商变更登记并换发营业执照的公告,https://data.eastmoney.com/notices/detail/300476/AN202509011737731724.html,,eastmoney_notice
SZSE:300476,胜宏科技,2025-08-29,创业板再融资募集说明书注册稿,胜宏科技:向特定对象发行股票募集说明书(注册稿)(2025年半年报更新稿),https://data.eastmoney.com/notices/detail/300476/AN202508291736562299.html,earnings,eastmoney_notice
SZSE:300476,胜宏科技,2025-08-29,增发获准公告,胜宏科技:关于向特定对象发行股票申请获得中国证监会同意注册批复的公告,https://data.eastmoney.com/notices/detail/300476/AN202508291736561228.html,,eastmoney_notice
SZSE:300476,胜宏科技,2025-08-29,调研活动,胜宏科技:300476胜宏科技投资者关系管理信息20250829,https://data.eastmoney.com/notices/detail/300476/AN202508291736556512.html,investor_relations,eastmoney_notice
SZSE:300476,胜宏科技,2025-08-29,创业板发行上市审核注册结果通知,关于同意胜宏科技再融资注册的批复,https://data.eastmoney.com/notices/detail/300476/AN202508291736420245.html,,eastmoney_notice
SZSE:300476,胜宏科技,2025-08-27,资金占用,胜宏科技:2025年半年度非经营性资金占用及其他关联资金往来情况汇总表,https://data.eastmoney.com/notices/detail/300476/AN202508261734910167.html,,eastmoney_notice
SZSE:300476,胜宏科技,2025-08-27,董事会决议公告,胜宏科技:董事会决议公告,https://data.eastmoney.com/notices/detail/300476/AN202508261734909456.html,,eastmoney_notice
SZSE:300476,胜宏科技,2025-08-27,半年度报告全文,胜宏科技:2025年半年度报告,https://data.eastmoney.com/notices/detail/300476/AN202508261734910216.html,earnings,eastmoney_notice
SZSE:300476,胜宏科技,2025-08-27,半年度报告摘要,胜宏科技:2025年半年度报告摘要,https://data.eastmoney.com/notices/detail/300476/AN202508261734909397.html,earnings,eastmoney_notice
SZSE:300476,胜宏科技,2025-08-27,其他,胜宏科技:关于2025年半年度报告披露提示性公告,https://data.eastmoney.com/notices/detail/300476/AN202508261734909378.html,earnings,eastmoney_notice
SZSE:300476,胜宏科技,2025-08-20,其他,胜宏科技:关于向香港联交所递交H股发行并上市申请并刊发申请资料的公告,https://data.eastmoney.com/notices/detail/300476/AN202508201731171151.html,,eastmoney_notice
SZSE:300476,胜宏科技,2025-08-16,法律意见书,胜宏科技:胜宏科技-2025年第四次临时股东会之法律意见书,https://data.eastmoney.com/notices/detail/300476/AN202508151728085070.html,institutional_capital,eastmoney_notice
SZSE:300476,胜宏科技,2025-08-16,股东大会决议公告,胜宏科技:2025年第四次临时股东会公告,https://data.eastmoney.com/notices/detail/300476/AN202508151728085073.html,institutional_capital,eastmoney_notice
SZSE:300476,胜宏科技,2025-08-04,股东/实际控制人股份减持,胜宏科技:关于公司部分董事、高级管理人员减持计划完成的公告,https://data.eastmoney.com/notices/detail/300476/AN202508041721422906.html,institutional_capital,eastmoney_notice
SZSE:300476,胜宏科技,2025-07-31,调研活动,胜宏科技:300476胜宏科技投资者关系管理信息20250731,https://data.eastmoney.com/notices/detail/300476/AN202507311719040644.html,investor_relations,eastmoney_notice
SZSE:300476,胜宏科技,2025-07-30,审计机构变更,胜宏科技:关于聘请H股发行并上市审计机构的公告,https://data.eastmoney.com/notices/detail/300476/AN202507291717905078.html,,eastmoney_notice
SZSE:300476,胜宏科技,2025-07-30,管理办法/制度,胜宏科技:委托理财管理制度(2025年7月修订),https://data.eastmoney.com/notices/detail/300476/AN202507291717899149.html,,eastmoney_notice
SZSE:300476,胜宏科技,2025-07-30,其他,胜宏科技:董事会及全体员工多元化政策(草案)(H股发行并上市后适用),https://data.eastmoney.com/notices/detail/300476/AN202507291717899145.html,,eastmoney_notice
SZSE:300476,胜宏科技,2025-07-30,召开股东大会通知,胜宏科技:关于召开2025年第四次临时股东会的通知,https://data.eastmoney.com/notices/detail/300476/AN202507291717905094.html,institutional_capital,eastmoney_notice
SZSE:300476,胜宏科技,2025-07-30,其他,胜宏科技:股东提名候选董事的程序(草案)(H股发行并上市后适用),https://data.eastmoney.com/notices/detail/300476/AN202507291717899152.html,institutional_capital,eastmoney_notice
SZSE:300476,胜宏科技,2025-07-30,议事规则/实施细则,胜宏科技:董事会薪酬与考核委员会工作细则(2025年7月修订),https://data.eastmoney.com/notices/detail/300476/AN202507291717905065.html,,eastmoney_notice
SZSE:300476,胜宏科技,2025-07-30,管理办法/制度,胜宏科技:内部审计制度(2025年7月修订),https://data.eastmoney.com/notices/detail/300476/AN202507291717905063.html,,eastmoney_notice
SZSE:300476,胜宏科技,2025-07-30,议事规则/实施细则,胜宏科技:股东会议事规则(2025年7月修订),https://data.eastmoney.com/notices/detail/300476/AN202507291717905064.html,institutional_capital,eastmoney_notice
SZSE:300476,胜宏科技,2025-07-30,高管人员任职变动,胜宏科技:关于增选公司第五届董事会独立董事的公告,https://data.eastmoney.com/notices/detail/300476/AN202507291717905075.html,,eastmoney_notice
SZSE:300476,胜宏科技,2025-07-30,议事规则/实施细则,胜宏科技:董事会议事规则(草案)(H股发行并上市后适用),https://data.eastmoney.com/notices/detail/300476/AN202507291717899155.html,,eastmoney_notice
SZSE:300476,胜宏科技,2025-07-30,高管人员任职变动,胜宏科技:关于选举公司第五届董事会职工代表董事的公告,https://data.eastmoney.com/notices/detail/300476/AN202507291717905084.html,,eastmoney_notice
SZSE:300476,胜宏科技,2025-07-30,监事会决议公告,胜宏科技:第五届监事会第七次会议决议公告,https://data.eastmoney.com/notices/detail/300476/AN202507291717905093.html,,eastmoney_notice
SZSE:300476,胜宏科技,2025-07-30,议事规则/实施细则,胜宏科技:董事会薪酬与考核委员会工作细则(草案)(H股发行并上市后适用),https://data.eastmoney.com/notices/detail/300476/AN202507291717905087.html,,eastmoney_notice
SZSE:300476,胜宏科技,2025-07-30,议事规则/实施细则,胜宏科技:总裁工作细则(2025年7月修订),https://data.eastmoney.com/notices/detail/300476/AN202507291717905062.html,,eastmoney_notice
SZSE:300476,胜宏科技,2025-07-30,管理办法/制度,胜宏科技:外汇套期保值管理制度(2025年7月修订),https://data.eastmoney.com/notices/detail/300476/AN202507291717905068.html,,eastmoney_notice
SZSE:300476,胜宏科技,2025-07-30,议事规则/实施细则,胜宏科技:董事会秘书工作细则(2025年7月修订),https://data.eastmoney.com/notices/detail/300476/AN202507291717905082.html,,eastmoney_notice
SZSE:300476,胜宏科技,2025-07-30,议事规则/实施细则,胜宏科技:董事会审计委员会工作细则(草案)(H股发行并上市后适用),https://data.eastmoney.com/notices/detail/300476/AN202507291717905085.html,,eastmoney_notice
SZSE:300476,胜宏科技,2025-07-30,议事规则/实施细则,胜宏科技:董事会战略与投资委员会工作细则(2025年7月修订),https://data.eastmoney.com/notices/detail/300476/AN202507291717905077.html,,eastmoney_notice
SZSE:300476,胜宏科技,2025-07-30,议事规则/实施细则,胜宏科技:董事会议事规则(2025年7月修订),https://data.eastmoney.com/notices/detail/300476/AN202507291717905059.html,,eastmoney_notice
SZSE:300476,胜宏科技,2025-07-30,管理办法/制度,胜宏科技:董事和高级管理人员持有本公司股份及其变动管理制度(草案)(H股发行并上市后适用),https://data.eastmoney.com/notices/detail/300476/AN202507291717905061.html,,eastmoney_notice
SZSE:300476,胜宏科技,2025-07-30,管理办法/制度,胜宏科技:境外发行证券与上市相关保密和档案管理工作制度(2025年7月制定),https://data.eastmoney.com/notices/detail/300476/AN202507291717905090.html,,eastmoney_notice
SZSE:300476,胜宏科技,2025-07-30,议事规则/实施细则,胜宏科技:董事会战略与投资委员会工作细则(草案)(H股发行并上市后适用),https://data.eastmoney.com/notices/detail/300476/AN202507291717905076.html,,eastmoney_notice
SZSE:300476,胜宏科技,2025-07-30,议事规则/实施细则,胜宏科技:董事会审计委员会工作细则(2025年7月修订),https://data.eastmoney.com/notices/detail/300476/AN202507291717905071.html,,eastmoney_notice
SZSE:300476,胜宏科技,2025-07-30,管理办法/制度,胜宏科技:信息披露管理制度(2025年7月修订),https://data.eastmoney.com/notices/detail/300476/AN202507291717899150.html,,eastmoney_notice
SZSE:300476,胜宏科技,2025-07-30,管理办法/制度,胜宏科技:独立董事现场工作制度(2025年7月修订),https://data.eastmoney.com/notices/detail/300476/AN202507291717899153.html,,eastmoney_notice
SZSE:300476,胜宏科技,2025-07-30,审计机构变更,胜宏科技:关于续聘会计师事务所的公告,https://data.eastmoney.com/notices/detail/300476/AN202507291717905092.html,,eastmoney_notice
SZSE:300476,胜宏科技,2025-07-30,独立董事候选人声明,胜宏科技:独立董事候选人声明与承诺(王庭聪),https://data.eastmoney.com/notices/detail/300476/AN202507291717905074.html,,eastmoney_notice
SZSE:300476,胜宏科技,2025-07-30,管理办法/制度,胜宏科技:信息披露管理制度(草案)(2025年7月)(H股发行并上市后适用),https://data.eastmoney.com/notices/detail/300476/AN202507291717905096.html,,eastmoney_notice
SZSE:300476,胜宏科技,2025-07-30,公司章程修订,胜宏科技:公司章程(2025年7月修订),https://data.eastmoney.com/notices/detail/300476/AN202507291717905095.html,,eastmoney_notice
SZSE:300476,胜宏科技,2025-07-30,管理办法/制度,胜宏科技:内幕信息知情人登记管理制度(2025年7月修订),https://data.eastmoney.com/notices/detail/300476/AN202507291717899156.html,,eastmoney_notice
SZSE:300476,胜宏科技,2025-07-30,独立董事提名人声明,胜宏科技:独立董事提名人声明与承诺(王庭聪),https://data.eastmoney.com/notices/detail/300476/AN202507291717905079.html,,eastmoney_notice
SZSE:300476,胜宏科技,2025-07-30,议事规则/实施细则,胜宏科技:董事会提名委员会工作细则(2025年7月修订),https://data.eastmoney.com/notices/detail/300476/AN202507291717905088.html,,eastmoney_notice
SZSE:300476,胜宏科技,2025-07-30,其他,胜宏科技:股东通讯政策(草案)(H股发行并上市后适用),https://data.eastmoney.com/notices/detail/300476/AN202507291717905073.html,institutional_capital,eastmoney_notice
SZSE:300476,胜宏科技,2025-07-30,管理办法/制度,胜宏科技:对外担保制度(2025年7月修订),https://data.eastmoney.com/notices/detail/300476/AN202507291717899154.html,,eastmoney_notice
SZSE:300476,胜宏科技,2025-07-30,公司章程修订,胜宏科技:关于修订公司于H股发行上市后适用的《公司章程(草案)》及修订、制定部分治理制度(草案)的公告,https://data.eastmoney.com/notices/detail/300476/AN202507291717905069.html,,eastmoney_notice
SZSE:300476,胜宏科技,2025-07-30,管理办法/制度,胜宏科技:募集资金管理制度(2025年7月修订),https://data.eastmoney.com/notices/detail/300476/AN202507291717899151.html,,eastmoney_notice
SZSE:300476,胜宏科技,2025-07-30,管理办法/制度,胜宏科技:独立董事工作制度(2025年7月修订),https://data.eastmoney.com/notices/detail/300476/AN202507291717905091.html,,eastmoney_notice
SZSE:300476,胜宏科技,2025-07-30,管理办法/制度,胜宏科技:对外投资管理制度(2025年7月修订),https://data.eastmoney.com/notices/detail/300476/AN202507291717899147.html,,eastmoney_notice
SZSE:300476,胜宏科技,2025-07-30,管理办法/制度,胜宏科技:关联交易管理制度(草案)(2025年7月)(H股发行并上市后适用),https://data.eastmoney.com/notices/detail/300476/AN202507291717905057.html,,eastmoney_notice
SZSE:300476,胜宏科技,2025-07-30,管理办法/制度,胜宏科技:利益冲突管理制度(草案)(H股发行并上市后适用),https://data.eastmoney.com/notices/detail/300476/AN202507291717899148.html,,eastmoney_notice
SZSE:300476,胜宏科技,2025-07-30,管理办法/制度,胜宏科技:董事、高级管理人员薪酬制度(2025年7月制定),https://data.eastmoney.com/notices/detail/300476/AN202507291717905070.html,,eastmoney_notice
SZSE:300476,胜宏科技,2025-07-30,管理办法/制度,胜宏科技:独立董事工作制度(草案)(2025年7月)(H股发行并上市后适用),https://data.eastmoney.com/notices/detail/300476/AN202507291717905060.html,,eastmoney_notice
SZSE:300476,胜宏科技,2025-07-30,管理办法/制度,胜宏科技:内幕信息知情人登记管理制度(草案)(H股发行并上市后适用),https://data.eastmoney.com/notices/detail/300476/AN202507291717905097.html,,eastmoney_notice
SZSE:300476,胜宏科技,2025-07-30,公司章程修订,胜宏科技:关于取消监事会并修订《公司章程》及相关制度的公告,https://data.eastmoney.com/notices/detail/300476/AN202507291717905066.html,,eastmoney_notice
SZSE:300476,胜宏科技,2025-07-30,管理办法/制度,胜宏科技:董事和高级管理人员持有本公司股份及其变动管理制度(2025年7月制定),https://data.eastmoney.com/notices/detail/300476/AN202507291717899146.html,,eastmoney_notice
SZSE:300476,胜宏科技,2025-07-30,议事规则/实施细则,胜宏科技:董事会提名委员会工作细则(草案)(H股发行并上市后适用),https://data.eastmoney.com/notices/detail/300476/AN202507291717905058.html,,eastmoney_notice
SZSE:300476,胜宏科技,2025-07-30,高管人员任职变动,胜宏科技:第五届董事会第七次会议决议公告,https://data.eastmoney.com/notices/detail/300476/AN202507291717905080.html,,eastmoney_notice
SZSE:300476,胜宏科技,2025-07-30,管理办法/制度,胜宏科技:投资者关系管理制度(2025年7月修订),https://data.eastmoney.com/notices/detail/300476/AN202507291717905086.html,investor_relations,eastmoney_notice
SZSE:300476,胜宏科技,2025-07-30,管理办法/制度,胜宏科技:关联交易管理制度(2025年7月修订),https://data.eastmoney.com/notices/detail/300476/AN202507291717905083.html,,eastmoney_notice
SZSE:300476,胜宏科技,2025-07-30,议事规则/实施细则,胜宏科技:股东会议事规则(草案)(H股发行并上市后适用),https://data.eastmoney.com/notices/detail/300476/AN202507291717905072.html,institutional_capital,eastmoney_notice
SZSE:300476,胜宏科技,2025-07-30,公司章程,胜宏科技:公司章程(草案)(H股发行并上市后适用),https://data.eastmoney.com/notices/detail/300476/AN202507291717905081.html,,eastmoney_notice
SZSE:300476,胜宏科技,2025-07-28,调研活动,胜宏科技:300476胜宏科技投资者关系管理信息20250728,https://data.eastmoney.com/notices/detail/300476/AN202507281717320778.html,investor_relations,eastmoney_notice
SZSE:300476,胜宏科技,2025-07-22,调研活动,胜宏科技:300476胜宏科技投资者关系管理信息20250721,https://data.eastmoney.com/notices/detail/300476/AN202507221713678906.html,investor_relations,eastmoney_notice
SZSE:300476,胜宏科技,2025-07-21,股东大会决议公告,胜宏科技:2025年第三次临时股东会决议公告,https://data.eastmoney.com/notices/detail/300476/AN202507211713099752.html,institutional_capital,eastmoney_notice
SZSE:300476,胜宏科技,2025-07-21,法律意见书,胜宏科技:君合律师事务所上海分所关于胜宏科技(惠州)股份有限公司2025年第三次临时股东会之法律意见书,https://data.eastmoney.com/notices/detail/300476/AN202507211713099744.html,institutional_capital,eastmoney_notice
SZSE:300476,胜宏科技,2025-07-21,其他,胜宏科技:关于筹划公司在香港联合交易所有限公司上市的提示性公告,https://data.eastmoney.com/notices/detail/300476/AN202507211713102960.html,,eastmoney_notice
SZSE:300476,胜宏科技,2025-07-18,创业板再融资募集说明书注册稿,胜宏科技:向特定对象发行股票募集说明书(注册稿),https://data.eastmoney.com/notices/detail/300476/AN202507181711283182.html,,eastmoney_notice
SZSE:300476,胜宏科技,2025-07-18,发行保荐书,胜宏科技:国信证券股份有限公司关于胜宏科技(惠州)股份有限公司创业板向特定对象发行股票的发行保荐书(注册稿),https://data.eastmoney.com/notices/detail/300476/AN202507181711283184.html,,eastmoney_notice
SZSE:300476,胜宏科技,2025-07-18,上市保荐书,胜宏科技:国信证券股份有限公司关于胜宏科技(惠州)股份有限公司创业板向特定对象发行股票的上市保荐书(注册稿),https://data.eastmoney.com/notices/detail/300476/AN202507181711283185.html,,eastmoney_notice
SZSE:300476,胜宏科技,2025-07-18,增发提示性公告,胜宏科技:关于向特定对象发行股票提交募集说明书(注册稿)等申请文件的提示性公告,https://data.eastmoney.com/notices/detail/300476/AN202507181711283183.html,,eastmoney_notice
SZSE:300476,胜宏科技,2025-07-17,增发获准公告,胜宏科技:关于向特定对象发行股票申请获得深圳证券交易所上市审核中心审核通过的公告,https://data.eastmoney.com/notices/detail/300476/AN202507171710673718.html,,eastmoney_notice
SZSE:300476,胜宏科技,2025-07-05,高管人员任职变动,胜宏科技:第五届董事会第六次会议决议公告,https://data.eastmoney.com/notices/detail/300476/AN202507041702935433.html,,eastmoney_notice
SZSE:300476,胜宏科技,2025-07-05,增资扩股,胜宏科技:关于向泰国孙公司增资的公告,https://data.eastmoney.com/notices/detail/300476/AN202507041702935434.html,,eastmoney_notice
SZSE:300476,胜宏科技,2025-07-05,股东/实际控制人股份减持,胜宏科技:关于公司部分董事、高级管理人员减持计划预披露公告,https://data.eastmoney.com/notices/detail/300476/AN202507041702935429.html,institutional_capital,eastmoney_notice
SZSE:300476,胜宏科技,2025-07-05,高管人员任职变动,胜宏科技:关于聘任公司副总裁的公告,https://data.eastmoney.com/notices/detail/300476/AN202507041702935431.html,,eastmoney_notice
SZSE:300476,胜宏科技,2025-07-05,监事会决议公告,胜宏科技:第五届监事会第六次会议决议公告,https://data.eastmoney.com/notices/detail/300476/AN202507041702935430.html,,eastmoney_notice
SZSE:300476,胜宏科技,2025-07-05,召开股东大会通知,胜宏科技:关于召开2025年第三次临时股东会的通知,https://data.eastmoney.com/notices/detail/300476/AN202507041702935432.html,institutional_capital,eastmoney_notice
SZSE:300476,胜宏科技,2025-07-02,提供/对外担保公告,胜宏科技:关于三级全资子公司之间提供担保的公告,https://data.eastmoney.com/notices/detail/300476/AN202507021701680380.html,,eastmoney_notice
SZSE:300476,胜宏科技,2025-06-16,调研活动,胜宏科技:300476胜宏科技投资者关系管理信息20250616,https://data.eastmoney.com/notices/detail/300476/AN202506161692070223.html,investor_relations,eastmoney_notice
SZSE:300476,胜宏科技,2025-06-10,股份质押、冻结,胜宏科技:关于控股股东部分股份解除质押的公告,https://data.eastmoney.com/notices/detail/300476/AN202506101688329906.html,institutional_capital,eastmoney_notice
SZSE:300502,新易盛,2026-06-02,调研活动,新易盛:300502新易盛投资者关系管理信息20260601,https://data.eastmoney.com/notices/detail/300502/AN202606021823165693.html,investor_relations,eastmoney_notice
SZSE:300502,新易盛,2026-05-19,限售股份上市流通,新易盛:关于2024年限制性股票激励计划首次授予第二期归属结果暨股份上市的公告,https://data.eastmoney.com/notices/detail/300502/AN202605191822453606.html,institutional_capital,eastmoney_notice
SZSE:300502,新易盛,2026-05-15,分配方案决议公告,新易盛:成都新易盛通信技术股份有限公司2025年度股东会决议公告,https://data.eastmoney.com/notices/detail/300502/AN202605151822353276.html,institutional_capital,eastmoney_notice
SZSE:300502,新易盛,2026-05-15,法律意见书,新易盛:北京国枫律师事务所关于成都新易盛通信技术股份有限公司2025年度股东会的法律意见书,https://data.eastmoney.com/notices/detail/300502/AN202605151822353272.html,institutional_capital,eastmoney_notice
SZSE:300502,新易盛,2026-04-30,公司经营范围变更,新易盛:关于完成工商登记变更并换发营业执照的公告,https://data.eastmoney.com/notices/detail/300502/AN202604301821845880.html,,eastmoney_notice
SZSE:300502,新易盛,2026-04-29,调研活动,新易盛:300502新易盛投资者关系管理信息20260429,https://data.eastmoney.com/notices/detail/300502/AN202604291821763080.html,investor_relations,eastmoney_notice
SZSE:300502,新易盛,2026-04-24,调研活动,新易盛:300502新易盛投资者关系管理信息20260423,https://data.eastmoney.com/notices/detail/300502/AN202604241821546331.html,investor_relations,eastmoney_notice
SZSE:300502,新易盛,2026-04-24,独立董事述职报告,新易盛:2025年度独立董事述职报告(弋涛),https://data.eastmoney.com/notices/detail/300502/AN202604231821517541.html,,eastmoney_notice
SZSE:300502,新易盛,2026-04-24,其他,新易盛:关于举办2025年度业绩网上说明会的公告,https://data.eastmoney.com/notices/detail/300502/AN202604231821517575.html,,eastmoney_notice
SZSE:300502,新易盛,2026-04-24,分配预案,新易盛:第五届董事会第十三次会议决议公告,https://data.eastmoney.com/notices/detail/300502/AN202604231821517554.html,,eastmoney_notice
SZSE:300502,新易盛,2026-04-24,内部控制报告,新易盛:2025年度内部控制自我评价报告,https://data.eastmoney.com/notices/detail/300502/AN202604231821517597.html,,eastmoney_notice
SZSE:300502,新易盛,2026-04-24,其他,新易盛:董事会审计委员会对会计师事务所2025年度履职情况评估及履行监督职责情况的报告,https://data.eastmoney.com/notices/detail/300502/AN202604231821517577.html,,eastmoney_notice
SZSE:300502,新易盛,2026-04-24,年度报告全文,新易盛:2025年年度报告,https://data.eastmoney.com/notices/detail/300502/AN202604231821517547.html,earnings,eastmoney_notice
SZSE:300502,新易盛,2026-04-24,专项说明/独立意见,新易盛:董事会薪酬与考核委员会关于2024年限制性股票激励计划首次授予第二期可归属激励对象名单的核查意见,https://data.eastmoney.com/notices/detail/300502/AN202604231821517572.html,institutional_capital,eastmoney_notice
SZSE:300502,新易盛,2026-04-24,管理办法/制度,新易盛:董事、高级管理人员薪酬管理制度,https://data.eastmoney.com/notices/detail/300502/AN202604231821517569.html,,eastmoney_notice
SZSE:300502,新易盛,2026-04-24,年度财务报告,新易盛:2025年度财务决算报告,https://data.eastmoney.com/notices/detail/300502/AN202604231821517595.html,,eastmoney_notice
SZSE:300502,新易盛,2026-04-24,独立董事述职报告,新易盛:2025年度独立董事述职报告(夏常源),https://data.eastmoney.com/notices/detail/300502/AN202604231821517556.html,,eastmoney_notice
SZSE:300502,新易盛,2026-04-24,资金占用,新易盛:上市公司非经营性资金占用及其他关联资金往来情况汇总表,https://data.eastmoney.com/notices/detail/300502/AN202604231821517596.html,,eastmoney_notice
SZSE:300502,新易盛,2026-04-24,其他,新易盛:关于2026年第一季度报告披露的提示性公告,https://data.eastmoney.com/notices/detail/300502/AN202604231821517561.html,earnings,eastmoney_notice
SZSE:300502,新易盛,2026-04-24,审计报告,新易盛:2025年度内部控制审计报告,https://data.eastmoney.com/notices/detail/300502/AN202604231821517564.html,,eastmoney_notice
SZSE:300502,新易盛,2026-04-24,年度报告摘要,新易盛:2025年年度报告摘要,https://data.eastmoney.com/notices/detail/300502/AN202604231821517579.html,earnings,eastmoney_notice
SZSE:300502,新易盛,2026-04-24,审计报告,新易盛:2025年年度审计报告,https://data.eastmoney.com/notices/detail/300502/AN202604231821517599.html,,eastmoney_notice
SZSE:300502,新易盛,2026-04-24,其他,新易盛:关于确认董事、高级管理人员2025年度薪酬及2026年度薪酬方案的公告,https://data.eastmoney.com/notices/detail/300502/AN202604231821517553.html,,eastmoney_notice
SZSE:300502,新易盛,2026-04-24,专项说明/独立意见,新易盛:董事会关于独立董事独立性自查情况的专项意见,https://data.eastmoney.com/notices/detail/300502/AN202604231821517568.html,,eastmoney_notice
SZSE:300502,新易盛,2026-04-24,提供/对外担保公告,新易盛:关于向银行申请综合授信额度并提供担保的公告,https://data.eastmoney.com/notices/detail/300502/AN202604231821517578.html,,eastmoney_notice
SZSE:300502,新易盛,2026-04-24,其他,新易盛:关于2025年年度报告披露的提示性公告,https://data.eastmoney.com/notices/detail/300502/AN202604231821517590.html,earnings,eastmoney_notice
SZSE:300502,新易盛,2026-04-24,社会责任报告,新易盛:2025年社会责任暨环境、社会及管治(ESG)报告,https://data.eastmoney.com/notices/detail/300502/AN202604231821517594.html,,eastmoney_notice
SZSE:300502,新易盛,2026-04-24,独立董事述职报告,新易盛:2025年度独立董事述职报告(杨曼曼),https://data.eastmoney.com/notices/detail/300502/AN202604231821517586.html,,eastmoney_notice
SZSE:300502,新易盛,2026-04-24,分配预案,新易盛:关于2025年度利润分配及资本公积转增股本预案的公告,https://data.eastmoney.com/notices/detail/300502/AN202604231821517582.html,earnings,eastmoney_notice
SZSE:300502,新易盛,2026-04-24,股权激励进展公告,新易盛:关于作废部分限制性股票的公告,https://data.eastmoney.com/notices/detail/300502/AN202604231821517542.html,,eastmoney_notice
SZSE:300502,新易盛,2026-04-24,股权激励进展公告,新易盛:关于2024年限制性股票激励计划首次授予第二期归属条件成就的公告,https://data.eastmoney.com/notices/detail/300502/AN202604231821517546.html,institutional_capital,eastmoney_notice
SZSE:300502,新易盛,2026-04-24,其他,新易盛:2025年度董事会工作报告,https://data.eastmoney.com/notices/detail/300502/AN202604231821517583.html,,eastmoney_notice
SZSE:300502,新易盛,2026-04-24,法律意见书,新易盛:关于公司2024年限制性股票激励计划首次授予第二期归属条件成就及作废部分限制性股票事项的法律意见书,https://data.eastmoney.com/notices/detail/300502/AN202604231821517544.html,institutional_capital,eastmoney_notice
SZSE:300502,新易盛,2026-04-24,召开股东大会通知,新易盛:关于召开2025年度股东会的通知,https://data.eastmoney.com/notices/detail/300502/AN202604231821517550.html,institutional_capital,eastmoney_notice
SZSE:300502,新易盛,2026-04-24,其他,新易盛:关于“质量回报双提升”行动方案的进展公告,https://data.eastmoney.com/notices/detail/300502/AN202604231821517600.html,,eastmoney_notice
SZSE:300502,新易盛,2026-04-24,一季度报告全文,新易盛:2026年一季度报告,https://data.eastmoney.com/notices/detail/300502/AN202604231821517570.html,earnings,eastmoney_notice
SZSE:300502,新易盛,2026-04-24,其他,新易盛:关于会计师事务所2025年度履职情况的评估报告,https://data.eastmoney.com/notices/detail/300502/AN202604231821517549.html,,eastmoney_notice
SZSE:300502,新易盛,2026-04-24,保荐/核查意见,新易盛:关于成都新易盛通信技术股份有限公司非经营性资金占用及其他关联资金往来情况的专项审计说明,https://data.eastmoney.com/notices/detail/300502/AN202604231821517565.html,,eastmoney_notice
SZSE:300502,新易盛,2026-04-13,股东大会决议公告,新易盛:成都新易盛通信技术股份有限公司2026年第一次临时股东会决议公告,https://data.eastmoney.com/notices/detail/300502/AN202604131821159222.html,institutional_capital,eastmoney_notice
SZSE:300502,新易盛,2026-04-13,法律意见书,新易盛:北京国枫律师事务所关于成都新易盛通信技术股份有限公司2026年第一次临时股东大会的法律意见书,https://data.eastmoney.com/notices/detail/300502/AN202604131821159214.html,institutional_capital,eastmoney_notice
SZSE:300502,新易盛,2026-03-28,公司经营范围变更,新易盛:关于调整董事会人数、变更公司注册资本、经营范围暨修改《公司章程》的公告,https://data.eastmoney.com/notices/detail/300502/AN202603271820802388.html,,eastmoney_notice
SZSE:300502,新易盛,2026-03-28,关联交易,新易盛:关于预计2026年并确认2025年日常关联交易情况的公告,https://data.eastmoney.com/notices/detail/300502/AN202603271820802386.html,,eastmoney_notice
SZSE:300502,新易盛,2026-03-28,召开股东大会通知,新易盛:关于召开2026年第一次临时股东会的通知,https://data.eastmoney.com/notices/detail/300502/AN202603271820802379.html,institutional_capital,eastmoney_notice
SZSE:300502,新易盛,2026-03-28,公司章程,新易盛:成都新易盛通信技术股份有限公司章程(2026年3月),https://data.eastmoney.com/notices/detail/300502/AN202603271820802384.html,,eastmoney_notice
SZSE:300502,新易盛,2026-03-28,高管人员任职变动,新易盛:关于选举产生第五届董事会职工代表董事的公告,https://data.eastmoney.com/notices/detail/300502/AN202603271820802382.html,,eastmoney_notice
SZSE:300502,新易盛,2026-03-28,董事会决议公告,新易盛:第五届董事会第十二次会议决议公告,https://data.eastmoney.com/notices/detail/300502/AN202603271820802376.html,,eastmoney_notice
SZSE:300502,新易盛,2026-01-30,业绩预告,新易盛:2025年度业绩预告,https://data.eastmoney.com/notices/detail/300502/AN202601301818600253.html,earnings,eastmoney_notice
SZSE:300502,新易盛,2025-12-22,限售股份上市流通,新易盛:关于2024年限制性股票激励计划首次授予第一期第二批次归属结果暨股份上市的公告,https://data.eastmoney.com/notices/detail/300502/AN202512221805869171.html,institutional_capital,eastmoney_notice
SZSE:300502,新易盛,2025-10-30,调研活动,新易盛:300502新易盛投资者关系管理信息20251029,https://data.eastmoney.com/notices/detail/300502/AN202510301771970717.html,investor_relations,eastmoney_notice
SZSE:300502,新易盛,2025-10-30,三季度报告全文,新易盛:2025年三季度报告,https://data.eastmoney.com/notices/detail/300502/AN202510291771333527.html,earnings,eastmoney_notice
SZSE:300502,新易盛,2025-10-30,其他,新易盛:关于2025年第三季度报告披露的提示性公告,https://data.eastmoney.com/notices/detail/300502/AN202510291771333504.html,earnings,eastmoney_notice
SZSE:300502,新易盛,2025-10-30,董事会决议公告,新易盛:第五届董事会第十一次会议决议公告,https://data.eastmoney.com/notices/detail/300502/AN202510291771333502.html,,eastmoney_notice
SZSE:300502,新易盛,2025-10-21,权益变动报告书,新易盛:关于股东询价转让结果报告书暨控股股东权益变动触及1%整数倍的提示性公告,https://data.eastmoney.com/notices/detail/300502/AN202510211766363508.html,institutional_capital,eastmoney_notice
SZSE:300502,新易盛,2025-10-21,保荐/核查意见,新易盛:中国国际金融股份有限公司关于成都新易盛通信技术股份有限公司股东向特定机构投资者询价转让股份的核查报告,https://data.eastmoney.com/notices/detail/300502/AN202510211766363507.html,institutional_capital,eastmoney_notice
SZSE:300502,新易盛,2025-10-09,询价转让定价情况提示性公告,新易盛:股东询价转让定价情况提示性公告,https://data.eastmoney.com/notices/detail/300502/AN202510091758988422.html,institutional_capital,eastmoney_notice
SZSE:300502,新易盛,2025-09-30,询价转让计划书,新易盛:成都新易盛通信技术股份有限公司股东询价转让计划书,https://data.eastmoney.com/notices/detail/300502/AN202509301753505371.html,institutional_capital,eastmoney_notice
SZSE:300502,新易盛,2025-09-30,询价转让核查报告/意见,新易盛:中国国际金融股份有限公司关于成都新易盛通信技术股份有限公司股东向特定机构投资者询价转让股份相关资格的核查意见,https://data.eastmoney.com/notices/detail/300502/AN202509301753505374.html,institutional_capital,eastmoney_notice
SZSE:300502,新易盛,2025-09-13,调研活动,新易盛:300502新易盛投资者关系管理信息20250912,https://data.eastmoney.com/notices/detail/300502/AN202509141743551581.html,investor_relations,eastmoney_notice
SZSE:300502,新易盛,2025-09-11,法律意见书,新易盛:北京国枫律师事务所关于成都新易盛通信技术股份有限公司2025年第一次临时股东大会的法律意见书,https://data.eastmoney.com/notices/detail/300502/AN202509111741846032.html,institutional_capital,eastmoney_notice
SZSE:300502,新易盛,2025-09-11,股东大会决议公告,新易盛:成都新易盛通信技术股份有限公司2025年第一次临时股东大会决议公告,https://data.eastmoney.com/notices/detail/300502/AN202509111741846029.html,institutional_capital,eastmoney_notice
SZSE:300502,新易盛,2025-09-11,高管人员任职变动,新易盛:第五届董事会第十次会议决议公告,https://data.eastmoney.com/notices/detail/300502/AN202509111741846031.html,,eastmoney_notice
SZSE:300502,新易盛,2025-09-09,限售股份上市流通,新易盛:关于2024年限制性股票激励计划预留授予第一期归属结果暨股份上市的公告,https://data.eastmoney.com/notices/detail/300502/AN202509091740791220.html,institutional_capital,eastmoney_notice
SZSE:300502,新易盛,2025-09-05,调研活动,新易盛:关于参加举办四川辖区2025年投资者网上集体接待日及半年度报告业绩说明会的公告,https://data.eastmoney.com/notices/detail/300502/AN202509051739220456.html,"investor_relations,earnings",eastmoney_notice
SZSE:300502,新易盛,2025-08-26,调研活动,新易盛:300502新易盛投资者关系管理信息20250826,https://data.eastmoney.com/notices/detail/300502/AN202508261734934443.html,investor_relations,eastmoney_notice
SZSE:300502,新易盛,2025-08-26,其他,新易盛:关于2025年半年度报告披露的提示性公告,https://data.eastmoney.com/notices/detail/300502/AN202508251734327773.html,earnings,eastmoney_notice
SZSE:300502,新易盛,2025-08-26,管理办法/制度,新易盛:内幕信息知情人登记制度,https://data.eastmoney.com/notices/detail/300502/AN202508251734326546.html,,eastmoney_notice
SZSE:300502,新易盛,2025-08-26,半年度报告全文,新易盛:2025年半年度报告,https://data.eastmoney.com/notices/detail/300502/AN202508251734326555.html,earnings,eastmoney_notice
SZSE:300502,新易盛,2025-08-26,管理办法/制度,新易盛:防范大股东及其关联人资金占用管理制度,https://data.eastmoney.com/notices/detail/300502/AN202508251734326541.html,institutional_capital,eastmoney_notice
SZSE:300502,新易盛,2025-08-26,管理办法/制度,新易盛:规范与关联方资金往来制度,https://data.eastmoney.com/notices/detail/300502/AN202508251734326550.html,,eastmoney_notice
SZSE:300502,新易盛,2025-08-26,管理办法/制度,新易盛:重大经营与投资决策管理制度,https://data.eastmoney.com/notices/detail/300502/AN202508251734326544.html,,eastmoney_notice
SZSE:300502,新易盛,2025-08-26,其他,新易盛:开展外汇套期保值业务的可行性分析报告,https://data.eastmoney.com/notices/detail/300502/AN202508251734326537.html,,eastmoney_notice
SZSE:300502,新易盛,2025-08-26,管理办法/制度,新易盛:关联交易管理制度,https://data.eastmoney.com/notices/detail/300502/AN202508251734326549.html,,eastmoney_notice
SZSE:300502,新易盛,2025-08-26,管理办法/制度,新易盛:内部审计制度,https://data.eastmoney.com/notices/detail/300502/AN202508251734327775.html,,eastmoney_notice
SZSE:300502,新易盛,2025-08-26,管理办法/制度,新易盛:突发事件处理制度,https://data.eastmoney.com/notices/detail/300502/AN202508251734327766.html,,eastmoney_notice
SZSE:300502,新易盛,2025-08-26,公司章程,新易盛:成都新易盛通信技术股份有限公司章程(2025年8月),https://data.eastmoney.com/notices/detail/300502/AN202508251734326543.html,,eastmoney_notice
SZSE:300502,新易盛,2025-08-26,半年度报告摘要,新易盛:2025年半年度报告摘要,https://data.eastmoney.com/notices/detail/300502/AN202508251734327769.html,earnings,eastmoney_notice
SZSE:300502,新易盛,2025-08-26,召开股东大会通知,新易盛:关于召开2025年第一次临时股东大会通知,https://data.eastmoney.com/notices/detail/300502/AN202508251734326556.html,institutional_capital,eastmoney_notice
SZSE:300502,新易盛,2025-08-26,股权激励进展公告,新易盛:关于2024年限制性股票激励计划预留授予第一期归属条件成就的公告,https://data.eastmoney.com/notices/detail/300502/AN202508251734327779.html,institutional_capital,eastmoney_notice
SZSE:300502,新易盛,2025-08-26,管理办法/制度,新易盛:募集资金管理制度,https://data.eastmoney.com/notices/detail/300502/AN202508251734327761.html,,eastmoney_notice
SZSE:300502,新易盛,2025-08-26,议事规则/实施细则,新易盛:董事会秘书工作细则,https://data.eastmoney.com/notices/detail/300502/AN202508251734326548.html,,eastmoney_notice
SZSE:300502,新易盛,2025-08-26,议事规则/实施细则,新易盛:董事会议事规则,https://data.eastmoney.com/notices/detail/300502/AN202508251734327777.html,,eastmoney_notice
SZSE:300502,新易盛,2025-08-26,监事会决议公告,新易盛:监事会决议公告,https://data.eastmoney.com/notices/detail/300502/AN202508251734326547.html,,eastmoney_notice
SZSE:300502,新易盛,2025-08-26,专项说明/独立意见,新易盛:监事会关于2024年限制性股票激励计划预留授予第一期可归属激励对象名单的核查意见,https://data.eastmoney.com/notices/detail/300502/AN202508251734327767.html,institutional_capital,eastmoney_notice
SZSE:300502,新易盛,2025-08-26,议事规则/实施细则,新易盛:股东会议事规则,https://data.eastmoney.com/notices/detail/300502/AN202508251734327774.html,institutional_capital,eastmoney_notice
SZSE:300502,新易盛,2025-08-26,董事会决议公告,新易盛:董事会决议公告,https://data.eastmoney.com/notices/detail/300502/AN202508251734327763.html,,eastmoney_notice
SZSE:300502,新易盛,2025-08-26,其他,新易盛:关于增加向关联方采购商品的日常交易预计金额的公告,https://data.eastmoney.com/notices/detail/300502/AN202508251734327772.html,order_contract,eastmoney_notice
SZSE:300502,新易盛,2025-08-26,议事规则/实施细则,新易盛:总经理工作细则,https://data.eastmoney.com/notices/detail/300502/AN202508251734327771.html,,eastmoney_notice
SZSE:300502,新易盛,2025-08-26,议事规则/实施细则,新易盛:董事会审计委员会工作细则,https://data.eastmoney.com/notices/detail/300502/AN202508251734327757.html,,eastmoney_notice
SZSE:300502,新易盛,2025-08-26,公司注册资本变更,新易盛:关于变更公司注册资本及修改《公司章程》以及制定、修订公司部分治理制度的公告,https://data.eastmoney.com/notices/detail/300502/AN202508251734327758.html,,eastmoney_notice
SZSE:300502,新易盛,2025-08-26,管理办法/制度,新易盛:对外信息报送及使用管理制度,https://data.eastmoney.com/notices/detail/300502/AN202508251734327778.html,,eastmoney_notice
SZSE:300502,新易盛,2025-08-26,管理办法/制度,新易盛:融资与对外担保管理制度,https://data.eastmoney.com/notices/detail/300502/AN202508251734327760.html,,eastmoney_notice
SZSE:300502,新易盛,2025-08-26,议事规则/实施细则,新易盛:董事会提名委员会工作细则,https://data.eastmoney.com/notices/detail/300502/AN202508251734326538.html,,eastmoney_notice
SZSE:300502,新易盛,2025-08-26,管理办法/制度,新易盛:年报信息披露重大差错责任追究制度,https://data.eastmoney.com/notices/detail/300502/AN202508251734326536.html,earnings,eastmoney_notice
SZSE:300502,新易盛,2025-08-26,管理办法/制度,新易盛:信息披露暂缓与豁免管理制度,https://data.eastmoney.com/notices/detail/300502/AN202508251734327764.html,,eastmoney_notice
SZSE:300502,新易盛,2025-08-26,管理办法/制度,新易盛:重大信息内部报告制度,https://data.eastmoney.com/notices/detail/300502/AN202508251734327776.html,,eastmoney_notice
SZSE:300502,新易盛,2025-08-26,保荐/核查意见,新易盛:上海荣正企业咨询服务(集团)股份有限公司关于成都新易盛通信技术股份有限公司2024年限制性股票激励计划预留授予第一期归属条件成就相关事项之独立财务顾问报告,https://data.eastmoney.com/notices/detail/300502/AN202508251734327759.html,institutional_capital,eastmoney_notice
SZSE:300502,新易盛,2025-08-26,管理办法/制度,新易盛:投资者关系管理制度,https://data.eastmoney.com/notices/detail/300502/AN202508251734326542.html,investor_relations,eastmoney_notice
SZSE:300502,新易盛,2025-08-26,管理办法/制度,新易盛:信息披露事务管理制度,https://data.eastmoney.com/notices/detail/300502/AN202508251734326551.html,,eastmoney_notice
SZSE:300502,新易盛,2025-08-26,管理办法/制度,新易盛:财务管理制度,https://data.eastmoney.com/notices/detail/300502/AN202508251734326553.html,,eastmoney_notice
SZSE:300502,新易盛,2025-08-26,审计机构变更,新易盛:关于拟续聘2025年度会计师事务所的公告,https://data.eastmoney.com/notices/detail/300502/AN202508251734327762.html,,eastmoney_notice
SZSE:300502,新易盛,2025-08-26,法律意见书,新易盛:北京国枫律师事务所关于成都新易盛通信技术股份有限公司2024年限制性股票激励计划预留授予第一期归属条件成就的法律意见书,https://data.eastmoney.com/notices/detail/300502/AN202508251734326535.html,institutional_capital,eastmoney_notice
SZSE:300502,新易盛,2025-08-26,其他,新易盛:关于“质量回报双提升”行动方案的进展公告,https://data.eastmoney.com/notices/detail/300502/AN202508251734326545.html,,eastmoney_notice
SZSE:300502,新易盛,2025-08-26,议事规则/实施细则,新易盛:董事会薪酬与考核委员会工作细则,https://data.eastmoney.com/notices/detail/300502/AN202508251734327768.html,,eastmoney_notice
SZSE:300502,新易盛,2025-08-26,管理办法/制度,新易盛:董事、高级管理人员离职管理制度,https://data.eastmoney.com/notices/detail/300502/AN202508251734327770.html,,eastmoney_notice
SZSE:300502,新易盛,2025-08-26,管理办法/制度,新易盛:投资者来访管理制度,https://data.eastmoney.com/notices/detail/300502/AN202508251734327765.html,,eastmoney_notice
SZSE:300502,新易盛,2025-08-26,管理办法/制度,新易盛:分子公司管理制度,https://data.eastmoney.com/notices/detail/300502/AN202508251734326540.html,,eastmoney_notice
SZSE:300502,新易盛,2025-08-26,议事规则/实施细则,新易盛:董事会战略委员会工作细则,https://data.eastmoney.com/notices/detail/300502/AN202508251734326552.html,,eastmoney_notice
SZSE:300502,新易盛,2025-08-26,其他,新易盛:关于继续开展外汇套期保值业务的公告,https://data.eastmoney.com/notices/detail/300502/AN202508251734326539.html,,eastmoney_notice
SZSE:300502,新易盛,2025-08-26,议事规则/实施细则,新易盛:独立董事工作细则,https://data.eastmoney.com/notices/detail/300502/AN202508251734326554.html,,eastmoney_notice
SZSE:300502,新易盛,2025-07-17,股票交易异常波动,新易盛:关于公司股价异动的公告,https://data.eastmoney.com/notices/detail/300502/AN202507171710661212.html,,eastmoney_notice
SZSE:300502,新易盛,2025-07-16,调研活动,新易盛:300502新易盛投资者关系管理信息20250716,https://data.eastmoney.com/notices/detail/300502/AN202507161710102617.html,investor_relations,eastmoney_notice
SZSE:300502,新易盛,2025-07-15,业绩预告,新易盛:2025年半年度业绩预告,https://data.eastmoney.com/notices/detail/300502/AN202507141708777457.html,earnings,eastmoney_notice
SZSE:300502,新易盛,2025-07-01,限售股份上市流通,新易盛:关于2024年限制性股票激励计划首次授予第一期第一批次归属结果暨股份上市的公告,https://data.eastmoney.com/notices/detail/300502/AN202507011701031547.html,institutional_capital,eastmoney_notice
SZSE:300502,新易盛,2025-06-20,股东/实际控制人股份减持,新易盛:关于公司高级管理人员、监事减持计划实施完毕的公告,https://data.eastmoney.com/notices/detail/300502/AN202506201694509371.html,institutional_capital,eastmoney_notice
SZSE:300502,新易盛,2025-06-11,限售股份上市流通,新易盛:关于2022年限制性股票激励计划第二期解除限售股份上市流通的提示性公告,https://data.eastmoney.com/notices/detail/300502/AN202506101688345142.html,institutional_capital,eastmoney_notice
SZSE:300502,新易盛,2025-06-06,股权激励行权价（数量）调整,新易盛:关于调整2024年限制性股票激励计划首次及预留授予限制性股票授予价格及权益数量的公告,https://data.eastmoney.com/notices/detail/300502/AN202506061685965469.html,institutional_capital,eastmoney_notice
SZSE:300502,新易盛,2025-06-06,法律意见书,新易盛:成都新易盛通信技术股份有限公司调整2024年限制性股票激励计划首次及预留授予价格及权益数量的法律意见书,https://data.eastmoney.com/notices/detail/300502/AN202506061685965471.html,institutional_capital,eastmoney_notice
SZSE:300502,新易盛,2025-06-06,董事会决议公告,新易盛:第五届董事会第八次会议决议公告,https://data.eastmoney.com/notices/detail/300502/AN202506061685965470.html,,eastmoney_notice
SZSE:300502,新易盛,2025-06-06,监事会决议公告,新易盛:第五届监事会第八次会议决议公告,https://data.eastmoney.com/notices/detail/300502/AN202506061685965476.html,,eastmoney_notice
SZSE:300548,长芯博创,2026-05-28,限售股份上市流通,长芯博创:长芯博创科技股份有限公司关于2024年限制性股票激励计划预留授予部分第一个归属期第二批次及首次授予部分第二个归属期归属结果暨股份上市的公告,https://data.eastmoney.com/notices/detail/300548/AN202605281822951782.html,institutional_capital,eastmoney_notice
SZSE:300548,长芯博创,2026-05-28,法律意见书,长芯博创:北京市中伦律师事务所关于长芯博创科技股份有限公司2025年年度股东会的法律意见书,https://data.eastmoney.com/notices/detail/300548/AN202605281822948902.html,institutional_capital,eastmoney_notice
SZSE:300548,长芯博创,2026-05-28,分配方案决议公告,长芯博创:长芯博创科技股份有限公司2025年年度股东会决议公告,https://data.eastmoney.com/notices/detail/300548/AN202605281822948903.html,institutional_capital,eastmoney_notice
SZSE:300548,长芯博创,2026-05-22,股东/实际控制人股份减持,长芯博创:长芯博创科技股份有限公司关于持股5%以上股东减持股份预披露公告,https://data.eastmoney.com/notices/detail/300548/AN202605221822691923.html,institutional_capital,eastmoney_notice
SZSE:300548,长芯博创,2026-05-20,关联交易,长芯博创:长芯博创科技股份有限公司关于与专业投资机构共同投资暨关联交易的进展公告,https://data.eastmoney.com/notices/detail/300548/AN202605201822493473.html,,eastmoney_notice
SZSE:300548,长芯博创,2026-05-15,股权激励进展公告,长芯博创:长芯博创科技股份有限公司关于2021年股票期权激励计划首次授予股票期权第四个行权期采取自主行权模式的提示性公告,https://data.eastmoney.com/notices/detail/300548/AN202605151822353843.html,institutional_capital,eastmoney_notice
SZSE:300548,长芯博创,2026-05-08,召开股东大会通知,长芯博创:长芯博创科技股份有限公司关于召开2025年年度股东会的通知,https://data.eastmoney.com/notices/detail/300548/AN202605071822034741.html,institutional_capital,eastmoney_notice
SZSE:300548,长芯博创,2026-05-08,董事会决议公告,长芯博创:长芯博创科技股份有限公司第六届董事会第二十七次会议决议公告,https://data.eastmoney.com/notices/detail/300548/AN202605071822034728.html,,eastmoney_notice
SZSE:300548,长芯博创,2026-05-08,股权激励进展公告,长芯博创:长芯博创科技股份有限公司关于2024年限制性股票激励计划首次授予第二个归属期符合归属条件的公告,https://data.eastmoney.com/notices/detail/300548/AN202605071822034735.html,institutional_capital,eastmoney_notice
SZSE:300548,长芯博创,2026-05-08,专项说明/独立意见,长芯博创:长芯博创科技股份有限公司董事会薪酬与考核委员会关于2024年限制性股票激励计划相关事项的核查意见,https://data.eastmoney.com/notices/detail/300548/AN202605071822034733.html,institutional_capital,eastmoney_notice
SZSE:300548,长芯博创,2026-05-08,股权激励进展公告,长芯博创:长芯博创科技股份有限公司关于部分股票期权注销完成的公告,https://data.eastmoney.com/notices/detail/300548/AN202605071822034726.html,,eastmoney_notice
SZSE:300548,长芯博创,2026-05-08,公司章程修订,长芯博创:长芯博创科技股份有限公司章程修正案,https://data.eastmoney.com/notices/detail/300548/AN202605071822034734.html,,eastmoney_notice
SZSE:300548,长芯博创,2026-05-08,公司注册资本变更,长芯博创:长芯博创科技股份有限公司关于拟变更公司股份总数、注册资本暨修订公司章程的公告,https://data.eastmoney.com/notices/detail/300548/AN202605071822034722.html,,eastmoney_notice
SZSE:300548,长芯博创,2026-05-08,股权激励进展公告,长芯博创:长芯博创科技股份有限公司关于作废部分已授予尚未归属的限制性股票的公告,https://data.eastmoney.com/notices/detail/300548/AN202605071822034727.html,,eastmoney_notice
SZSE:300548,长芯博创,2026-05-08,法律意见书,长芯博创:北京市中伦律师事务所关于长芯博创科技股份有限公司2024年限制性股票激励计划首次授予部分第二个归属期归属条件成就及部分限制性股票作废事项的法律意见书,https://data.eastmoney.com/notices/detail/300548/AN202605071822034656.html,institutional_capital,eastmoney_notice
SZSE:300548,长芯博创,2026-05-08,审计报告,长芯博创:长芯盛(武汉)科技股份有限公司2025年审计报告,https://data.eastmoney.com/notices/detail/300548/AN202605071822034654.html,,eastmoney_notice
SZSE:300548,长芯博创,2026-04-29,一季度报告全文,长芯博创:2026年一季度报告,https://data.eastmoney.com/notices/detail/300548/AN202604281821695234.html,earnings,eastmoney_notice
SZSE:300548,长芯博创,2026-04-29,股权激励进展公告,长芯博创:长芯博创科技股份有限公司关于2021年股票期权激励计划首次授予第四期条件成就的公告,https://data.eastmoney.com/notices/detail/300548/AN202604281821695241.html,institutional_capital,eastmoney_notice
SZSE:300548,长芯博创,2026-04-29,股权激励进展公告,长芯博创:长芯博创科技股份有限公司关于注销部分股票期权的公告,https://data.eastmoney.com/notices/detail/300548/AN202604281821695239.html,,eastmoney_notice
SZSE:300548,长芯博创,2026-04-29,专项说明/独立意见,长芯博创:长芯博创科技股份有限公司董事会薪酬与考核委员会关于2021年股票期权激励计划相关事项的核查意见,https://data.eastmoney.com/notices/detail/300548/AN202604281821695243.html,institutional_capital,eastmoney_notice
SZSE:300548,长芯博创,2026-04-29,收购出售资产/股权,长芯博创:长芯博创科技股份有限公司关于收购控股子公司少数股东股份暨与关联方共同投资的公告,https://data.eastmoney.com/notices/detail/300548/AN202604281821695242.html,institutional_capital,eastmoney_notice
SZSE:300548,长芯博创,2026-04-29,董事会决议公告,长芯博创:长芯博创科技股份有限公司第六届董事会第二十六次会议决议公告,https://data.eastmoney.com/notices/detail/300548/AN202604281821695232.html,,eastmoney_notice
SZSE:300548,长芯博创,2026-04-29,法律意见书,长芯博创:国浩律师(北京)事务所关于长芯博创科技股份有限公司2021年股票期权激励计划首次授予第四期条件成就及注销部分股票期权事项的法律意见书,https://data.eastmoney.com/notices/detail/300548/AN202604281821695237.html,institutional_capital,eastmoney_notice
SZSE:300548,长芯博创,2026-04-17,收购出售资产/股权,长芯博创:长芯博创科技股份有限公司关于终止股权收购意向书的公告,https://data.eastmoney.com/notices/detail/300548/AN202604171821297247.html,risk,eastmoney_notice
SZSE:300548,长芯博创,2026-04-15,调研活动,长芯博创:长芯博创2025年度业绩说明会,https://data.eastmoney.com/notices/detail/300548/AN202604151821240382.html,investor_relations,eastmoney_notice
SZSE:300548,长芯博创,2026-04-13,股东/实际控制人股份减持,长芯博创:长芯博创科技股份有限公司关于特定股东股份减持完成的公告,https://data.eastmoney.com/notices/detail/300548/AN202604131821157286.html,institutional_capital,eastmoney_notice
SZSE:300548,长芯博创,2026-04-09,股票交易异常波动,长芯博创:长芯博创科技股份有限公司关于股票交易异常波动的公告,https://data.eastmoney.com/notices/detail/300548/AN202604091821096897.html,,eastmoney_notice
SZSE:300548,长芯博创,2026-04-07,股东/实际控制人股份减持,长芯博创:长芯博创科技股份有限公司关于持股5%以上股东股份减持完成的公告,https://data.eastmoney.com/notices/detail/300548/AN202604071821047485.html,institutional_capital,eastmoney_notice
SZSE:300548,长芯博创,2026-04-07,其他,长芯博创:长芯博创科技股份有限公司关于举办网上2025年度业绩说明会的公告,https://data.eastmoney.com/notices/detail/300548/AN202604071821047479.html,investor_relations,eastmoney_notice
SZSE:300548,长芯博创,2026-04-07,股权激励进展公告,长芯博创:长芯博创科技股份有限公司关于部分股票期权注销完成的公告,https://data.eastmoney.com/notices/detail/300548/AN202604071821047474.html,,eastmoney_notice
SZSE:300548,长芯博创,2026-03-28,管理办法/制度,长芯博创:市值管理制度(2026年3月制定),https://data.eastmoney.com/notices/detail/300548/AN202603271820812125.html,,eastmoney_notice
SZSE:300548,长芯博创,2026-03-28,其他,长芯博创:长芯博创科技股份有限公司关于2026年度董事及高级管理人员薪酬方案的公告,https://data.eastmoney.com/notices/detail/300548/AN202603271820812108.html,,eastmoney_notice
SZSE:300548,长芯博创,2026-03-28,资金占用,长芯博创:非经营性资金占用及其他关联资金往来情况汇总表,https://data.eastmoney.com/notices/detail/300548/AN202603271820812131.html,,eastmoney_notice
SZSE:300548,长芯博创,2026-03-28,年度报告摘要,长芯博创:2025年年度报告摘要,https://data.eastmoney.com/notices/detail/300548/AN202603271820812099.html,earnings,eastmoney_notice
SZSE:300548,长芯博创,2026-03-28,其他增发事项公告,长芯博创:长芯博创科技股份有限公司关于提请股东会授权董事会办理以简易程序向特定对象发行股票的公告,https://data.eastmoney.com/notices/detail/300548/AN202603271820812121.html,institutional_capital,eastmoney_notice
SZSE:300548,长芯博创,2026-03-28,股权激励进展公告,长芯博创:长芯博创科技股份有限公司关于注销部分股票期权的公告,https://data.eastmoney.com/notices/detail/300548/AN202603271820812106.html,,eastmoney_notice
SZSE:300548,长芯博创,2026-03-28,年度报告全文,长芯博创:2025年年度报告,https://data.eastmoney.com/notices/detail/300548/AN202603271820812105.html,earnings,eastmoney_notice
SZSE:300548,长芯博创,2026-03-28,管理办法/制度,长芯博创:董事及高级管理人员薪酬管理制度(2026年3月修订),https://data.eastmoney.com/notices/detail/300548/AN202603271820812130.html,,eastmoney_notice
SZSE:300548,长芯博创,2026-03-28,保荐/核查意见,长芯博创:国泰海通证券股份有限公司关于长芯博创科技股份有限公司2025年度持续督导跟踪报告,https://data.eastmoney.com/notices/detail/300548/AN202603271820812126.html,,eastmoney_notice
SZSE:300548,长芯博创,2026-03-28,审计报告,长芯博创:2025年年度审计报告,https://data.eastmoney.com/notices/detail/300548/AN202603271820812112.html,,eastmoney_notice
SZSE:300548,长芯博创,2026-03-28,其他,长芯博创:长芯博创科技股份有限公司关于2025年度计提资产减值准备的公告,https://data.eastmoney.com/notices/detail/300548/AN202603271820812104.html,,eastmoney_notice
SZSE:300548,长芯博创,2026-03-28,其他,长芯博创:长芯博创科技股份有限公司关于为董事和高级管理人员购买责任保险的公告,https://data.eastmoney.com/notices/detail/300548/AN202603271820812119.html,,eastmoney_notice
SZSE:300548,长芯博创,2026-03-28,内部控制报告,长芯博创:长芯博创科技股份有限公司2025年度内部控制自我评价报告,https://data.eastmoney.com/notices/detail/300548/AN202603271820812116.html,,eastmoney_notice
SZSE:300548,长芯博创,2026-03-28,独立董事述职报告,长芯博创:长芯博创科技股份有限公司独立董事2025年度述职报告(胡立君),https://data.eastmoney.com/notices/detail/300548/AN202603271820812129.html,,eastmoney_notice
SZSE:300548,长芯博创,2026-03-28,自查报告,长芯博创:长芯博创科技股份有限公司董事会关于独立董事独立性自查情况的专项报告,https://data.eastmoney.com/notices/detail/300548/AN202603271820812127.html,,eastmoney_notice
SZSE:300548,长芯博创,2026-03-28,ESG公告,长芯博创:长芯博创科技股份有限公司2025年度可持续发展报告,https://data.eastmoney.com/notices/detail/300548/AN202603271820812101.html,,eastmoney_notice
SZSE:300548,长芯博创,2026-03-28,保荐/核查意见,长芯博创:国泰海通证券股份有限公司关于长芯博创科技股份有限公司2025年度持续督导工作现场检查报告,https://data.eastmoney.com/notices/detail/300548/AN202603271820812100.html,,eastmoney_notice
SZSE:300548,长芯博创,2026-03-28,保荐/核查意见,长芯博创:国泰海通证券股份有限公司关于长芯博创科技股份有限公司2025年度内部控制自我评价报告的核查意见,https://data.eastmoney.com/notices/detail/300548/AN202603271820812103.html,,eastmoney_notice
SZSE:300548,长芯博创,2026-03-28,保荐/核查意见,长芯博创:关于长芯博创科技股份有限公司2025年度非经营性资金占用及其他关联资金往来情况的专项报告毕马威华振专字第2601923号,https://data.eastmoney.com/notices/detail/300548/AN202603271820812128.html,,eastmoney_notice
SZSE:300548,长芯博创,2026-03-28,法律意见书,长芯博创:国浩律师(北京)事务所关于长芯博创科技股份有限公司2021年股票期权激励计划注销部分股票期权事项的法律意见书,https://data.eastmoney.com/notices/detail/300548/AN202603271820812098.html,institutional_capital,eastmoney_notice
SZSE:300548,长芯博创,2026-03-28,保荐/核查意见,长芯博创:长芯博创科技股份有限公司募集资金2025年度存放与使用情况专项报告的鉴证报告毕马威华振专字第2601922号,https://data.eastmoney.com/notices/detail/300548/AN202603271820812111.html,,eastmoney_notice
SZSE:300548,长芯博创,2026-03-28,保荐/核查意见,长芯博创:国泰海通证券股份有限公司关于长芯博创科技股份有限公司2025年度持续督导培训情况报告,https://data.eastmoney.com/notices/detail/300548/AN202603271820812095.html,,eastmoney_notice
SZSE:300548,长芯博创,2026-03-28,审计报告,长芯博创:关于长芯博创科技股份有限公司内部控制审计报告毕马威华振审字第2607552号,https://data.eastmoney.com/notices/detail/300548/AN202603271820812123.html,,eastmoney_notice
SZSE:300548,长芯博创,2026-03-28,独立董事述职报告,长芯博创:长芯博创科技股份有限公司独立董事2025年度述职报告(田宏),https://data.eastmoney.com/notices/detail/300548/AN202603271820812096.html,,eastmoney_notice
SZSE:300548,长芯博创,2026-03-28,其他,长芯博创:长芯博创科技股份有限公司董事会关于毕马威华振会计师事务所(特殊普通合伙)2025年度履职情况评估报告,https://data.eastmoney.com/notices/detail/300548/AN202603271820812102.html,,eastmoney_notice
SZSE:300548,长芯博创,2026-03-28,分配预案,长芯博创:长芯博创科技股份有限公司关于2025年度利润分配预案的公告,https://data.eastmoney.com/notices/detail/300548/AN202603271820812120.html,earnings,eastmoney_notice
SZSE:300548,长芯博创,2026-03-28,保荐/核查意见,长芯博创:国泰海通证券股份有限公司关于长芯博创科技股份有限公司2025年度募集资金存放与使用情况的专项核查意见,https://data.eastmoney.com/notices/detail/300548/AN202603271820812097.html,,eastmoney_notice
SZSE:300548,长芯博创,2026-03-28,委托（受托）事项,长芯博创:长芯博创科技股份有限公司关于使用闲置自有资金进行委托理财的公告,https://data.eastmoney.com/notices/detail/300548/AN202603271820812114.html,,eastmoney_notice
SZSE:300548,长芯博创,2026-03-28,提供/对外担保公告,长芯博创:长芯博创科技股份有限公司关于控股子公司为下属公司提供担保的公告,https://data.eastmoney.com/notices/detail/300548/AN202603271820812118.html,,eastmoney_notice
SZSE:300548,长芯博创,2026-03-28,其他,长芯博创:长芯博创科技股份有限公司2025年度董事会工作报告,https://data.eastmoney.com/notices/detail/300548/AN202603271820812115.html,,eastmoney_notice
SZSE:300548,长芯博创,2026-03-28,分配预案,长芯博创:长芯博创科技股份有限公司第六届董事会第二十五次会议决议公告,https://data.eastmoney.com/notices/detail/300548/AN202603271820812117.html,,eastmoney_notice
SZSE:300548,长芯博创,2026-03-28,独立董事述职报告,长芯博创:长芯博创科技股份有限公司独立董事2025年度述职报告(李璐),https://data.eastmoney.com/notices/detail/300548/AN202603271820812124.html,,eastmoney_notice
SZSE:300548,长芯博创,2026-03-28,募集资金使用情况报告,长芯博创:长芯博创科技股份有限公司关于募集资金2025年度存放与使用情况专项报告,https://data.eastmoney.com/notices/detail/300548/AN202603271820812107.html,,eastmoney_notice
SZSE:300548,长芯博创,2026-03-28,专项说明/独立意见,长芯博创:长芯博创科技股份有限公司董事会薪酬与考核委员会关于2021年股票期权激励计划注销部分股票期权的核查意见,https://data.eastmoney.com/notices/detail/300548/AN202603271820812110.html,institutional_capital,eastmoney_notice
SZSE:300548,长芯博创,2026-03-28,其他,长芯博创:长芯博创科技股份有限公司董事会审计委员会对毕马威华振会计师事务所(特殊普通合伙)2025年度履行监督职责情况报告,https://data.eastmoney.com/notices/detail/300548/AN202603271820812122.html,,eastmoney_notice
SZSE:300548,长芯博创,2026-03-28,保荐/核查意见,长芯博创:国泰海通证券股份有限公司关于长芯博创科技股份有限公司向特定对象发行证券之保荐总结报告书,https://data.eastmoney.com/notices/detail/300548/AN202603271820812113.html,,eastmoney_notice
SZSE:300548,长芯博创,2026-03-18,股东/实际控制人股份减持,长芯博创:长芯博创科技股份有限公司关于特定股东减持股份预披露公告,https://data.eastmoney.com/notices/detail/300548/AN202603181820625987.html,institutional_capital,eastmoney_notice
SZSE:300548,长芯博创,2026-02-24,收购出售资产/股权,长芯博创:长芯博创科技股份有限公司关于签署股权收购意向书的公告,https://data.eastmoney.com/notices/detail/300548/AN202602241819999449.html,,eastmoney_notice
SZSE:300548,长芯博创,2026-02-09,股东/实际控制人股份减持,长芯博创:长芯博创科技股份有限公司关于持股5%以上股东股份变动触及1%整数倍的公告,https://data.eastmoney.com/notices/detail/300548/AN202602091819839865.html,institutional_capital,eastmoney_notice
SZSE:300548,长芯博创,2026-02-05,股权转让,长芯博创:长芯博创科技股份有限公司关于持股5%以上股东终止协议转让的公告,https://data.eastmoney.com/notices/detail/300548/AN202602051819789317.html,"institutional_capital,risk",eastmoney_notice
SZSE:300548,长芯博创,2026-02-05,股东/实际控制人股份减持,长芯博创:长芯博创科技股份有限公司关于持股5%以上股东股份变动触及1%整数倍的公告,https://data.eastmoney.com/notices/detail/300548/AN202602051819789318.html,institutional_capital,eastmoney_notice
SZSE:300548,长芯博创,2026-01-30,股东/实际控制人股份减持,长芯博创:长芯博创科技股份有限公司关于高级管理人员减持完成的公告,https://data.eastmoney.com/notices/detail/300548/AN202601301818584292.html,institutional_capital,eastmoney_notice
SZSE:300548,长芯博创,2026-01-27,股东/实际控制人股份减持,长芯博创:长芯博创科技股份有限公司关于特定股东股份减持完成的公告,https://data.eastmoney.com/notices/detail/300548/AN202601271818471732.html,institutional_capital,eastmoney_notice
SZSE:300548,长芯博创,2026-01-23,股东/实际控制人股份减持,长芯博创:长芯博创科技股份有限公司关于董事及高级管理人员减持完成的公告,https://data.eastmoney.com/notices/detail/300548/AN202601231818335295.html,institutional_capital,eastmoney_notice
SZSE:300548,长芯博创,2026-01-16,业绩预告,长芯博创:长芯博创科技股份有限公司2025年年度业绩预告,https://data.eastmoney.com/notices/detail/300548/AN202601161817859732.html,earnings,eastmoney_notice
SZSE:300548,长芯博创,2026-01-15,法律意见书,长芯博创:北京市中伦律师事务所关于长芯博创科技股份有限公司2026年第一次临时股东会的法律意见书,https://data.eastmoney.com/notices/detail/300548/AN202601151817052105.html,institutional_capital,eastmoney_notice
SZSE:300548,长芯博创,2026-01-15,股东大会决议公告,长芯博创:长芯博创科技股份有限公司2026年第一次临时股东会决议公告,https://data.eastmoney.com/notices/detail/300548/AN202601151817052103.html,institutional_capital,eastmoney_notice
SZSE:300548,长芯博创,2026-01-12,股东/实际控制人股份减持,长芯博创:长芯博创科技股份有限公司关于持股5%以上股东减持股份预披露公告,https://data.eastmoney.com/notices/detail/300548/AN202601121816950218.html,institutional_capital,eastmoney_notice
SZSE:300548,长芯博创,2025-12-30,保荐/核查意见,长芯博创:国泰海通证券股份有限公司关于长芯博创科技股份有限公司受托管理控股股东子公司暨关联交易的核查意见,https://data.eastmoney.com/notices/detail/300548/AN202512291810720851.html,institutional_capital,eastmoney_notice
SZSE:300548,长芯博创,2025-12-30,法律意见书,长芯博创:北京市中伦律师事务所关于长芯博创科技股份有限公司2025年第四次临时股东会的法律意见书,https://data.eastmoney.com/notices/detail/300548/AN202512291810720853.html,institutional_capital,eastmoney_notice
SZSE:300548,长芯博创,2025-12-30,股东大会决议公告,长芯博创:长芯博创科技股份有限公司2025年第四次临时股东会决议公告,https://data.eastmoney.com/notices/detail/300548/AN202512291810720850.html,institutional_capital,eastmoney_notice
SZSE:300548,长芯博创,2025-12-30,高管人员任职变动,长芯博创:长芯博创科技股份有限公司关于董事辞任暨选举职工代表董事的公告,https://data.eastmoney.com/notices/detail/300548/AN202512291810720847.html,,eastmoney_notice
SZSE:300548,长芯博创,2025-12-30,高管人员任职变动,长芯博创:长芯博创科技股份有限公司第六届董事会第二十四次会议决议公告,https://data.eastmoney.com/notices/detail/300548/AN202512291810720848.html,,eastmoney_notice
SZSE:300548,长芯博创,2025-12-30,委托（受托）事项,长芯博创:长芯博创科技股份有限公司关于受托管理控股股东子公司暨关联交易的公告,https://data.eastmoney.com/notices/detail/300548/AN202512291810720849.html,institutional_capital,eastmoney_notice
SZSE:300548,长芯博创,2025-12-30,召开股东大会通知,长芯博创:长芯博创科技股份有限公司关于召开2026年第一次临时股东会的通知,https://data.eastmoney.com/notices/detail/300548/AN202512291810720852.html,institutional_capital,eastmoney_notice
SZSE:300548,长芯博创,2025-12-29,关联交易,长芯博创:长芯博创科技股份有限公司关于与专业投资机构共同投资暨关联交易的公告,https://data.eastmoney.com/notices/detail/300548/AN202512291810719917.html,,eastmoney_notice
SZSE:300548,长芯博创,2025-12-29,保荐/核查意见,长芯博创:国泰海通证券股份有限公司关于长芯博创科技股份有限公司与专业投资机构共同投资暨关联交易的核查意见,https://data.eastmoney.com/notices/detail/300548/AN202512291810719813.html,,eastmoney_notice
SZSE:300548,长芯博创,2025-12-26,股权激励进展公告,长芯博创:长芯博创科技股份有限公司关于2021年股票期权激励计划首次授予股票期权第三个行权期进展公告,https://data.eastmoney.com/notices/detail/300548/AN202512261808631311.html,institutional_capital,eastmoney_notice
SZSE:300548,长芯博创,2025-12-13,管理办法/制度,长芯博创:长芯博创科技股份有限公司内幕信息知情人登记备案制度,https://data.eastmoney.com/notices/detail/300548/AN202512121799101509.html,,eastmoney_notice
SZSE:300548,长芯博创,2025-12-13,议事规则/实施细则,长芯博创:长芯博创科技股份有限公司股东会议事规则,https://data.eastmoney.com/notices/detail/300548/AN202512121799101499.html,institutional_capital,eastmoney_notice
SZSE:300548,长芯博创,2025-12-13,高管人员任职变动,长芯博创:长芯博创科技股份有限公司第六届董事会第二十三次会议决议公告,https://data.eastmoney.com/notices/detail/300548/AN202512121799101514.html,,eastmoney_notice
SZSE:300548,长芯博创,2025-12-13,管理办法/制度,长芯博创:长芯博创科技股份有限公司董事及高级管理人员离职管理制度,https://data.eastmoney.com/notices/detail/300548/AN202512121799101491.html,,eastmoney_notice
SZSE:300548,长芯博创,2025-12-13,召开股东大会通知,长芯博创:长芯博创科技股份有限公司关于召开2025年第四次临时股东会的通知,https://data.eastmoney.com/notices/detail/300548/AN202512121799101493.html,institutional_capital,eastmoney_notice
SZSE:300548,长芯博创,2025-12-13,管理办法/制度,长芯博创:长芯博创科技股份有限公司募集资金管理制度,https://data.eastmoney.com/notices/detail/300548/AN202512121799101501.html,,eastmoney_notice
SZSE:300548,长芯博创,2025-12-13,管理办法/制度,长芯博创:长芯博创科技股份有限公司内部审计管理制度,https://data.eastmoney.com/notices/detail/300548/AN202512121799101498.html,,eastmoney_notice
SZSE:300548,长芯博创,2025-12-13,管理办法/制度,长芯博创:长芯博创科技股份有限公司信息披露管理制度,https://data.eastmoney.com/notices/detail/300548/AN202512121799101507.html,,eastmoney_notice
SZSE:300548,长芯博创,2025-12-13,管理办法/制度,长芯博创:长芯博创科技股份有限公司信息披露暂缓与豁免业务管理制度,https://data.eastmoney.com/notices/detail/300548/AN202512121799101488.html,,eastmoney_notice
SZSE:300548,长芯博创,2025-12-13,管理办法/制度,长芯博创:长芯博创科技股份有限公司董事及高级管理人员所持公司股份及其变动管理制度,https://data.eastmoney.com/notices/detail/300548/AN202512121799101517.html,,eastmoney_notice
SZSE:300548,长芯博创,2025-12-13,议事规则/实施细则,长芯博创:长芯博创科技股份有限公司董事会秘书工作细则,https://data.eastmoney.com/notices/detail/300548/AN202512121799101495.html,,eastmoney_notice
SZSE:300548,长芯博创,2025-12-13,关联交易,长芯博创:长芯博创科技股份有限公司关于2026年度日常关联交易预计额度的公告,https://data.eastmoney.com/notices/detail/300548/AN202512121799101487.html,,eastmoney_notice
SZSE:300548,长芯博创,2025-12-13,管理办法/制度,长芯博创:长芯博创科技股份有限公司投资者关系管理制度,https://data.eastmoney.com/notices/detail/300548/AN202512121799101515.html,investor_relations,eastmoney_notice
SZSE:300548,长芯博创,2025-12-13,议事规则/实施细则,长芯博创:长芯博创科技股份有限公司董事会议事规则,https://data.eastmoney.com/notices/detail/300548/AN202512121799101505.html,,eastmoney_notice
SZSE:300548,长芯博创,2025-12-13,公司章程修订,长芯博创:长芯博创科技股份有限公司章程修订对照表,https://data.eastmoney.com/notices/detail/300548/AN202512121799101494.html,,eastmoney_notice
SZSE:300548,长芯博创,2025-12-13,管理办法/制度,长芯博创:长芯博创科技股份有限公司对外担保管理办法,https://data.eastmoney.com/notices/detail/300548/AN202512121799101492.html,,eastmoney_notice
SZSE:300548,长芯博创,2025-12-13,议事规则/实施细则,长芯博创:长芯博创科技股份有限公司董事会薪酬与考核委员会议事规则,https://data.eastmoney.com/notices/detail/300548/AN202512121799101500.html,,eastmoney_notice
SZSE:300548,长芯博创,2025-12-13,议事规则/实施细则,长芯博创:长芯博创科技股份有限公司累积投票实施细则,https://data.eastmoney.com/notices/detail/300548/AN202512121799101504.html,,eastmoney_notice
SZSE:300548,长芯博创,2025-12-13,议事规则/实施细则,长芯博创:长芯博创科技股份有限公司董事会审计委员会议事规则,https://data.eastmoney.com/notices/detail/300548/AN202512121799101485.html,,eastmoney_notice
SZSE:300548,长芯博创,2025-12-13,监事会决议公告,长芯博创:长芯博创科技股份有限公司第六届监事会第二十一次会议决议公告,https://data.eastmoney.com/notices/detail/300548/AN202512121799101506.html,,eastmoney_notice
SZSE:300548,长芯博创,2025-12-13,议事规则/实施细则,长芯博创:长芯博创科技股份有限公司总经理工作细则,https://data.eastmoney.com/notices/detail/300548/AN202512121799101516.html,,eastmoney_notice
SZSE:300548,长芯博创,2025-12-13,公司章程,长芯博创:长芯博创科技股份有限公司章程,https://data.eastmoney.com/notices/detail/300548/AN202512121799101497.html,,eastmoney_notice
SZSE:300548,长芯博创,2025-12-13,公司章程修订,长芯博创:长芯博创科技股份有限公司关于修订公司章程及修订、制定和废止部分治理制度的公告,https://data.eastmoney.com/notices/detail/300548/AN202512121799101489.html,,eastmoney_notice
SZSE:300548,长芯博创,2025-12-13,管理办法/制度,长芯博创:长芯博创科技股份有限公司规范与关联方资金往来的管理制度,https://data.eastmoney.com/notices/detail/300548/AN202512121799101512.html,,eastmoney_notice
SZSE:300548,长芯博创,2025-12-13,管理办法/制度,长芯博创:长芯博创科技股份有限公司对外投资管理办法,https://data.eastmoney.com/notices/detail/300548/AN202512121799101503.html,,eastmoney_notice
SZSE:300548,长芯博创,2025-12-13,管理办法/制度,长芯博创:长芯博创科技股份有限公司年报信息披露重大差错责任追究制度,https://data.eastmoney.com/notices/detail/300548/AN202512121799101486.html,earnings,eastmoney_notice
SZSE:300548,长芯博创,2025-12-13,保荐/核查意见,长芯博创:国泰海通证券股份有限公司关于长芯博创科技股份有限公司2026年度日常关联交易预计的核查意见,https://data.eastmoney.com/notices/detail/300548/AN202512121799101510.html,,eastmoney_notice
SZSE:300548,长芯博创,2025-12-13,管理办法/制度,长芯博创:长芯博创科技股份有限公司董事及高级管理人员薪酬管理制度,https://data.eastmoney.com/notices/detail/300548/AN202512121799101502.html,,eastmoney_notice
SZSE:300548,长芯博创,2025-12-13,高管人员任职变动,长芯博创:长芯博创科技股份有限公司关于董事辞任暨补选非独立董事的公告,https://data.eastmoney.com/notices/detail/300548/AN202512121799101496.html,,eastmoney_notice
SZSE:300548,长芯博创,2025-12-13,议事规则/实施细则,长芯博创:长芯博创科技股份有限公司独立董事工作细则,https://data.eastmoney.com/notices/detail/300548/AN202512121799101513.html,,eastmoney_notice
SZSE:300548,长芯博创,2025-12-13,议事规则/实施细则,长芯博创:长芯博创科技股份有限公司董事会战略委员会议事规则,https://data.eastmoney.com/notices/detail/300548/AN202512121799101490.html,,eastmoney_notice
SZSE:300548,长芯博创,2025-12-13,管理办法/制度,长芯博创:长芯博创科技股份有限公司关联交易管理制度,https://data.eastmoney.com/notices/detail/300548/AN202512121799101508.html,,eastmoney_notice
SZSE:300548,长芯博创,2025-12-13,议事规则/实施细则,长芯博创:长芯博创科技股份有限公司董事会提名委员会议事规则,https://data.eastmoney.com/notices/detail/300548/AN202512121799101511.html,,eastmoney_notice
SZSE:300548,长芯博创,2025-12-12,保荐/核查意见,长芯博创:国泰海通证券股份有限公司关于长芯博创科技股份有限公司参与设立并购基金暨关联交易的核查意见,https://data.eastmoney.com/notices/detail/300548/AN202512121799100628.html,,eastmoney_notice
SZSE:300548,长芯博创,2025-12-12,关联交易,长芯博创:长芯博创科技股份有限公司关于参与设立并购基金暨关联交易的公告,https://data.eastmoney.com/notices/detail/300548/AN202512121799100629.html,,eastmoney_notice
SZSE:300548,长芯博创,2025-12-05,股东/实际控制人股份减持,长芯博创:长芯博创科技股份有限公司关于控股股东、实际控制人持股比例被动稀释触及1%整数倍的公告,https://data.eastmoney.com/notices/detail/300548/AN202512051794532560.html,institutional_capital,eastmoney_notice
SZSE:300548,长芯博创,2025-12-02,限售股份上市流通,长芯博创:长芯博创科技股份有限公司关于2024年限制性股票激励计划预留授予部分第一个归属期第一批次归属结果暨股份上市的公告,https://data.eastmoney.com/notices/detail/300548/AN202512021792588126.html,institutional_capital,eastmoney_notice
SZSE:300548,长芯博创,2025-11-20,高管人员持股变动,长芯博创:长芯博创科技股份有限公司关于董事及高级管理人员减持股份预披露公告,https://data.eastmoney.com/notices/detail/300548/AN202511201785039217.html,institutional_capital,eastmoney_notice
SZSE:300548,长芯博创,2025-10-31,股东/实际控制人股份减持,长芯博创:长芯博创科技股份有限公司关于特定股东股份减持完成的公告,https://data.eastmoney.com/notices/detail/300548/AN202510311772670955.html,institutional_capital,eastmoney_notice
SZSE:300548,长芯博创,2025-10-30,保荐/核查意见,长芯博创:国泰海通证券股份有限公司关于长芯博创科技股份有限公司开展外汇期货及衍生品套期保值交易业务的核查意见,https://data.eastmoney.com/notices/detail/300548/AN202510291771364742.html,,eastmoney_notice
SZSE:300548,长芯博创,2025-10-30,其他,长芯博创:长芯博创科技股份有限公司关于开展外汇期货及衍生品套期保值交易业务的公告,https://data.eastmoney.com/notices/detail/300548/AN202510291771364747.html,,eastmoney_notice
SZSE:300548,长芯博创,2025-10-30,其他,长芯博创:长芯博创科技股份有限公司关于开展外汇期货及衍生品套期保值交易业务的可行性分析报告,https://data.eastmoney.com/notices/detail/300548/AN202510291771364741.html,,eastmoney_notice
SZSE:300548,长芯博创,2025-10-30,董事会决议公告,长芯博创:长芯博创科技股份有限公司第六届董事会第二十二次会议决议公告,https://data.eastmoney.com/notices/detail/300548/AN202510291771364748.html,,eastmoney_notice
SZSE:300548,长芯博创,2025-10-30,法律意见书,长芯博创:北京市中伦律师事务所关于长芯博创科技股份有限公司2024年限制性股票激励计划预留授予部分第一个归属期归属条件成就事项的法律意见书,https://data.eastmoney.com/notices/detail/300548/AN202510291771364746.html,institutional_capital,eastmoney_notice
SZSE:300548,长芯博创,2025-10-30,股权激励进展公告,长芯博创:长芯博创科技股份有限公司关于2024年限制性股票激励计划预留授予第一个归属期符合归属条件的公告,https://data.eastmoney.com/notices/detail/300548/AN202510291771364745.html,institutional_capital,eastmoney_notice
SZSE:300548,长芯博创,2025-10-30,三季度报告全文,长芯博创:2025年三季度报告,https://data.eastmoney.com/notices/detail/300548/AN202510291771364749.html,earnings,eastmoney_notice
SZSE:300548,长芯博创,2025-10-30,监事会决议公告,长芯博创:长芯博创科技股份有限公司第六届监事会第二十次会议决议公告,https://data.eastmoney.com/notices/detail/300548/AN202510291771363519.html,,eastmoney_notice
SZSE:300548,长芯博创,2025-10-30,专项说明/独立意见,长芯博创:长芯博创科技股份公司董事会薪酬与考核委员会关于2024年限制性股票激励计划预留授予部分第一个归属期归属名单的核查意见,https://data.eastmoney.com/notices/detail/300548/AN202510291771363518.html,institutional_capital,eastmoney_notice
SZSE:300548,长芯博创,2025-10-15,股权激励进展公告,长芯博创:长芯博创科技股份有限公司关于2021年股票期权激励计划预留授予股票期权第三个行权期采用自主行权模式的提示性公告,https://data.eastmoney.com/notices/detail/300548/AN202510141762069606.html,institutional_capital,eastmoney_notice
SZSE:300548,长芯博创,2025-10-09,股权激励进展公告,长芯博创:2025-072长芯博创科技股份有限公司关于部分股票期权注销完成的公告,https://data.eastmoney.com/notices/detail/300548/AN202510091759008112.html,,eastmoney_notice
SZSE:300548,长芯博创,2025-09-26,股权激励进展公告,长芯博创:长芯博创科技股份有限公司关于2021年股票期权激励计划预留授予第三期条件成就的公告,https://data.eastmoney.com/notices/detail/300548/AN202509261751083560.html,institutional_capital,eastmoney_notice
SZSE:300548,长芯博创,2025-09-26,董事会决议公告,长芯博创:长芯博创科技股份有限公司第六届董事会第二十一次会议决议公告,https://data.eastmoney.com/notices/detail/300548/AN202509261751083567.html,,eastmoney_notice
SZSE:300548,长芯博创,2025-09-26,股东/实际控制人股份减持,长芯博创:长芯博创科技股份有限公司关于特定股东减持股份预披露公告,https://data.eastmoney.com/notices/detail/300548/AN202509261751083570.html,institutional_capital,eastmoney_notice
SZSE:300548,长芯博创,2025-09-26,监事会决议公告,长芯博创:长芯博创科技股份有限公司第六届监事会第十九次会议决议公告,https://data.eastmoney.com/notices/detail/300548/AN202509261751083571.html,,eastmoney_notice
SZSE:300548,长芯博创,2025-09-26,法律意见书,长芯博创:国浩律师(北京)事务所关于长芯博创科技股份有限公司2021年股票期权激励计划预留授予第三期条件成就及注销部分股票期权事项的法律意见书,https://data.eastmoney.com/notices/detail/300548/AN202509261751083581.html,institutional_capital,eastmoney_notice
SZSE:300548,长芯博创,2025-09-26,股权激励进展公告,长芯博创:长芯博创科技股份有限公司关于注销部分股票期权的公告,https://data.eastmoney.com/notices/detail/300548/AN202509261751083559.html,,eastmoney_notice
SZSE:300548,长芯博创,2025-09-16,保荐/核查意见,长芯博创:国泰海通证券股份有限公司关于长芯博创科技股份有限公司2025年半年度持续督导跟踪报告,https://data.eastmoney.com/notices/detail/300548/AN202509161744867728.html,,eastmoney_notice
SZSE:300548,长芯博创,2025-09-16,法律意见书,长芯博创:北京市中伦律师事务所关于长芯博创科技股份有限公司2025年第三次临时股东会的法律意见书,https://data.eastmoney.com/notices/detail/300548/AN202509161744867713.html,institutional_capital,eastmoney_notice
SZSE:300548,长芯博创,2025-09-16,股东大会决议公告,长芯博创:长芯博创科技股份有限公司2025年第三次临时股东会决议公告,https://data.eastmoney.com/notices/detail/300548/AN202509161744867741.html,institutional_capital,eastmoney_notice
SZSE:300548,长芯博创,2025-09-16,公司其他基本信息变更,长芯博创:长芯博创科技股份有限公司关于公司电子邮箱变更的公告,https://data.eastmoney.com/notices/detail/300548/AN202509161744867722.html,,eastmoney_notice
SZSE:300548,长芯博创,2025-08-29,半年度报告摘要,长芯博创:2025年半年度报告摘要,https://data.eastmoney.com/notices/detail/300548/AN202508281736098575.html,earnings,eastmoney_notice
SZSE:300548,长芯博创,2025-08-29,半年度报告全文,长芯博创:2025年半年度报告,https://data.eastmoney.com/notices/detail/300548/AN202508281736098576.html,earnings,eastmoney_notice
SZSE:300548,长芯博创,2025-08-29,董事会决议公告,长芯博创:董事会决议公告,https://data.eastmoney.com/notices/detail/300548/AN202508281736098583.html,,eastmoney_notice
SZSE:300548,长芯博创,2025-08-29,召开股东大会通知,长芯博创:长芯博创科技股份有限公司关于召开2025年第三次临时股东会的通知,https://data.eastmoney.com/notices/detail/300548/AN202508281736098582.html,institutional_capital,eastmoney_notice
SZSE:300548,长芯博创,2025-08-29,资金占用,长芯博创:2025半年度非经营性资金占用及其他关联资金往来情况汇总表,https://data.eastmoney.com/notices/detail/300548/AN202508281736098581.html,,eastmoney_notice
SZSE:300548,长芯博创,2025-08-29,保荐/核查意见,长芯博创:国泰海通证券股份有限公司关于长芯博创科技股份有限公司调整2025年度日常关联交易预计额度的核查意见,https://data.eastmoney.com/notices/detail/300548/AN202508281736098577.html,,eastmoney_notice
SZSE:300548,长芯博创,2025-08-29,监事会决议公告,长芯博创:监事会决议公告,https://data.eastmoney.com/notices/detail/300548/AN202508281736098574.html,,eastmoney_notice
SZSE:300548,长芯博创,2025-08-29,募集资金使用情况报告,长芯博创:长芯博创科技股份有限公司关于2025年半年度募集资金存放与使用情况专项报告,https://data.eastmoney.com/notices/detail/300548/AN202508281736098578.html,,eastmoney_notice
SZSE:300548,长芯博创,2025-08-29,其他,长芯博创:长芯博创科技股份有限公司关于2025年半年度计提资产减值准备的公告,https://data.eastmoney.com/notices/detail/300548/AN202508281736098584.html,,eastmoney_notice
SZSE:300548,长芯博创,2025-08-29,关联交易,长芯博创:长芯博创科技股份有限公司关于调整2025年度日常关联交易预计额度的公告,https://data.eastmoney.com/notices/detail/300548/AN202508281736098580.html,,eastmoney_notice
SZSE:300548,长芯博创,2025-08-29,审计机构变更,长芯博创:长芯博创科技股份有限公司关于续聘2025年度会计师事务所的公告,https://data.eastmoney.com/notices/detail/300548/AN202508281736098579.html,,eastmoney_notice
SZSE:300548,长芯博创,2025-08-27,股票交易异常波动,长芯博创:长芯博创科技股份有限公司关于公司股价异动的公告,https://data.eastmoney.com/notices/detail/300548/AN202508271735516623.html,,eastmoney_notice
SZSE:300548,长芯博创,2025-08-26,其他,长芯博创:长芯博创科技股份有限公司关于持股5%以上股东股份变动触及1%整数倍的公告,https://data.eastmoney.com/notices/detail/300548/AN202508261734898370.html,institutional_capital,eastmoney_notice
SZSE:300548,长芯博创,2025-08-26,股东/实际控制人股份减持,长芯博创:长芯博创科技股份有限公司关于持股5%以上股东股份减持完成的公告,https://data.eastmoney.com/notices/detail/300548/AN202508261734898372.html,institutional_capital,eastmoney_notice
SZSE:300548,长芯博创,2025-08-13,权益变动报告书,长芯博创:简式权益变动报告书(ZHUWEI、WANGXIAOHONG),https://data.eastmoney.com/notices/detail/300548/AN202508131726849625.html,,eastmoney_notice
SZSE:300548,长芯博创,2025-08-13,权益变动报告书,长芯博创:长芯博创科技股份有限公司关于持股5%以上股东权益变动触及1%及5%整数倍暨披露简式权益变动报告书的提示性公告,https://data.eastmoney.com/notices/detail/300548/AN202508131726849620.html,institutional_capital,eastmoney_notice
SZSE:300548,长芯博创,2025-07-30,股东/实际控制人股份减持,长芯博创:长芯博创科技股份有限公司关于持股5%以上股东减持股份触及1%整数倍的公告,https://data.eastmoney.com/notices/detail/300548/AN202507301718426792.html,institutional_capital,eastmoney_notice
SZSE:300548,长芯博创,2025-07-22,公司其他基本信息变更,长芯博创:长芯博创科技股份有限公司关于变更公司网址的公告,https://data.eastmoney.com/notices/detail/300548/AN202507221713685752.html,,eastmoney_notice
SZSE:300548,长芯博创,2025-07-21,股权激励行权价（数量）调整,长芯博创:长芯博创科技股份有限公司关于调整股票期权行权价格和限制性股票授予价格的公告,https://data.eastmoney.com/notices/detail/300548/AN202507211713023747.html,,eastmoney_notice
SZSE:300548,长芯博创,2025-07-21,董事会决议公告,长芯博创:长芯博创科技股份有限公司第六届董事会第十九次会议决议公告,https://data.eastmoney.com/notices/detail/300548/AN202507211713023753.html,,eastmoney_notice
SZSE:300548,长芯博创,2025-07-21,法律意见书,长芯博创:国浩律师(北京)事务所关于长芯博创科技股份有限公司2021年股票期权激励计划调整股票期权行权价格事项的法律意见书,https://data.eastmoney.com/notices/detail/300548/AN202507211713023746.html,institutional_capital,eastmoney_notice
SZSE:300548,长芯博创,2025-07-21,监事会决议公告,长芯博创:长芯博创科技股份有限公司第六届监事会第十七次会议决议公告,https://data.eastmoney.com/notices/detail/300548/AN202507211713023751.html,,eastmoney_notice
SZSE:300548,长芯博创,2025-07-21,法律意见书,长芯博创:北京市中伦律师事务所关于长芯博创科技科技股份有限公司2024年限制性股票激励计划授予价格调整事项的法律意见书,https://data.eastmoney.com/notices/detail/300548/AN202507211713023743.html,institutional_capital,eastmoney_notice
SZSE:300548,长芯博创,2025-07-15,股东/实际控制人股份减持,长芯博创:长芯博创科技股份有限公司关于特定股东股份减持完成的公告,https://data.eastmoney.com/notices/detail/300548/AN202507151709498511.html,institutional_capital,eastmoney_notice
SZSE:300548,长芯博创,2025-07-15,分配方案实施,长芯博创:长芯博创科技股份有限公司2024年年度权益分派实施公告,https://data.eastmoney.com/notices/detail/300548/AN202507141708819299.html,,eastmoney_notice
SZSE:300548,长芯博创,2025-07-10,股东/实际控制人股份减持,长芯博创:长芯博创科技股份有限公司关于特定股东股份减持完成的公告,https://data.eastmoney.com/notices/detail/300548/AN202507101706428695.html,institutional_capital,eastmoney_notice
SZSE:300548,长芯博创,2025-07-07,股东/实际控制人股份减持,长芯博创:长芯博创科技股份有限公司关于持股5%以上股东减持股份预披露公告,https://data.eastmoney.com/notices/detail/300548/AN202507071704682712.html,institutional_capital,eastmoney_notice
SZSE:300548,长芯博创,2025-07-01,证券简称变更,博创科技:博创科技股份有限公司关于变更公司名称、证券简称、经营范围及注册资本暨完成工商变更登记的公告,https://data.eastmoney.com/notices/detail/300548/AN202507011701119091.html,,eastmoney_notice
SZSE:300548,长芯博创,2025-06-27,股东大会决议公告,博创科技:博创科技股份有限公司2025年第二次临时股东会决议公告,https://data.eastmoney.com/notices/detail/300548/AN202506271698641303.html,institutional_capital,eastmoney_notice
SZSE:300548,长芯博创,2025-06-27,法律意见书,博创科技:北京市中伦律师事务所关于博创科技股份有限公司2025年第二次临时股东会的法律意见书,https://data.eastmoney.com/notices/detail/300548/AN202506271698641302.html,institutional_capital,eastmoney_notice
SZSE:300548,长芯博创,2025-06-16,股权激励进展公告,博创科技:博创科技股份有限公司关于2024年限制性股票激励计划首次授予部分第一个归属期归属结果暨股份上市的公告(回购股份),https://data.eastmoney.com/notices/detail/300548/AN202506161692062236.html,institutional_capital,eastmoney_notice
SZSE:300548,长芯博创,2025-06-12,保荐/核查意见,博创科技:国泰海通证券股份有限公司关于博创科技股份有限公司募集资金投资项目结项并将节余资金永久补充流动资金的核查意见,https://data.eastmoney.com/notices/detail/300548/AN202506111688911599.html,capacity_project,eastmoney_notice
SZSE:300548,长芯博创,2025-06-12,监事会决议公告,博创科技:博创科技股份有限公司第六届监事会第十六次会议决议公告,https://data.eastmoney.com/notices/detail/300548/AN202506111688911612.html,,eastmoney_notice
SZSE:300548,长芯博创,2025-06-12,公司章程修订,博创科技:博创科技股份有限公司章程修正案,https://data.eastmoney.com/notices/detail/300548/AN202506111688911610.html,,eastmoney_notice
SZSE:300548,长芯博创,2025-06-12,召开股东大会通知,博创科技:博创科技股份有限公司关于召开2025年第二次临时股东会的通知,https://data.eastmoney.com/notices/detail/300548/AN202506111688911608.html,institutional_capital,eastmoney_notice
SZSE:300548,长芯博创,2025-06-12,募集资金补充流动资金,博创科技:博创科技股份有限公司关于募集资金投资项目结项并将其节余资金永久补充流动资金的公告,https://data.eastmoney.com/notices/detail/300548/AN202506111688911607.html,capacity_project,eastmoney_notice
SZSE:300548,长芯博创,2025-06-12,证券简称变更,博创科技:博创科技股份有限公司关于拟变更公司名称、证券简称并修订公司章程的公告,https://data.eastmoney.com/notices/detail/300548/AN202506111688911600.html,,eastmoney_notice
SZSE:300548,长芯博创,2025-06-12,董事会决议公告,博创科技:博创科技股份有限公司第六届董事会第十八次会议决议公告,https://data.eastmoney.com/notices/detail/300548/AN202506111688911580.html,,eastmoney_notice
SZSE:300548,长芯博创,2025-06-10,增发挂牌公告,博创科技:博创科技股份有限公司关于2024年限制性股票激励计划首次授予部分第一个归属期归属结果暨股份上市的公告(新增股份),https://data.eastmoney.com/notices/detail/300548/AN202506091687763027.html,institutional_capital,eastmoney_notice
SZSE:300548,长芯博创,2025-06-06,股东/实际控制人股份减持,博创科技:博创科技股份有限公司关于特定股东减持股份预披露公告,https://data.eastmoney.com/notices/detail/300548/AN202506061686016988.html,institutional_capital,eastmoney_notice
SZSE:300604,长川科技,2026-05-29,分配方案实施,长川科技:杭州长川科技股份有限公司2025年年度权益分派实施公告,https://data.eastmoney.com/notices/detail/300604/AN202605281822949133.html,,eastmoney_notice
SZSE:300604,长川科技,2026-05-19,分配方案决议公告,长川科技:杭州长川科技股份有限公司2025年度股东会决议的公告,https://data.eastmoney.com/notices/detail/300604/AN202605181822409487.html,institutional_capital,eastmoney_notice
SZSE:300604,长川科技,2026-05-19,法律意见书,长川科技:国浩律师(杭州)事务所关于杭州长川科技股份有限公司2025年度股东会之法律意见书,https://data.eastmoney.com/notices/detail/300604/AN202605181822409488.html,institutional_capital,eastmoney_notice
SZSE:300604,长川科技,2026-05-13,调研活动,长川科技:300604长川科技投资者关系管理信息20260513,https://data.eastmoney.com/notices/detail/300604/AN202605131822279165.html,investor_relations,eastmoney_notice
SZSE:300604,长川科技,2026-04-29,权益变动报告书,长川科技:杭州长川科技股份有限公司关于公司实际控制人之一致行动人权益变动比例触及1%整数倍暨减持计划实施完毕暨自愿承诺未来12个月内不减持公司股份的公告,https://data.eastmoney.com/notices/detail/300604/AN202604291821768497.html,institutional_capital,eastmoney_notice
SZSE:300604,长川科技,2026-04-25,审计报告,长川科技:天健会计师事务所(特殊普通合伙)关于杭州长川科技股份有限公司2025年度内部控制审计报告,https://data.eastmoney.com/notices/detail/300604/AN202604241821567762.html,,eastmoney_notice
SZSE:300604,长川科技,2026-04-25,年度报告全文,长川科技:2025年年度报告,https://data.eastmoney.com/notices/detail/300604/AN202604241821567772.html,earnings,eastmoney_notice
SZSE:300604,长川科技,2026-04-25,独立董事述职报告,长川科技:2025年度独立董事述职报告(冯晓),https://data.eastmoney.com/notices/detail/300604/AN202604241821567748.html,,eastmoney_notice
SZSE:300604,长川科技,2026-04-25,审计机构变更,长川科技:杭州长川科技股份有限公司关于续聘天健会计师事务所(特殊普通合伙)为公司2026年度审计机构的公告,https://data.eastmoney.com/notices/detail/300604/AN202604241821567741.html,,eastmoney_notice
SZSE:300604,长川科技,2026-04-25,分配预案,长川科技:杭州长川科技股份有限公司2025年度利润分配预案的公告,https://data.eastmoney.com/notices/detail/300604/AN202604241821567722.html,earnings,eastmoney_notice
SZSE:300604,长川科技,2026-04-25,管理办法/制度,长川科技:杭州长川科技股份有限公司外汇衍生品交易业务管理制度(2026年4月),https://data.eastmoney.com/notices/detail/300604/AN202604241821567757.html,,eastmoney_notice
SZSE:300604,长川科技,2026-04-25,保荐/核查意见,长川科技:华泰联合证券有限责任公司关于杭州长川科技股份有限公司2025年度募集资金存放和使用情况专项核查报告,https://data.eastmoney.com/notices/detail/300604/AN202604241821567733.html,,eastmoney_notice
SZSE:300604,长川科技,2026-04-25,保荐/核查意见,长川科技:华泰联合证券有限责任公司关于杭州长川科技股份有限公司2025年度募集资金存放和使用情况专项核查报告,https://data.eastmoney.com/notices/detail/300604/AN202604241821567747.html,,eastmoney_notice
SZSE:300604,长川科技,2026-04-25,其他,长川科技:2025年度总经理工作报告,https://data.eastmoney.com/notices/detail/300604/AN202604241821567729.html,,eastmoney_notice
SZSE:300604,长川科技,2026-04-25,独立董事述职报告,长川科技:2025年度独立董事述职报告(李庆峰),https://data.eastmoney.com/notices/detail/300604/AN202604241821567761.html,,eastmoney_notice
SZSE:300604,长川科技,2026-04-25,ESG公告,长川科技:2025年度环境、社会及公司治理(ESG)报告,https://data.eastmoney.com/notices/detail/300604/AN202604241821567767.html,,eastmoney_notice
SZSE:300604,长川科技,2026-04-25,独立董事述职报告,长川科技:2025年度独立董事述职报告(宁宁),https://data.eastmoney.com/notices/detail/300604/AN202604241821567753.html,,eastmoney_notice
SZSE:300604,长川科技,2026-04-25,增发方案修订,长川科技:杭州长川科技股份有限公司关于延长公司2025年度向特定对象发行股票股东会决议有效期及授权有效期的公告,https://data.eastmoney.com/notices/detail/300604/AN202604241821567743.html,institutional_capital,eastmoney_notice
SZSE:300604,长川科技,2026-04-25,其他,长川科技:关于会计师事务所2025年度履职情况的评估报告,https://data.eastmoney.com/notices/detail/300604/AN202604241821567728.html,,eastmoney_notice
SZSE:300604,长川科技,2026-04-25,其他,长川科技:杭州长川科技股份有限公司关于举办网上业绩说明会的公告,https://data.eastmoney.com/notices/detail/300604/AN202604241821567764.html,investor_relations,eastmoney_notice
SZSE:300604,长川科技,2026-04-25,借贷,长川科技:杭州长川科技股份有限公司关于2026年度公司及子公司申请综合授信额度的公告,https://data.eastmoney.com/notices/detail/300604/AN202604241821567734.html,,eastmoney_notice
SZSE:300604,长川科技,2026-04-25,专项说明/独立意见,长川科技:董事会关于独立董事独立性情况的专项意见,https://data.eastmoney.com/notices/detail/300604/AN202604241821567711.html,,eastmoney_notice
SZSE:300604,长川科技,2026-04-25,年度报告摘要,长川科技:2025年年度报告摘要,https://data.eastmoney.com/notices/detail/300604/AN202604241821567758.html,earnings,eastmoney_notice
SZSE:300604,长川科技,2026-04-25,其他,长川科技:杭州长川科技股份有限公司2026年第一季度报告披露的提示性公告,https://data.eastmoney.com/notices/detail/300604/AN202604241821567713.html,earnings,eastmoney_notice
SZSE:300604,长川科技,2026-04-25,保荐/核查意见,长川科技:天健会计师事务所(特殊普通合伙)关于杭州长川科技股份有限公司2025年度募集资金存放、管理与使用情况鉴证报告,https://data.eastmoney.com/notices/detail/300604/AN202604241821567732.html,,eastmoney_notice
SZSE:300604,长川科技,2026-04-25,保荐/核查意见,长川科技:天健会计师事务所(特殊普通合伙)关于杭州长川科技股份有限公司2025年度非经营性资金占用及其他关联资金往来情况的专项审计说明,https://data.eastmoney.com/notices/detail/300604/AN202604241821567721.html,,eastmoney_notice
SZSE:300604,长川科技,2026-04-25,关联交易,长川科技:杭州长川科技股份有限公司关于2026年度日常关联交易预计的公告,https://data.eastmoney.com/notices/detail/300604/AN202604241821567766.html,,eastmoney_notice
SZSE:300604,长川科技,2026-04-25,召开股东大会通知,长川科技:杭州长川科技股份有限公司关于召开2025年度股东会通知的公告,https://data.eastmoney.com/notices/detail/300604/AN202604241821567765.html,institutional_capital,eastmoney_notice
SZSE:300604,长川科技,2026-04-25,年度财务报告,长川科技:杭州长川科技股份有限公司2025年度财务报告,https://data.eastmoney.com/notices/detail/300604/AN202604241821567724.html,,eastmoney_notice
SZSE:300604,长川科技,2026-04-25,其他,长川科技:董事会审计委员会对会计师事务所2025年度履职情况评估及履行监督职责情况的报告,https://data.eastmoney.com/notices/detail/300604/AN202604241821567725.html,,eastmoney_notice
SZSE:300604,长川科技,2026-04-25,其他,长川科技:杭州长川科技股份有限公司关于公司及控股子公司开展外汇衍生品套期保值交易业务的公告,https://data.eastmoney.com/notices/detail/300604/AN202604241821567760.html,,eastmoney_notice
SZSE:300604,长川科技,2026-04-25,一季度报告全文,长川科技:2026年一季度报告,https://data.eastmoney.com/notices/detail/300604/AN202604241821567715.html,earnings,eastmoney_notice
SZSE:300604,长川科技,2026-04-25,募集资金使用情况报告,长川科技:杭州长川科技股份有限公司关于2025年度募集资金存放与使用情况的专项报告,https://data.eastmoney.com/notices/detail/300604/AN202604241821567744.html,,eastmoney_notice
SZSE:300604,长川科技,2026-04-25,审计报告,长川科技:2025年年度审计报告,https://data.eastmoney.com/notices/detail/300604/AN202604241821567714.html,,eastmoney_notice
SZSE:300604,长川科技,2026-04-25,其他,长川科技:杭州长川科技股份有限公司2025年年度报告披露的提示性公告,https://data.eastmoney.com/notices/detail/300604/AN202604241821567754.html,earnings,eastmoney_notice
SZSE:300604,长川科技,2026-04-25,分配预案,长川科技:杭州长川科技股份有限公司第四届董事会第十七次会议决议的公告,https://data.eastmoney.com/notices/detail/300604/AN202604241821567717.html,,eastmoney_notice
SZSE:300604,长川科技,2026-04-25,资金占用,长川科技:2025年度非经营性资金占用及其他关联资金往来情况表,https://data.eastmoney.com/notices/detail/300604/AN202604241821567723.html,,eastmoney_notice
SZSE:300604,长川科技,2026-04-25,其他,长川科技:杭州长川科技股份有限公司关于2026年度公司董事、高级管理人员薪酬计划及津贴方案的公告,https://data.eastmoney.com/notices/detail/300604/AN202604241821567739.html,,eastmoney_notice
SZSE:300604,长川科技,2026-04-25,年度财务报告,长川科技:2025年度财务决算报告,https://data.eastmoney.com/notices/detail/300604/AN202604241821567750.html,,eastmoney_notice
SZSE:300604,长川科技,2026-04-25,内部控制报告,长川科技:2025年度内部控制评价报告,https://data.eastmoney.com/notices/detail/300604/AN202604241821567752.html,,eastmoney_notice
SZSE:300604,长川科技,2026-04-25,其他,长川科技:关于公司及控股子公司开展外汇衍生品套期保值交易业务的可行性分析报告,https://data.eastmoney.com/notices/detail/300604/AN202604241821567768.html,,eastmoney_notice
SZSE:300604,长川科技,2026-04-10,股权转让,长川科技:杭州长川科技股份有限公司关于以公开摘牌方式受让控股子公司少数股东股权暨关联交易的进展公告,https://data.eastmoney.com/notices/detail/300604/AN202604101821120037.html,institutional_capital,eastmoney_notice
SZSE:300604,长川科技,2026-03-26,限售股份上市流通,长川科技:杭州长川科技股份有限公司关于2024年限制性股票激励计划首次授予部分第一个归属期第二批次归属结果暨股份上市的公告,https://data.eastmoney.com/notices/detail/300604/AN202603251820746870.html,institutional_capital,eastmoney_notice
SZSE:300604,长川科技,2026-03-10,增发获准公告,长川科技:杭州长川科技股份有限公司关于向特定对象发行股票申请获得中国证券监督管理委员会同意注册批复的公告,https://data.eastmoney.com/notices/detail/300604/AN202603101820461852.html,,eastmoney_notice
SZSE:300604,长川科技,2026-03-10,创业板再融资募集说明书注册稿,长川科技:杭州长川科技股份有限公司2025年度向特定对象发行股票并在创业板上市募集说明书(注册稿),https://data.eastmoney.com/notices/detail/300604/AN202603101820461853.html,,eastmoney_notice
SZSE:300604,长川科技,2026-03-10,创业板发行上市审核注册结果通知,关于同意长川科技再融资注册的批复,https://data.eastmoney.com/notices/detail/300604/AN202603101820453051.html,,eastmoney_notice
SZSE:300604,长川科技,2026-02-10,其他,长川科技:杭州长川科技股份有限公司关于公司实际控制人之一致行动人拟通过大宗交易减持股份计划的预披露暨自愿承诺自本次减持股份计划完成或到期后未来12个月内不减持公司股份的公告,https://data.eastmoney.com/notices/detail/300604/AN202602091819840765.html,institutional_capital,eastmoney_notice
SZSE:300604,长川科技,2026-01-29,增发获准公告,长川科技:杭州长川科技股份有限公司关于向特定对象发行股票申请获得深圳证券交易所上市审核中心审核通过的公告,https://data.eastmoney.com/notices/detail/300604/AN202601291818551231.html,,eastmoney_notice
SZSE:300604,长川科技,2026-01-29,业绩预告,长川科技:杭州长川科技股份有限公司2025年度业绩预告,https://data.eastmoney.com/notices/detail/300604/AN202601281818510322.html,earnings,eastmoney_notice
SZSE:300604,长川科技,2026-01-27,董事会决议公告,长川科技:杭州长川科技股份有限公司第四届董事会第十六次会议决议的公告,https://data.eastmoney.com/notices/detail/300604/AN202601261818432803.html,,eastmoney_notice
SZSE:300604,长川科技,2026-01-27,再融资修订稿,长川科技:2025年度向特定对象发行股票并在创业板上市募集说明书(修订稿),https://data.eastmoney.com/notices/detail/300604/AN202601261818432809.html,,eastmoney_notice
SZSE:300604,长川科技,2026-01-27,募集资金使用情况报告,长川科技:前次募集资金使用情况报告(修订稿),https://data.eastmoney.com/notices/detail/300604/AN202601261818432804.html,,eastmoney_notice
SZSE:300604,长川科技,2026-01-27,发行保荐书,长川科技:华泰联合证券有限责任公司关于杭州长川科技股份有限公司2025年度向特定对象发行股票并在创业板上市之发行保荐书,https://data.eastmoney.com/notices/detail/300604/AN202601261818432800.html,,eastmoney_notice
SZSE:300604,长川科技,2026-01-27,法律意见书,长川科技:国浩律师(杭州)事务所关于杭州长川科技股份有限公司2025年度向特定对象发行A股股票之补充法律意见书(一),https://data.eastmoney.com/notices/detail/300604/AN202601261818432805.html,,eastmoney_notice
SZSE:300604,长川科技,2026-01-27,专项说明/独立意见,长川科技:天健会计师事务所(特殊普通合伙)关于杭州长川科技股份有限公司2025年向特定对象发行股票的问询函专项说明(豁免版),https://data.eastmoney.com/notices/detail/300604/AN202601261818432807.html,risk,eastmoney_notice
SZSE:300604,长川科技,2026-01-27,上市保荐书,长川科技:华泰联合证券有限责任公司关于杭州长川科技股份有限公司2025年向特定对象发行股票并在创业板上市之上市保荐书,https://data.eastmoney.com/notices/detail/300604/AN202601261818432806.html,,eastmoney_notice
SZSE:300604,长川科技,2026-01-27,保荐/核查意见,长川科技:前次募集资金使用情况鉴证报告(修订稿),https://data.eastmoney.com/notices/detail/300604/AN202601261818432802.html,,eastmoney_notice
SZSE:300604,长川科技,2026-01-27,回复问询函公告,长川科技:关于杭州长川科技股份有限公司申请向特定对象发行股票的审核问询函的回复(修订稿)(豁免版),https://data.eastmoney.com/notices/detail/300604/AN202601261818432808.html,risk,eastmoney_notice
SZSE:300604,长川科技,2026-01-27,回复问询函公告,长川科技:杭州长川科技股份有限公司关于向特定对象发行股票的审核问询函回复及募集说明书等申请文件更新的提示性公告,https://data.eastmoney.com/notices/detail/300604/AN202601261818432801.html,risk,eastmoney_notice
SZSE:300604,长川科技,2026-01-13,权益变动报告书,长川科技:杭州长川科技股份有限公司关于持股5%以上股东、部分董事权益变动触及1%整数倍且持股比例降至5%以下、减持计划实施完成暨披露简式权益变动报告书的提示性公告,https://data.eastmoney.com/notices/detail/300604/AN202601131816987594.html,institutional_capital,eastmoney_notice
SZSE:300604,长川科技,2026-01-13,股东/实际控制人股份减持,长川科技:杭州长川科技股份有限公司关于公司实际控制人之一致行动人减持计划实施完毕的公告,https://data.eastmoney.com/notices/detail/300604/AN202601131816987592.html,institutional_capital,eastmoney_notice
SZSE:300604,长川科技,2026-01-13,权益变动报告书,长川科技:简式权益变动报告书,https://data.eastmoney.com/notices/detail/300604/AN202601131816987593.html,,eastmoney_notice
SZSE:300604,长川科技,2026-01-09,法律意见书,长川科技:国浩律师(杭州)事务所关于杭州长川科技股份有限公司2026年第一次临时股东会之法律意见书,https://data.eastmoney.com/notices/detail/300604/AN202601091816886050.html,institutional_capital,eastmoney_notice
SZSE:300604,长川科技,2026-01-09,股东大会决议公告,长川科技:杭州长川科技股份有限公司2026年第一次临时股东会决议的公告,https://data.eastmoney.com/notices/detail/300604/AN202601091816886047.html,institutional_capital,eastmoney_notice
SZSE:300604,长川科技,2026-01-06,权益变动报告书,长川科技:简式权益变动报告书,https://data.eastmoney.com/notices/detail/300604/AN202601051815492314.html,,eastmoney_notice
SZSE:300604,长川科技,2026-01-06,权益变动报告书,长川科技:杭州长川科技股份有限公司关于控股股东、实际控制人及其一致行动人合计持股比例触及5%整数倍暨权益变动的提示性公告,https://data.eastmoney.com/notices/detail/300604/AN202601051815492319.html,institutional_capital,eastmoney_notice
SZSE:300604,长川科技,2025-12-31,股东大会决议公告,长川科技:杭州长川科技股份有限公司2025年第三次临时股东大会决议的公告,https://data.eastmoney.com/notices/detail/300604/AN202512311812177067.html,institutional_capital,eastmoney_notice
SZSE:300604,长川科技,2025-12-31,募集资金使用情况报告,长川科技:杭州长川科技股份有限公司关于募投项目募集资金使用完毕及注销募集资金账户的公告,https://data.eastmoney.com/notices/detail/300604/AN202512311812176135.html,capacity_project,eastmoney_notice
SZSE:300604,长川科技,2025-12-31,高管人员任职变动,长川科技:杭州长川科技股份有限公司关于选举职工代表董事的公告,https://data.eastmoney.com/notices/detail/300604/AN202512311812176134.html,,eastmoney_notice
SZSE:300604,长川科技,2025-12-31,法律意见书,长川科技:国浩律师(杭州)事务所关于杭州长川科技股份有限公司2025年第三次临时股东大会之法律意见书(2),https://data.eastmoney.com/notices/detail/300604/AN202512311812176137.html,institutional_capital,eastmoney_notice
SZSE:300604,长川科技,2025-12-26,股东/实际控制人股份减持,长川科技:杭州长川科技股份有限公司关于公司实际控制人之一致行动人股份变动触及1%整数倍的公告,https://data.eastmoney.com/notices/detail/300604/AN202512261808687198.html,,eastmoney_notice
SZSE:300604,长川科技,2025-12-25,提供/对外担保公告,长川科技:杭州长川科技股份有限公司关于公司为全资子公司固定资产借款业务提供担保的公告,https://data.eastmoney.com/notices/detail/300604/AN202512241807289535.html,,eastmoney_notice
SZSE:300604,长川科技,2025-12-25,董事会决议公告,长川科技:杭州长川科技股份有限公司第四届董事会第十五次会议决议的公告,https://data.eastmoney.com/notices/detail/300604/AN202512241807289534.html,,eastmoney_notice
SZSE:300604,长川科技,2025-12-25,借贷,长川科技:杭州长川科技股份有限公司关于公司及子公司向银行申请增加综合授信额度的公告,https://data.eastmoney.com/notices/detail/300604/AN202512241807289532.html,,eastmoney_notice
SZSE:300604,长川科技,2025-12-25,召开股东大会通知,长川科技:杭州长川科技股份有限公司关于召开2026年第一次临时股东会通知的公告,https://data.eastmoney.com/notices/detail/300604/AN202512241807288526.html,institutional_capital,eastmoney_notice
SZSE:300604,长川科技,2025-12-25,监事会决议公告,长川科技:杭州长川科技股份有限公司第四届监事会第十五次会议决议的公告,https://data.eastmoney.com/notices/detail/300604/AN202512241807288529.html,,eastmoney_notice
SZSE:300604,长川科技,2025-12-16,议事规则/实施细则,长川科技:杭州长川科技股份有限公司董事会秘书工作细则(2025年12月),https://data.eastmoney.com/notices/detail/300604/AN202512151801146098.html,,eastmoney_notice
SZSE:300604,长川科技,2025-12-16,管理办法/制度,长川科技:杭州长川科技股份有限公司信息披露暂缓与豁免管理制度(2025年12月),https://data.eastmoney.com/notices/detail/300604/AN202512151801146080.html,,eastmoney_notice
SZSE:300604,长川科技,2025-12-16,议事规则/实施细则,长川科技:杭州长川科技股份有限公司董事会提名委员会实施细则(2025年12月),https://data.eastmoney.com/notices/detail/300604/AN202512151801146103.html,,eastmoney_notice
SZSE:300604,长川科技,2025-12-16,其他,长川科技:发行人关于本次发行方案的论证分析报告(修订稿),https://data.eastmoney.com/notices/detail/300604/AN202512151801146078.html,,eastmoney_notice
SZSE:300604,长川科技,2025-12-16,股权转让,长川科技:杭州长川科技股份有限公司关于拟以公开摘牌方式受让控股子公司少数股东股权暨关联交易的公告,https://data.eastmoney.com/notices/detail/300604/AN202512151801146079.html,institutional_capital,eastmoney_notice
SZSE:300604,长川科技,2025-12-16,增发方案修订,长川科技:关于调整公司2025年度向特定对象发行A股股票方案的公告,https://data.eastmoney.com/notices/detail/300604/AN202512151801146097.html,,eastmoney_notice
SZSE:300604,长川科技,2025-12-16,议事规则/实施细则,长川科技:杭州长川科技股份有限公司董事会战略委员会实施细则(2025年12月),https://data.eastmoney.com/notices/detail/300604/AN202512151801146099.html,,eastmoney_notice
SZSE:300604,长川科技,2025-12-16,公司章程修订,长川科技:杭州长川科技股份有限公司关于取消监事会、修订《公司章程》、修订及制定公司部分治理制度的公告,https://data.eastmoney.com/notices/detail/300604/AN202512151801146105.html,,eastmoney_notice
SZSE:300604,长川科技,2025-12-16,管理办法/制度,长川科技:杭州长川科技股份有限公司对外担保管理制度(2025年12月),https://data.eastmoney.com/notices/detail/300604/AN202512151801146102.html,,eastmoney_notice
SZSE:300604,长川科技,2025-12-16,议事规则/实施细则,长川科技:杭州长川科技股份有限公司股东会议事规则(2025年12月),https://data.eastmoney.com/notices/detail/300604/AN202512151801146083.html,institutional_capital,eastmoney_notice
SZSE:300604,长川科技,2025-12-16,管理办法/制度,长川科技:杭州长川科技股份有限公司募集资金管理办法(2025年12月),https://data.eastmoney.com/notices/detail/300604/AN202512151801146112.html,,eastmoney_notice
SZSE:300604,长川科技,2025-12-16,管理办法/制度,长川科技:杭州长川科技股份有限公司媒体采访接待管理制度(2025年12月),https://data.eastmoney.com/notices/detail/300604/AN202512151801146101.html,investor_relations,eastmoney_notice
SZSE:300604,长川科技,2025-12-16,增发提示性公告,长川科技:关于2025年度向特定对象发行A股股票预案(修订稿)披露的提示性公告,https://data.eastmoney.com/notices/detail/300604/AN202512151801146117.html,,eastmoney_notice
SZSE:300604,长川科技,2025-12-16,管理办法/制度,长川科技:杭州长川科技股份有限公司董事和高级管理人员所持本公司股份及其变动管理制度(2025年12月),https://data.eastmoney.com/notices/detail/300604/AN202512151801146096.html,,eastmoney_notice
SZSE:300604,长川科技,2025-12-16,管理办法/制度,长川科技:杭州长川科技股份有限公司对外投资管理办法(2025年12月),https://data.eastmoney.com/notices/detail/300604/AN202512151801146089.html,,eastmoney_notice
SZSE:300604,长川科技,2025-12-16,管理办法/制度,长川科技:杭州长川科技股份有限公司关联交易管理制度(2025年12月),https://data.eastmoney.com/notices/detail/300604/AN202512151801146095.html,,eastmoney_notice
SZSE:300604,长川科技,2025-12-16,召开股东大会通知,长川科技:杭州长川科技股份有限公司关于召开2025年第三次临时股东大会通知的公告,https://data.eastmoney.com/notices/detail/300604/AN202512151801146128.html,institutional_capital,eastmoney_notice
SZSE:300604,长川科技,2025-12-16,公司章程修订,长川科技:杭州长川科技股份有限公司章程(2025年12月修订),https://data.eastmoney.com/notices/detail/300604/AN202512151801146124.html,,eastmoney_notice
SZSE:300604,长川科技,2025-12-16,增发方案修订,长川科技:杭州长川科技股份有限公司第四届董事会第十四次会议决议的公告,https://data.eastmoney.com/notices/detail/300604/AN202512151801146088.html,,eastmoney_notice
SZSE:300604,长川科技,2025-12-16,其他,长川科技:未来三年(2025-2027年)股东回报规划(修订稿),https://data.eastmoney.com/notices/detail/300604/AN202512151801146111.html,institutional_capital,eastmoney_notice
SZSE:300604,长川科技,2025-12-16,议事规则/实施细则,长川科技:杭州长川科技股份有限公司董事会议事规则(2025年12月),https://data.eastmoney.com/notices/detail/300604/AN202512151801146129.html,,eastmoney_notice
SZSE:300604,长川科技,2025-12-16,管理办法/制度,长川科技:杭州长川科技股份有限公司重大信息内部报告制度(2025年12月),https://data.eastmoney.com/notices/detail/300604/AN202512151801146087.html,,eastmoney_notice
SZSE:300604,长川科技,2025-12-16,管理办法/制度,长川科技:杭州长川科技股份有限公司独立董事专门会议工作制度(2025年12月),https://data.eastmoney.com/notices/detail/300604/AN202512151801146086.html,,eastmoney_notice
SZSE:300604,长川科技,2025-12-16,监事会决议公告,长川科技:杭州长川科技股份有限公司第四届监事会第十四次会议决议的公告,https://data.eastmoney.com/notices/detail/300604/AN202512151801146119.html,,eastmoney_notice
SZSE:300604,长川科技,2025-12-16,管理办法/制度,长川科技:杭州长川科技股份有限公司内幕信息知情人登记管理制度(2025年12月),https://data.eastmoney.com/notices/detail/300604/AN202512151801146085.html,,eastmoney_notice
SZSE:300604,长川科技,2025-12-16,议事规则/实施细则,长川科技:杭州长川科技股份有限公司董事会审计委员会实施细则(2025年12月),https://data.eastmoney.com/notices/detail/300604/AN202512151801146093.html,,eastmoney_notice
SZSE:300604,长川科技,2025-12-16,增发方案修订,长川科技:2025年度向特定对象发行A股股票预案(修订稿),https://data.eastmoney.com/notices/detail/300604/AN202512151801146090.html,,eastmoney_notice
SZSE:300604,长川科技,2025-12-16,管理办法/制度,长川科技:杭州长川科技股份有限公司独立董事工作制度(2025年12月),https://data.eastmoney.com/notices/detail/300604/AN202512151801146118.html,,eastmoney_notice
SZSE:300604,长川科技,2025-12-16,其他,长川科技:关于本次募集资金使用的可行性报告(修订稿),https://data.eastmoney.com/notices/detail/300604/AN202512151801146123.html,,eastmoney_notice
SZSE:300604,长川科技,2025-12-16,增发方案修订,长川科技:关于2025年度向特定对象发行A股股票预案及相关文件修订情况说明的公告,https://data.eastmoney.com/notices/detail/300604/AN202512151801146113.html,,eastmoney_notice
SZSE:300604,长川科技,2025-12-16,管理办法/制度,长川科技:杭州长川科技股份有限公司信息披露管理制度(2025年12月),https://data.eastmoney.com/notices/detail/300604/AN202512151801146122.html,,eastmoney_notice
SZSE:300604,长川科技,2025-12-16,议事规则/实施细则,长川科技:杭州长川科技股份有限公司总经理工作细则(2025年12月),https://data.eastmoney.com/notices/detail/300604/AN202512151801146130.html,,eastmoney_notice
SZSE:300604,长川科技,2025-12-16,其他,长川科技:关于2025年度向特定对象发行股票摊薄即期回报、填补措施及相关主体承诺(修订稿)的公告,https://data.eastmoney.com/notices/detail/300604/AN202512151801146126.html,,eastmoney_notice
SZSE:300604,长川科技,2025-12-16,议事规则/实施细则,长川科技:杭州长川科技股份有限公司董事会薪酬与考核委员会实施细则(2025年12月),https://data.eastmoney.com/notices/detail/300604/AN202512151801146110.html,,eastmoney_notice
SZSE:300604,长川科技,2025-11-28,股东/实际控制人股份减持,长川科技:杭州长川科技股份有限公司关于公司实际控制人之一致行动人及持股5%以上股东、部分董事减持股份计划的预披露公告,https://data.eastmoney.com/notices/detail/300604/AN202511281790107687.html,institutional_capital,eastmoney_notice
SZSE:300604,长川科技,2025-11-28,再融资修订稿,长川科技:2025年度向特定对象发行股票并在创业板上市募集说明书(修订稿),https://data.eastmoney.com/notices/detail/300604/AN202511271789438499.html,,eastmoney_notice
SZSE:300604,长川科技,2025-11-28,回复问询函公告,长川科技:杭州长川科技股份有限公司关于向特定对象发行股票的审核问询函回复及募集说明书等申请文件更新的提示性公告,https://data.eastmoney.com/notices/detail/300604/AN202511271789438498.html,risk,eastmoney_notice
SZSE:300604,长川科技,2025-11-28,专项说明/独立意见,长川科技:天健会计师事务所(特殊普通合伙)关于杭州长川科技股份有限公司2025年向特定对象发行股票的问询函专项说明(豁免版),https://data.eastmoney.com/notices/detail/300604/AN202511271789438502.html,risk,eastmoney_notice
SZSE:300604,长川科技,2025-11-28,回复问询函公告,长川科技:关于杭州长川科技股份有限公司申请向特定对象发行股票的审核问询函的回复(豁免版),https://data.eastmoney.com/notices/detail/300604/AN202511271789438496.html,risk,eastmoney_notice
SZSE:300604,长川科技,2025-11-28,发行保荐书,长川科技:华泰联合证券有限责任公司关于杭州长川科技股份有限公司2025年度向特定对象发行股票并在创业板上市之发行保荐书,https://data.eastmoney.com/notices/detail/300604/AN202511271789438500.html,,eastmoney_notice
SZSE:300604,长川科技,2025-11-28,上市保荐书,长川科技:华泰联合证券有限责任公司关于杭州长川科技股份有限公司2025年向特定对象发行股票并在创业板上市之上市保荐书,https://data.eastmoney.com/notices/detail/300604/AN202511271789438501.html,,eastmoney_notice
SZSE:300604,长川科技,2025-11-28,法律意见书,长川科技:国浩律师(杭州)事务所关于杭州长川科技股份有限公司2025年度向特定对象发行A股股票之补充法律意见书(一),https://data.eastmoney.com/notices/detail/300604/AN202511271789438497.html,,eastmoney_notice
SZSE:300604,长川科技,2025-11-07,限售股份上市流通,长川科技:杭州长川科技股份有限公司关于2022年限制性股票激励计划首次授予部分第三个归属期及2024年限制性股票激励计划首次授予部分第一个归属期第一批次归属结果暨股份上市的公告,https://data.eastmoney.com/notices/detail/300604/AN202511061776298553.html,institutional_capital,eastmoney_notice
SZSE:300604,长川科技,2025-10-30,其他,长川科技:杭州长川科技股份有限公司2025年第三季度报告披露的提示性公告,https://data.eastmoney.com/notices/detail/300604/AN202510291771378676.html,earnings,eastmoney_notice
SZSE:300604,长川科技,2025-10-30,三季度报告全文,长川科技:2025年三季度报告,https://data.eastmoney.com/notices/detail/300604/AN202510291771378667.html,earnings,eastmoney_notice
SZSE:300604,长川科技,2025-10-30,董事会决议公告,长川科技:杭州长川科技股份有限公司第四届董事会第十三次会议决议的公告,https://data.eastmoney.com/notices/detail/300604/AN202510291771378439.html,,eastmoney_notice
SZSE:300604,长川科技,2025-10-30,保荐/核查意见,长川科技:华泰联合证券有限责任公司关于杭州长川科技股份有限公司使用部分闲置募集资金临时补充流动资金的核查意见,https://data.eastmoney.com/notices/detail/300604/AN202510291771378702.html,,eastmoney_notice
SZSE:300604,长川科技,2025-10-30,监事会决议公告,长川科技:杭州长川科技股份有限公司第四届监事会第十三次会议决议的公告,https://data.eastmoney.com/notices/detail/300604/AN202510291771378663.html,,eastmoney_notice
SZSE:300604,长川科技,2025-10-30,募集资金补充流动资金,长川科技:杭州长川科技股份有限公司关于归还募集资金及继续使用部分闲置募集资金临时补充流动资金的公告,https://data.eastmoney.com/notices/detail/300604/AN202510291771378678.html,,eastmoney_notice
SZSE:300604,长川科技,2025-10-30,归还募集资金,长川科技:杭州长川科技股份有限公司关于归还募集资金的公告,https://data.eastmoney.com/notices/detail/300604/AN202510291771377336.html,,eastmoney_notice
SZSE:300604,长川科技,2025-10-28,法律意见书,长川科技:国浩律师(杭州)事务所关于杭州长川科技股份有限公司2025年度向特定对象发行A股股票之法律意见书,https://data.eastmoney.com/notices/detail/300604/AN202510281770712562.html,,eastmoney_notice
SZSE:300604,长川科技,2025-10-28,其他,长川科技:关于向特定对象发行股票申请获得深圳证券交易所受理的公告,https://data.eastmoney.com/notices/detail/300604/AN202510281770711719.html,,eastmoney_notice
SZSE:300604,长川科技,2025-10-27,创业板再融资审计报告申报稿,6-1发行人最近一年的财务报告及其审计报告以及最近一期的财务报告(申报稿)(杭州长川科技股份有限公司),https://data.eastmoney.com/notices/detail/300604/AN202510271770166061.html,,eastmoney_notice
SZSE:300604,长川科技,2025-10-27,创业板再融资募集说明书申报稿,1-1募集说明书(申报稿)(杭州长川科技股份有限公司),https://data.eastmoney.com/notices/detail/300604/AN202510271770166060.html,,eastmoney_notice
SZSE:300604,长川科技,2025-10-27,创业板再融资法律意见书申报稿,4-1法律意见书(申报稿)(杭州长川科技股份有限公司),https://data.eastmoney.com/notices/detail/300604/AN202510271770166067.html,,eastmoney_notice
SZSE:300604,长川科技,2025-10-27,创业板再融资上市保荐书申报稿,3-3上市保荐书(申报稿)(杭州长川科技股份有限公司),https://data.eastmoney.com/notices/detail/300604/AN202510271770166066.html,,eastmoney_notice
SZSE:300604,长川科技,2025-10-27,创业板再融资发行保荐书申报稿,3-1证券发行保荐书(申报稿)(杭州长川科技股份有限公司),https://data.eastmoney.com/notices/detail/300604/AN202510271770166065.html,,eastmoney_notice
SZSE:300604,长川科技,2025-09-26,股东大会决议公告,长川科技:杭州长川科技股份有限公司2025年第二次临时股东大会决议的公告,https://data.eastmoney.com/notices/detail/300604/AN202509251750439536.html,institutional_capital,eastmoney_notice
SZSE:300604,长川科技,2025-09-26,法律意见书,长川科技:国浩律师(杭州)事务所关于杭州长川科技股份有限公司2025年第二次临时股东大会之法律意见书,https://data.eastmoney.com/notices/detail/300604/AN202509251750439537.html,institutional_capital,eastmoney_notice
SZSE:300604,长川科技,2025-09-25,股份质押、冻结,长川科技:杭州长川科技股份有限公司关于实际控制人股份解除质押的公告,https://data.eastmoney.com/notices/detail/300604/AN202509241749831009.html,institutional_capital,eastmoney_notice
SZSE:300604,长川科技,2025-09-25,权益变动报告书,长川科技:杭州长川科技股份有限公司关于公司实际控制人之一致行动人、持股5%以上股东权益变动比例触及1%整数倍暨减持计划实施完毕的公告,https://data.eastmoney.com/notices/detail/300604/AN202509241749830993.html,institutional_capital,eastmoney_notice
SZSE:300604,长川科技,2025-09-25,股票交易异常波动,长川科技:杭州长川科技股份有限公司关于股票交易异常波动的公告,https://data.eastmoney.com/notices/detail/300604/AN202509241749830994.html,,eastmoney_notice
SZSE:300604,长川科技,2025-09-23,业绩预告,长川科技:杭州长川科技股份有限公司2025年前三季度业绩预告,https://data.eastmoney.com/notices/detail/300604/AN202509221748571474.html,earnings,eastmoney_notice
SZSE:300604,长川科技,2025-09-09,法律意见书,长川科技:国浩律师(杭州)事务所关于杭州长川科技股份有限公司2022年限制性股票激励计划调整授予价格、首次授予部分第三个归属期符合归属条件及作废部分限制性股票的法律意见书,https://data.eastmoney.com/notices/detail/300604/AN202509081740414392.html,institutional_capital,eastmoney_notice
SZSE:300604,长川科技,2025-09-09,股权激励进展公告,长川科技:杭州长川科技股份有限公司2022年限制性股票激励计划首次授予部分第三个归属期符合归属条件的公告,https://data.eastmoney.com/notices/detail/300604/AN202509081740414395.html,institutional_capital,eastmoney_notice
SZSE:300604,长川科技,2025-09-09,股权激励行权价（数量）调整,长川科技:杭州长川科技股份有限公司关于调整2022年限制性股票激励计划授予价格的公告,https://data.eastmoney.com/notices/detail/300604/AN202509081740414393.html,institutional_capital,eastmoney_notice
SZSE:300604,长川科技,2025-09-09,股权激励进展公告,长川科技:杭州长川科技股份有限公司关于作废2024年限制性股票激励计划部分已授予尚未归属的限制性股票的公告,https://data.eastmoney.com/notices/detail/300604/AN202509081740414399.html,institutional_capital,eastmoney_notice
SZSE:300604,长川科技,2025-09-09,专项说明/独立意见,长川科技:杭州长川科技股份有限公司监事会关于2022年限制性股票激励计划首次授予部分第三个归属期及2024年限制性股票激励计划首次授予部分第一个归属期归属名单的核查意见,https://data.eastmoney.com/notices/detail/300604/AN202509081740414391.html,institutional_capital,eastmoney_notice
SZSE:300604,长川科技,2025-09-09,募集资金使用情况报告,长川科技:前次募集资金使用情况报告,https://data.eastmoney.com/notices/detail/300604/AN202509081740414403.html,,eastmoney_notice
SZSE:300604,长川科技,2025-09-09,股权激励进展公告,长川科技:杭州长川科技股份有限公司关于作废2022年限制性股票激励计划部分限制性股票的公告,https://data.eastmoney.com/notices/detail/300604/AN202509081740414389.html,institutional_capital,eastmoney_notice
SZSE:300604,长川科技,2025-09-09,股权激励进展公告,长川科技:杭州长川科技股份有限公司2024年限制性股票激励计划首次授予部分第一个归属期符合归属条件的公告,https://data.eastmoney.com/notices/detail/300604/AN202509081740414388.html,institutional_capital,eastmoney_notice
SZSE:300604,长川科技,2025-09-09,保荐/核查意见,长川科技:前次募集资金使用情况鉴证报告,https://data.eastmoney.com/notices/detail/300604/AN202509081740414394.html,,eastmoney_notice
SZSE:300604,长川科技,2025-09-09,高管人员任职变动,长川科技:杭州长川科技股份有限公司关于变更董事及专门委员会委员的公告,https://data.eastmoney.com/notices/detail/300604/AN202509081740414401.html,,eastmoney_notice
SZSE:300604,长川科技,2025-09-09,专项说明/独立意见,长川科技:杭州长川科技股份有限公司董事会薪酬与考核委员会关于2022年限制性股票激励计划首次授予部分第三个归属期及2024年限制性股票激励计划首次授予部分第一个归属期归属名单的核查意见,https://data.eastmoney.com/notices/detail/300604/AN202509081740414396.html,institutional_capital,eastmoney_notice
SZSE:300604,长川科技,2025-09-09,收购出售资产/股权,长川科技:杭州长川科技股份有限公司关于收购控股子公司科为升视觉技术(苏州)有限公司少数股东股权的公告,https://data.eastmoney.com/notices/detail/300604/AN202509081740414400.html,institutional_capital,eastmoney_notice
SZSE:300604,长川科技,2025-09-09,高管人员任职变动,长川科技:杭州长川科技股份有限公司第四届董事会第十二次会议决议的公告,https://data.eastmoney.com/notices/detail/300604/AN202509081740414397.html,,eastmoney_notice
SZSE:300604,长川科技,2025-09-09,法律意见书,长川科技:国浩律师(杭州)事务所关于杭州长川科技股份有限公司2024年限制性股票激励计划调整授予价格、首次授予部分第一个归属期符合归属条件及作废部分限制性股票的法律意见书,https://data.eastmoney.com/notices/detail/300604/AN202509081740414404.html,institutional_capital,eastmoney_notice
SZSE:300604,长川科技,2025-09-09,借贷,长川科技:杭州长川科技股份有限公司关于拟以控股子公司股权质押向银行申请并购贷款的公告,https://data.eastmoney.com/notices/detail/300604/AN202509081740414390.html,institutional_capital,eastmoney_notice
SZSE:300604,长川科技,2025-09-09,保荐/核查意见,长川科技:非经常性损益鉴证报告,https://data.eastmoney.com/notices/detail/300604/AN202509081740414402.html,,eastmoney_notice
SZSE:300604,长川科技,2025-09-09,召开股东大会通知,长川科技:杭州长川科技股份有限公司关于召开2025年第二次临时股东大会通知的公告,https://data.eastmoney.com/notices/detail/300604/AN202509081740414387.html,institutional_capital,eastmoney_notice
SZSE:300604,长川科技,2025-09-09,监事会决议公告,长川科技:杭州长川科技股份有限公司第四届监事会第十二次会议决议的公告,https://data.eastmoney.com/notices/detail/300604/AN202509081740414405.html,,eastmoney_notice
SZSE:300604,长川科技,2025-09-09,股权激励行权价（数量）调整,长川科技:杭州长川科技股份有限公司关于调整2024年限制性股票激励计划授予价格的公告,https://data.eastmoney.com/notices/detail/300604/AN202509081740414398.html,institutional_capital,eastmoney_notice
SZSE:300604,长川科技,2025-08-28,权益变动报告书,长川科技:杭州长川科技股份有限公司关于公司实际控制人所控制的合伙企业终止协议转让部分公司股份暨终止权益变动的公告,https://data.eastmoney.com/notices/detail/300604/AN202508271735513742.html,risk,eastmoney_notice
SZSE:300604,长川科技,2025-08-15,高管人员持股变动,长川科技:杭州长川科技股份有限公司关于公司高级管理人员减持股份计划完成的公告,https://data.eastmoney.com/notices/detail/300604/AN202508151728140288.html,institutional_capital,eastmoney_notice
SZSE:300604,长川科技,2025-07-22,董事会决议公告,长川科技:董事会决议公告,https://data.eastmoney.com/notices/detail/300604/AN202507211713127702.html,,eastmoney_notice
SZSE:300604,长川科技,2025-07-22,半年度报告摘要,长川科技:2025年半年度报告摘要,https://data.eastmoney.com/notices/detail/300604/AN202507211713127698.html,earnings,eastmoney_notice
SZSE:300604,长川科技,2025-07-22,股东/实际控制人股份减持,长川科技:杭州长川科技股份有限公司关于公司实际控制人之一致行动人、持股5%以上股东及高级管理人员减持股份计划的预披露公告,https://data.eastmoney.com/notices/detail/300604/AN202507211713127701.html,institutional_capital,eastmoney_notice
SZSE:300604,长川科技,2025-07-22,募集资金使用情况报告,长川科技:2025年半年度募集资金存放与使用情况的专项报告,https://data.eastmoney.com/notices/detail/300604/AN202507211713127709.html,,eastmoney_notice
SZSE:300604,长川科技,2025-07-22,其他,长川科技:2025年半年度报告披露的提示性公告,https://data.eastmoney.com/notices/detail/300604/AN202507211713127707.html,earnings,eastmoney_notice
SZSE:300604,长川科技,2025-07-22,监事会决议公告,长川科技:监事会决议公告,https://data.eastmoney.com/notices/detail/300604/AN202507211713127712.html,,eastmoney_notice
SZSE:300604,长川科技,2025-07-22,半年度报告全文,长川科技:2025年半年度报告,https://data.eastmoney.com/notices/detail/300604/AN202507211713127705.html,earnings,eastmoney_notice
SZSE:300604,长川科技,2025-07-22,资金占用,长川科技:2025半年度非经营性资金占用及其他关联资金往来情况汇总表,https://data.eastmoney.com/notices/detail/300604/AN202507211713127713.html,,eastmoney_notice
SZSE:300604,长川科技,2025-07-11,法律意见书,长川科技:国浩律师(杭州)事务所关于杭州长川科技股份有限公司2025年第一次临时股东大会之法律意见书,https://data.eastmoney.com/notices/detail/300604/AN202507101706477038.html,institutional_capital,eastmoney_notice
SZSE:300604,长川科技,2025-07-11,增发预案,长川科技:杭州长川科技股份有限公司2025年第一次临时股东大会决议的公告,https://data.eastmoney.com/notices/detail/300604/AN202507101706477037.html,institutional_capital,eastmoney_notice
SZSE:300604,长川科技,2025-07-11,分配方案实施,长川科技:杭州长川科技股份有限公司2024年年度权益分派实施公告,https://data.eastmoney.com/notices/detail/300604/AN202507101706428740.html,,eastmoney_notice
SZSE:300604,长川科技,2025-06-26,业绩预告,长川科技:杭州长川科技股份有限公司2025年半年度业绩预告,https://data.eastmoney.com/notices/detail/300604/AN202506251697453553.html,earnings,eastmoney_notice
SZSE:300604,长川科技,2025-06-25,专项说明/独立意见,长川科技:杭州长川科技股份有限公司监事会关于公司向特定对象发行股票相关事项的书面确认意见,https://data.eastmoney.com/notices/detail/300604/AN202506241696854531.html,,eastmoney_notice
SZSE:300604,长川科技,2025-06-25,监事会决议公告,长川科技:杭州长川科技股份有限公司第四届监事会第十次会议决议的公告,https://data.eastmoney.com/notices/detail/300604/AN202506241696854525.html,,eastmoney_notice
SZSE:300604,长川科技,2025-06-25,保荐/核查意见,长川科技:长川科技非经常性损益鉴证报告,https://data.eastmoney.com/notices/detail/300604/AN202506241696854527.html,,eastmoney_notice
SZSE:300604,长川科技,2025-06-25,其他,长川科技:2025年度向特定对象发行股票募集资金使用可行性分析报告,https://data.eastmoney.com/notices/detail/300604/AN202506241696854522.html,,eastmoney_notice
SZSE:300604,长川科技,2025-06-25,其他,长川科技:2025年度向特定对象发行股票方案的论证分析报告,https://data.eastmoney.com/notices/detail/300604/AN202506241696854535.html,,eastmoney_notice
SZSE:300604,长川科技,2025-06-25,增发预案,长川科技:2025年度向特定对象发行A股股票预案,https://data.eastmoney.com/notices/detail/300604/AN202506241696854533.html,,eastmoney_notice
SZSE:300604,长川科技,2025-06-25,处罚,长川科技:杭州长川科技股份有限公司关于最近五年被证券监管部门和交易所采取监管措施或处罚情况及整改措施的公告,https://data.eastmoney.com/notices/detail/300604/AN202506241696854526.html,risk,eastmoney_notice
SZSE:300604,长川科技,2025-06-25,其他,长川科技:杭州长川科技股份有限公司未来三年(2025-2027年)股东回报规划,https://data.eastmoney.com/notices/detail/300604/AN202506241696854529.html,institutional_capital,eastmoney_notice
SZSE:300604,长川科技,2025-06-25,增发预案,长川科技:杭州长川科技股份有限公司第四届董事会第十次会议决议的公告,https://data.eastmoney.com/notices/detail/300604/AN202506241696854524.html,,eastmoney_notice
SZSE:300604,长川科技,2025-06-25,增发提示性公告,长川科技:关于向特定对象发行股票预案披露的提示性公告,https://data.eastmoney.com/notices/detail/300604/AN202506241696854528.html,,eastmoney_notice
SZSE:300604,长川科技,2025-06-25,其他,长川科技:关于2025年度向特定对象发行股票摊薄即期回报、填补措施及相关主体承诺的公告,https://data.eastmoney.com/notices/detail/300604/AN202506241696854534.html,,eastmoney_notice
SZSE:300604,长川科技,2025-06-25,募集资金使用情况报告,长川科技:前次募集资金使用情况报告,https://data.eastmoney.com/notices/detail/300604/AN202506241696854532.html,,eastmoney_notice
SZSE:300604,长川科技,2025-06-25,召开股东大会通知,长川科技:杭州长川科技股份有限公司关于召开2025年第一次临时股东大会通知的公告,https://data.eastmoney.com/notices/detail/300604/AN202506241696854523.html,institutional_capital,eastmoney_notice
SZSE:300604,长川科技,2025-06-25,保荐/核查意见,长川科技:前次募集资金使用情况鉴证报告,https://data.eastmoney.com/notices/detail/300604/AN202506241696854530.html,,eastmoney_notice
SZSE:300604,长川科技,2025-06-18,投资设立公司,长川科技:杭州长川科技股份有限公司关于与专业投资机构共同投资设立合资公司完成工商登记并取得《营业执照》的进展公告,https://data.eastmoney.com/notices/detail/300604/AN202506171692689372.html,,eastmoney_notice
SZSE:300604,长川科技,2025-06-05,借贷,长川科技:杭州长川科技股份有限公司关于以控股子公司股权质押向银行申请并购贷款的公告,https://data.eastmoney.com/notices/detail/300604/AN202506041684770708.html,institutional_capital,eastmoney_notice
SZSE:300604,长川科技,2025-06-05,监事会决议公告,长川科技:杭州长川科技股份有限公司第四届监事会第九次会议决议的公告,https://data.eastmoney.com/notices/detail/300604/AN202506041684770695.html,,eastmoney_notice
SZSE:300604,长川科技,2025-06-05,董事会决议公告,长川科技:杭州长川科技股份有限公司第四届董事会第九次会议决议的公告,https://data.eastmoney.com/notices/detail/300604/AN202506041684770694.html,,eastmoney_notice
SZSE:300857,协创数据,2026-05-30,公司经营范围变更,协创数据:关于变更注册资本、经营范围及修订《公司章程》并授权办理工商变更登记的公告,https://data.eastmoney.com/notices/detail/300857/AN202605291823024941.html,,eastmoney_notice
SZSE:300857,协创数据,2026-05-30,董事会决议公告,协创数据:第四届董事会第十六次会议决议公告,https://data.eastmoney.com/notices/detail/300857/AN202605291823024936.html,,eastmoney_notice
SZSE:300857,协创数据,2026-05-30,公司章程,协创数据:公司章程,https://data.eastmoney.com/notices/detail/300857/AN202605291823024937.html,,eastmoney_notice
SZSE:300857,协创数据,2026-05-30,召开股东大会通知,协创数据:关于召开2026年第五次临时股东会的通知,https://data.eastmoney.com/notices/detail/300857/AN202605291823024939.html,institutional_capital,eastmoney_notice
SZSE:300857,协创数据,2026-05-30,关联交易,协创数据:关于新增2026年度日常关联交易预计的公告,https://data.eastmoney.com/notices/detail/300857/AN202605291823024935.html,,eastmoney_notice
SZSE:300857,协创数据,2026-05-21,限售股份上市流通,协创数据:关于2023年限制性股票激励计划首次授予部分第三个归属期及预留授予部分第二个归属期归属结果暨股份上市的公告,https://data.eastmoney.com/notices/detail/300857/AN202605211822652404.html,institutional_capital,eastmoney_notice
SZSE:300857,协创数据,2026-05-15,提供/对外担保公告,协创数据:关于公司为全资子公司提供担保的进展公告,https://data.eastmoney.com/notices/detail/300857/AN202605151822353632.html,,eastmoney_notice
SZSE:300857,协创数据,2026-05-15,股东/实际控制人股份减持,协创数据:关于部分董事、高级管理人员股份减持计划完成及部分董事提前终止减持计划的公告,https://data.eastmoney.com/notices/detail/300857/AN202605151822353613.html,"institutional_capital,risk",eastmoney_notice
SZSE:300857,协创数据,2026-05-14,其他,协创数据:关于公司开展融资租赁业务的进展公告,https://data.eastmoney.com/notices/detail/300857/AN202605141822319451.html,,eastmoney_notice
SZSE:300857,协创数据,2026-05-12,股份质押、冻结,协创数据:关于控股股东部分股份解除质押的公告,https://data.eastmoney.com/notices/detail/300857/AN202605121822220885.html,institutional_capital,eastmoney_notice
SZSE:300857,协创数据,2026-05-06,公司关联方基本资料变更,协创数据:关于控股子公司完成工商变更登记的公告,https://data.eastmoney.com/notices/detail/300857/AN202605061821993677.html,,eastmoney_notice
SZSE:300857,协创数据,2026-04-29,提供/对外担保公告,协创数据:关于全资子公司开展融资租赁业务暨公司为全资子公司提供担保的进展公告,https://data.eastmoney.com/notices/detail/300857/AN202604291821762115.html,,eastmoney_notice
SZSE:300857,协创数据,2026-04-29,增发提示性公告,协创数据:关于筹划向特定对象发行股票的提示性公告,https://data.eastmoney.com/notices/detail/300857/AN202604291821762113.html,,eastmoney_notice
SZSE:300857,协创数据,2026-04-28,股东大会决议公告,协创数据:2026年第四次临时股东会决议公告,https://data.eastmoney.com/notices/detail/300857/AN202604281821691960.html,institutional_capital,eastmoney_notice
SZSE:300857,协创数据,2026-04-28,其他,协创数据:关于公司开展融资租赁业务的进展公告,https://data.eastmoney.com/notices/detail/300857/AN202604281821691958.html,,eastmoney_notice
SZSE:300857,协创数据,2026-04-28,法律意见书,协创数据:广东信达律师事务所关于协创数据技术股份有限公司2026年第四次临时股东会的法律意见书,https://data.eastmoney.com/notices/detail/300857/AN202604281821691959.html,institutional_capital,eastmoney_notice
SZSE:300857,协创数据,2026-04-28,一季度报告全文,协创数据:2026年一季度报告,https://data.eastmoney.com/notices/detail/300857/AN202604271821627890.html,earnings,eastmoney_notice
SZSE:300857,协创数据,2026-04-28,董事会决议公告,协创数据:第四届董事会第十五次会议决议公告,https://data.eastmoney.com/notices/detail/300857/AN202604271821627871.html,,eastmoney_notice
SZSE:300857,协创数据,2026-04-28,ESG公告,协创数据:2025年度环境、社会和公司治理(ESG)报告(英文版),https://data.eastmoney.com/notices/detail/300857/AN202604271821627863.html,,eastmoney_notice
SZSE:300857,协创数据,2026-04-28,其他,协创数据:关于2026年第一季度报告披露的提示性公告,https://data.eastmoney.com/notices/detail/300857/AN202604271821627581.html,earnings,eastmoney_notice
SZSE:300857,协创数据,2026-04-24,权益变动报告书,协创数据:简式权益变动报告书,https://data.eastmoney.com/notices/detail/300857/AN202604241821559019.html,,eastmoney_notice
SZSE:300857,协创数据,2026-04-24,询价转让核查报告/意见,协创数据:国金证券股份有限公司关于协创数据技术股份有限公司股东向特定机构投资者询价转让股份的核查报告,https://data.eastmoney.com/notices/detail/300857/AN202604241821559017.html,institutional_capital,eastmoney_notice
SZSE:300857,协创数据,2026-04-24,权益变动报告书,协创数据:关于股东询价转让结果报告书暨持股5%以上股东权益变动触及5%整数倍的提示性公告,https://data.eastmoney.com/notices/detail/300857/AN202604241821559018.html,institutional_capital,eastmoney_notice
SZSE:300857,协创数据,2026-04-22,公司章程,协创数据:公司章程,https://data.eastmoney.com/notices/detail/300857/AN202604221821448617.html,,eastmoney_notice
SZSE:300857,协创数据,2026-04-22,公司注册资本变更,协创数据:关于公司变更注册资本并完成工商变更登记的公告,https://data.eastmoney.com/notices/detail/300857/AN202604221821448629.html,,eastmoney_notice
SZSE:300857,协创数据,2026-04-20,询价转让定价情况提示性公告,协创数据:股东询价转让定价情况的提示性公告,https://data.eastmoney.com/notices/detail/300857/AN202604201821346134.html,institutional_capital,eastmoney_notice
SZSE:300857,协创数据,2026-04-17,询价转让计划书,协创数据:股东询价转让计划书,https://data.eastmoney.com/notices/detail/300857/AN202604171821307140.html,institutional_capital,eastmoney_notice
SZSE:300857,协创数据,2026-04-17,关联交易,协创数据:关于持股5%以上股东为公司及子公司提供资金支持暨关联交易的公告,https://data.eastmoney.com/notices/detail/300857/AN202604171821307134.html,institutional_capital,eastmoney_notice
SZSE:300857,协创数据,2026-04-17,增加股东大会议案,协创数据:关于2026年第四次临时股东会增加临时议案暨股东会补充通知的公告,https://data.eastmoney.com/notices/detail/300857/AN202604171821307135.html,institutional_capital,eastmoney_notice
SZSE:300857,协创数据,2026-04-17,管理办法/制度,协创数据:互动易平台信息发布及回复内部审核制度,https://data.eastmoney.com/notices/detail/300857/AN202604171821307139.html,,eastmoney_notice
SZSE:300857,协创数据,2026-04-17,股东/实际控制人股份减持,协创数据:关于部分董事、高级管理人员股份减持计划的预披露公告,https://data.eastmoney.com/notices/detail/300857/AN202604171821307136.html,institutional_capital,eastmoney_notice
SZSE:300857,协创数据,2026-04-17,董事会决议公告,协创数据:第四届董事会第十四次会议决议公告,https://data.eastmoney.com/notices/detail/300857/AN202604171821307132.html,,eastmoney_notice
SZSE:300857,协创数据,2026-04-17,询价转让核查报告/意见,协创数据:国金证券股份有限公司关于协创数据技术股份有限公司股东向特定机构投资者询价转让股份相关资格的核查意见,https://data.eastmoney.com/notices/detail/300857/AN202604171821307137.html,institutional_capital,eastmoney_notice
SZSE:300857,协创数据,2026-04-17,法律意见书,协创数据:上海君澜律师事务所关于协创数据技术股份有限公司调整2023年限制性股票激励计划授予价格及数量之法律意见书,https://data.eastmoney.com/notices/detail/300857/AN202604171821307133.html,institutional_capital,eastmoney_notice
SZSE:300857,协创数据,2026-04-17,股权激励行权价（数量）调整,协创数据:关于调整2023年限制性股票激励计划授予价格及授予数量的公告,https://data.eastmoney.com/notices/detail/300857/AN202604171821307138.html,institutional_capital,eastmoney_notice
SZSE:300857,协创数据,2026-04-17,调研活动,协创数据:2026年4月16日投资者关系活动记录表,https://data.eastmoney.com/notices/detail/300857/AN202604171821277680.html,investor_relations,eastmoney_notice
SZSE:300857,协创数据,2026-04-15,股票交易异常波动,协创数据:关于公司股票交易异常波动的公告,https://data.eastmoney.com/notices/detail/300857/AN202604151821240402.html,,eastmoney_notice
SZSE:300857,协创数据,2026-04-15,分配方案实施,协创数据:2025年年度权益分派实施公告,https://data.eastmoney.com/notices/detail/300857/AN202604141821190604.html,,eastmoney_notice
SZSE:300857,协创数据,2026-04-13,业绩预告,协创数据:2026第一季度业绩预告,https://data.eastmoney.com/notices/detail/300857/AN202604131821160157.html,earnings,eastmoney_notice
SZSE:300857,协创数据,2026-04-11,保荐/核查意见,协创数据:薪酬与考核委员会关于公司2023年限制性股票激励计划首次授予部分第三个归属期及预留授予部分第二个归属期归属名单的核查意见,https://data.eastmoney.com/notices/detail/300857/AN202604101821126608.html,institutional_capital,eastmoney_notice
SZSE:300857,协创数据,2026-04-11,高管人员任职变动,协创数据:关于聘任公司证券事务代表的公告,https://data.eastmoney.com/notices/detail/300857/AN202604101821126602.html,,eastmoney_notice
SZSE:300857,协创数据,2026-04-11,澄清公告,协创数据:关于媒体报道的澄清公告,https://data.eastmoney.com/notices/detail/300857/AN202604101821126605.html,,eastmoney_notice
SZSE:300857,协创数据,2026-04-11,股权激励进展公告,协创数据:关于2023年限制性股票激励计划首次授予部分第三个归属期及预留授予部分第二个归属期归属条件成就的公告,https://data.eastmoney.com/notices/detail/300857/AN202604101821126606.html,institutional_capital,eastmoney_notice
SZSE:300857,协创数据,2026-04-11,保荐/核查意见,协创数据:东方财富证券股份有限公司关于协创数据技术股份有限公司2023年限制性股票激励计划首次授予部分第三个归属期及预留授予部分第二个归属期归属相关事项之独立财务顾问报告,https://data.eastmoney.com/notices/detail/300857/AN202604101821126609.html,institutional_capital,eastmoney_notice
SZSE:300857,协创数据,2026-04-11,法律意见书,协创数据:上海君澜律师事务所关于协创数据技术股份有限公司2023年限制性股票激励计划首次授予部分第三个归属期及预留授予部分第二个归属期条件成就相关事项之法律意见书,https://data.eastmoney.com/notices/detail/300857/AN202604101821126607.html,institutional_capital,eastmoney_notice
SZSE:300857,协创数据,2026-04-11,召开股东大会通知,协创数据:关于召开2026年第四次临时股东会的通知,https://data.eastmoney.com/notices/detail/300857/AN202604101821126600.html,institutional_capital,eastmoney_notice
SZSE:300857,协创数据,2026-04-11,增资扩股,协创数据:关于增资取得光为科技(广州)有限公司51%股权的公告,https://data.eastmoney.com/notices/detail/300857/AN202604101821126604.html,,eastmoney_notice
SZSE:300857,协创数据,2026-04-11,借贷,协创数据:关于调整向关联股东借款相关事项暨关联交易的公告,https://data.eastmoney.com/notices/detail/300857/AN202604101821126603.html,institutional_capital,eastmoney_notice
SZSE:300857,协创数据,2026-04-11,其他担保公告,协创数据:关于公司及子公司新增2026年度向银行等金融或非金融机构申请综合授信暨有关担保的公告,https://data.eastmoney.com/notices/detail/300857/AN202604101821126599.html,,eastmoney_notice
SZSE:300857,协创数据,2026-04-11,高管人员任职变动,协创数据:第四届董事会第十三次会议决议公告,https://data.eastmoney.com/notices/detail/300857/AN202604101821126610.html,,eastmoney_notice
SZSE:300857,协创数据,2026-04-09,其他,协创数据:关于参加深圳证券交易所强赋能树标杆·打造湾区智造新高地2025年度集体业绩说明会的公告,https://data.eastmoney.com/notices/detail/300857/AN202604091821097166.html,investor_relations,eastmoney_notice
SZSE:300857,协创数据,2026-04-08,法律意见书,协创数据:广东信达律师事务所关于协创数据技术股份有限公司2025年度股东会的法律意见书,https://data.eastmoney.com/notices/detail/300857/AN202604081821069163.html,institutional_capital,eastmoney_notice
SZSE:300857,协创数据,2026-04-08,分配方案决议公告,协创数据:2025年度股东会决议公告,https://data.eastmoney.com/notices/detail/300857/AN202604081821069162.html,institutional_capital,eastmoney_notice
SZSE:300857,协创数据,2026-04-03,召开股东大会提示性公告,协创数据:关于召开2025年度股东会的提示性公告,https://data.eastmoney.com/notices/detail/300857/AN202604031821011948.html,institutional_capital,eastmoney_notice
SZSE:300857,协创数据,2026-03-31,提供/对外担保公告,协创数据:关于公司为全资子公司提供担保的进展公告,https://data.eastmoney.com/notices/detail/300857/AN202603311820919936.html,,eastmoney_notice
SZSE:300857,协创数据,2026-03-27,其他,协创数据:关于公司开展融资租赁业务的进展公告,https://data.eastmoney.com/notices/detail/300857/AN202603271820798469.html,,eastmoney_notice
SZSE:300857,协创数据,2026-03-25,股份质押、冻结,协创数据:关于控股股东部分股份质押及解除质押的公告,https://data.eastmoney.com/notices/detail/300857/AN202603251820744558.html,institutional_capital,eastmoney_notice
SZSE:300857,协创数据,2026-03-25,调研活动,协创数据:2026年03月24日投资者关系活动记录表（2025年度业绩说明会）,https://data.eastmoney.com/notices/detail/300857/AN202603251820738485.html,investor_relations,eastmoney_notice
SZSE:300857,协创数据,2026-03-17,审计报告,协创数据:2025年年度审计报告,https://data.eastmoney.com/notices/detail/300857/AN202603171820603893.html,,eastmoney_notice
SZSE:300857,协创数据,2026-03-17,其他,协创数据:关于计提2025年度信用减值损失及资产减值损失的公告,https://data.eastmoney.com/notices/detail/300857/AN202603161820584725.html,,eastmoney_notice
SZSE:300857,协创数据,2026-03-17,公司章程,协创数据:公司章程,https://data.eastmoney.com/notices/detail/300857/AN202603161820584667.html,,eastmoney_notice
SZSE:300857,协创数据,2026-03-17,其他,协创数据:2025年度董事会工作报告,https://data.eastmoney.com/notices/detail/300857/AN202603161820584703.html,,eastmoney_notice
SZSE:300857,协创数据,2026-03-17,召开股东大会通知,协创数据:关于召开2025年度股东会的通知,https://data.eastmoney.com/notices/detail/300857/AN202603161820584693.html,institutional_capital,eastmoney_notice
SZSE:300857,协创数据,2026-03-17,年度报告全文,协创数据:2025年年度报告,https://data.eastmoney.com/notices/detail/300857/AN202603161820584715.html,earnings,eastmoney_notice
SZSE:300857,协创数据,2026-03-17,ESG公告,协创数据:2025年度环境、社会和公司治理(ESG)报告,https://data.eastmoney.com/notices/detail/300857/AN202603161820584700.html,,eastmoney_notice
SZSE:300857,协创数据,2026-03-17,其他,协创数据:关于公司2026年度开展外汇套期保值业务的公告,https://data.eastmoney.com/notices/detail/300857/AN202603161820584680.html,,eastmoney_notice
SZSE:300857,协创数据,2026-03-17,保荐/核查意见,协创数据:天风证券股份有限公司关于协创数据技术股份有限公司2025年度持续督导跟踪报告,https://data.eastmoney.com/notices/detail/300857/AN202603161820584718.html,,eastmoney_notice
SZSE:300857,协创数据,2026-03-17,公司注册资本变更,协创数据:关于变更注册资本、修订《公司章程》并授权办理工商变更登记的公告,https://data.eastmoney.com/notices/detail/300857/AN202603161820584713.html,,eastmoney_notice
SZSE:300857,协创数据,2026-03-17,独立董事述职报告,协创数据:2025年度独立董事述职报告(黄福平),https://data.eastmoney.com/notices/detail/300857/AN202603161820584674.html,,eastmoney_notice
SZSE:300857,协创数据,2026-03-17,独立董事述职报告,协创数据:2025年度独立董事述职报告(胡琦)—已离任,https://data.eastmoney.com/notices/detail/300857/AN202603161820584729.html,,eastmoney_notice
SZSE:300857,协创数据,2026-03-17,年度报告摘要,协创数据:2025年年度报告摘要,https://data.eastmoney.com/notices/detail/300857/AN202603161820584669.html,earnings,eastmoney_notice
SZSE:300857,协创数据,2026-03-17,审计报告,协创数据:内部控制审计报告,https://data.eastmoney.com/notices/detail/300857/AN202603161820584719.html,,eastmoney_notice
SZSE:300857,协创数据,2026-03-17,募集资金使用情况报告,协创数据:关于2025年度募集资金存放、管理与使用情况的专项报告,https://data.eastmoney.com/notices/detail/300857/AN202603161820584685.html,,eastmoney_notice
SZSE:300857,协创数据,2026-03-17,自查报告,协创数据:董事会关于独立董事独立性自查情况的专项报告,https://data.eastmoney.com/notices/detail/300857/AN202603161820584696.html,,eastmoney_notice
SZSE:300857,协创数据,2026-03-17,其他,协创数据:关于公司2026年度开展外汇套期保值业务的可行性分析报告,https://data.eastmoney.com/notices/detail/300857/AN202603161820584671.html,,eastmoney_notice
SZSE:300857,协创数据,2026-03-17,保荐/核查意见,协创数据:天风证券股份有限公司关于协创数据技术股份有限公司2022年度向特定对象发行股票并在创业板上市之保荐总结报告书,https://data.eastmoney.com/notices/detail/300857/AN202603161820584705.html,,eastmoney_notice
SZSE:300857,协创数据,2026-03-17,内部控制报告,协创数据:2025年度内部控制评价报告,https://data.eastmoney.com/notices/detail/300857/AN202603161820584676.html,,eastmoney_notice
SZSE:300857,协创数据,2026-03-17,其他,协创数据:关于董事、高级管理人员薪酬方案的公告,https://data.eastmoney.com/notices/detail/300857/AN202603161820584712.html,,eastmoney_notice
SZSE:300857,协创数据,2026-03-17,其他,协创数据:董事会审计委员会对会计师事务所2025年度履职情况评估及履行监督职责情况的报告,https://data.eastmoney.com/notices/detail/300857/AN202603161820584668.html,,eastmoney_notice
SZSE:300857,协创数据,2026-03-17,保荐/核查意见,协创数据:天风证券股份有限公司关于协创数据技术股份有限公司2025年度内部控制评价报告的核查意见,https://data.eastmoney.com/notices/detail/300857/AN202603161820584728.html,,eastmoney_notice
SZSE:300857,协创数据,2026-03-17,分配预案,协创数据:关于公司2025年度利润分配及资本公积转增股本方案的公告,https://data.eastmoney.com/notices/detail/300857/AN202603161820584690.html,earnings,eastmoney_notice
SZSE:300857,协创数据,2026-03-17,其他,协创数据:关于开展跨境双向人民币资金池业务的公告,https://data.eastmoney.com/notices/detail/300857/AN202603161820584666.html,,eastmoney_notice
SZSE:300857,协创数据,2026-03-17,资金占用,协创数据:2025年非经营性资金占用及其他关联资金往来情况汇总表,https://data.eastmoney.com/notices/detail/300857/AN202603161820584724.html,,eastmoney_notice
SZSE:300857,协创数据,2026-03-17,其他,协创数据:关于“质量回报双提升”行动方案的进展公告,https://data.eastmoney.com/notices/detail/300857/AN202603161820584688.html,,eastmoney_notice
SZSE:300857,协创数据,2026-03-17,保荐/核查意见,协创数据:天风证券股份有限公司关于协创数据技术股份有限公司2025年度证券与衍生品投资情况的核查意见,https://data.eastmoney.com/notices/detail/300857/AN202603161820584682.html,,eastmoney_notice
SZSE:300857,协创数据,2026-03-17,借贷,协创数据:关于公司及子公司向银行及其他金融或非金融机构申请授信暨开展融资租赁业务的公告,https://data.eastmoney.com/notices/detail/300857/AN202603161820584695.html,,eastmoney_notice
SZSE:300857,协创数据,2026-03-17,保荐/核查意见,协创数据:华兴会计师事务所(特殊普通合伙)关于公司2025年度募集资金存放与使用情况的鉴证报告,https://data.eastmoney.com/notices/detail/300857/AN202603161820584697.html,,eastmoney_notice
SZSE:300857,协创数据,2026-03-17,其他,协创数据:关于举行2025年度业绩说明会的公告,https://data.eastmoney.com/notices/detail/300857/AN202603161820584711.html,investor_relations,eastmoney_notice
SZSE:300857,协创数据,2026-03-17,其他,协创数据:关于会计政策变更的公告,https://data.eastmoney.com/notices/detail/300857/AN202603161820584681.html,,eastmoney_notice
SZSE:300857,协创数据,2026-03-17,独立董事述职报告,协创数据:2025年度独立董事述职报告(丁海芳)—已离任,https://data.eastmoney.com/notices/detail/300857/AN202603161820584670.html,,eastmoney_notice
SZSE:300857,协创数据,2026-03-17,专项说明/独立意见,协创数据:会计师事务所对非经营性资金占用及其他关联资金往来情况的专项审核说明,https://data.eastmoney.com/notices/detail/300857/AN202603161820584717.html,,eastmoney_notice
SZSE:300857,协创数据,2026-03-17,保荐/核查意见,协创数据:天风证券股份有限公司关于协创数据技术股份有限公司使用部分暂时闲置募集资金进行现金管理的核查意见,https://data.eastmoney.com/notices/detail/300857/AN202603161820584721.html,,eastmoney_notice
SZSE:300857,协创数据,2026-03-17,保荐/核查意见,协创数据:天风证券股份有限公司关于协创数据技术股份有限公司2025年度募集资金存放与使用情况的核查意见,https://data.eastmoney.com/notices/detail/300857/AN202603161820584706.html,,eastmoney_notice
SZSE:300857,协创数据,2026-03-17,关联交易,协创数据:关于公司2026年度日常关联交易预计的公告,https://data.eastmoney.com/notices/detail/300857/AN202603161820584691.html,,eastmoney_notice
SZSE:300857,协创数据,2026-03-17,审计机构变更,协创数据:关于拟续聘2026年度会计师事务所的公告,https://data.eastmoney.com/notices/detail/300857/AN202603161820584707.html,,eastmoney_notice
SZSE:300857,协创数据,2026-03-17,其他担保公告,协创数据:关于公司及子公司2026年度向银行等金融或非金融机构申请综合授信暨有关担保的公告,https://data.eastmoney.com/notices/detail/300857/AN202603161820584702.html,,eastmoney_notice
SZSE:300857,协创数据,2026-03-17,分配预案,协创数据:第四届董事会第十二次会议决议公告,https://data.eastmoney.com/notices/detail/300857/AN202603161820584699.html,,eastmoney_notice
SZSE:300857,协创数据,2026-03-17,独立董事述职报告,协创数据:2025年度独立董事述职报告(李平),https://data.eastmoney.com/notices/detail/300857/AN202603161820584663.html,,eastmoney_notice
SZSE:300857,协创数据,2026-03-17,其他,协创数据:关于2025年年度报告披露的提示性公告,https://data.eastmoney.com/notices/detail/300857/AN202603161820584687.html,earnings,eastmoney_notice
SZSE:300857,协创数据,2026-03-17,其他,协创数据:关于会计师事务所2025年度履职情况的评估报告,https://data.eastmoney.com/notices/detail/300857/AN202603161820584677.html,,eastmoney_notice
SZSE:300857,协创数据,2026-03-17,其他,协创数据:关于公司2025年度证券与衍生品投资情况的专项报告,https://data.eastmoney.com/notices/detail/300857/AN202603161820584683.html,,eastmoney_notice
SZSE:300857,协创数据,2026-03-17,其他,协创数据:关于提请股东会授权董事会办理小额快速融资相关事宜的公告,https://data.eastmoney.com/notices/detail/300857/AN202603161820584727.html,institutional_capital,eastmoney_notice
SZSE:300857,协创数据,2026-03-17,投资理财,协创数据:关于使用部分暂时闲置募集资金进行现金管理的公告,https://data.eastmoney.com/notices/detail/300857/AN202603161820584710.html,,eastmoney_notice
SZSE:300857,协创数据,2026-03-10,提供/对外担保公告,协创数据:关于公司及全资子公司开展融资租赁业务暨公司为全资子公司提供担保的进展公告,https://data.eastmoney.com/notices/detail/300857/AN202603101820458116.html,,eastmoney_notice
SZSE:300857,协创数据,2026-03-06,股份质押、冻结,协创数据:关于控股股东部分股份解除质押的公告,https://data.eastmoney.com/notices/detail/300857/AN202603061820341586.html,institutional_capital,eastmoney_notice
SZSE:300857,协创数据,2026-03-04,提供/对外担保公告,协创数据:关于全资子公司开展融资租赁业务暨公司为全资子公司提供担保的进展公告,https://data.eastmoney.com/notices/detail/300857/AN202603041820271077.html,,eastmoney_notice
SZSE:300857,协创数据,2026-03-03,股份质押、冻结,协创数据:关于控股股东部分股份解除质押的公告,https://data.eastmoney.com/notices/detail/300857/AN202603031820232863.html,institutional_capital,eastmoney_notice
SZSE:300857,协创数据,2026-03-02,法律意见书,协创数据:广东信达律师事务所关于协创数据技术股份有限公司2026年第三次临时股东会的法律意见书,https://data.eastmoney.com/notices/detail/300857/AN202603021820193040.html,institutional_capital,eastmoney_notice
SZSE:300857,协创数据,2026-03-02,股东大会决议公告,协创数据:2026年第三次临时股东会决议公告,https://data.eastmoney.com/notices/detail/300857/AN202603021820193039.html,institutional_capital,eastmoney_notice
SZSE:300857,协创数据,2026-02-13,提供/对外担保公告,协创数据:关于公司为全资子公司提供担保的进展公告,https://data.eastmoney.com/notices/detail/300857/AN202602131819916382.html,,eastmoney_notice
SZSE:300857,协创数据,2026-02-13,公司经营范围变更,协创数据:关于公司变更住所、经营范围并完成工商变更登记的公告,https://data.eastmoney.com/notices/detail/300857/AN202602121819905673.html,,eastmoney_notice
SZSE:300857,协创数据,2026-02-13,公司章程,协创数据:公司章程,https://data.eastmoney.com/notices/detail/300857/AN202602121819905671.html,,eastmoney_notice
SZSE:300857,协创数据,2026-02-13,股东大会决议公告,协创数据:2026年第二次临时股东会决议公告,https://data.eastmoney.com/notices/detail/300857/AN202602121819905675.html,institutional_capital,eastmoney_notice
SZSE:300857,协创数据,2026-02-13,法律意见书,协创数据:广东信达律师事务所关于协创数据技术股份有限公司2026年第二次临时股东会的法律意见书,https://data.eastmoney.com/notices/detail/300857/AN202602121819905672.html,institutional_capital,eastmoney_notice
SZSE:300857,协创数据,2026-02-13,公司章程,协创数据:公司章程(草案)(H股发行并上市后适用),https://data.eastmoney.com/notices/detail/300857/AN202602121819905674.html,,eastmoney_notice
SZSE:300857,协创数据,2026-02-13,召开股东大会通知,协创数据:关于召开2026年第三次临时股东会的通知,https://data.eastmoney.com/notices/detail/300857/AN202602121819904176.html,institutional_capital,eastmoney_notice
SZSE:300857,协创数据,2026-02-13,股权激励进展公告,协创数据:关于作废2023年限制性股票激励计划部分已授予尚未归属的限制性股票的公告,https://data.eastmoney.com/notices/detail/300857/AN202602121819904158.html,institutional_capital,eastmoney_notice
SZSE:300857,协创数据,2026-02-13,独立董事提名人声明,协创数据:独立董事提名人声明与承诺(林祥),https://data.eastmoney.com/notices/detail/300857/AN202602121819904151.html,,eastmoney_notice
SZSE:300857,协创数据,2026-02-13,高管人员任职变动,协创数据:关于独立董事辞职暨补选独立董事的公告,https://data.eastmoney.com/notices/detail/300857/AN202602121819904160.html,,eastmoney_notice
SZSE:300857,协创数据,2026-02-13,法律意见书,协创数据:上海君澜律师事务所关于协创数据技术股份有限公司2023年限制性股票激励计划作废部分已授予尚未归属的限制性股票相关事项之法律意见书,https://data.eastmoney.com/notices/detail/300857/AN202602121819904169.html,institutional_capital,eastmoney_notice
SZSE:300857,协创数据,2026-02-13,其他担保公告,协创数据:关于公司及子公司新增2025年度向银行等金融或非金融机构申请综合授信暨有关担保的公告,https://data.eastmoney.com/notices/detail/300857/AN202602121819904172.html,,eastmoney_notice
SZSE:300857,协创数据,2026-02-13,收购出售资产/股权,协创数据:关于公司购买资产的公告,https://data.eastmoney.com/notices/detail/300857/AN202602121819904152.html,,eastmoney_notice
SZSE:300857,协创数据,2026-02-13,管理办法/制度,协创数据:董事、高级管理人员薪酬管理制度,https://data.eastmoney.com/notices/detail/300857/AN202602121819904156.html,,eastmoney_notice
SZSE:300857,协创数据,2026-02-13,独立董事候选人声明,协创数据:独立董事候选人声明与承诺(林祥),https://data.eastmoney.com/notices/detail/300857/AN202602121819904155.html,,eastmoney_notice
SZSE:300857,协创数据,2026-02-13,高管人员任职变动,协创数据:第四届董事会第十一次会议决议公告,https://data.eastmoney.com/notices/detail/300857/AN202602121819904167.html,,eastmoney_notice
SZSE:300857,协创数据,2026-02-11,其他,协创数据:关于公司开展融资租赁业务的进展公告,https://data.eastmoney.com/notices/detail/300857/AN202602111819877706.html,,eastmoney_notice
SZSE:300857,协创数据,2026-02-09,提供/对外担保公告,协创数据:关于公司及全资子公司开展融资租赁业务暨公司为全资子公司提供担保的进展公告,https://data.eastmoney.com/notices/detail/300857/AN202602091819839245.html,,eastmoney_notice
SZSE:300857,协创数据,2026-02-06,提供/对外担保公告,协创数据:关于公司为全资子公司提供担保的进展公告,https://data.eastmoney.com/notices/detail/300857/AN202602061819808257.html,,eastmoney_notice
SZSE:300857,协创数据,2026-02-04,收购出售资产/股权,协创数据:关于公司购买资产的进展公告,https://data.eastmoney.com/notices/detail/300857/AN202602041819771798.html,,eastmoney_notice
SZSE:300857,协创数据,2026-01-30,股份质押、冻结,协创数据:关于控股股东部分股份解除质押的公告,https://data.eastmoney.com/notices/detail/300857/AN202601301818580557.html,institutional_capital,eastmoney_notice
SZSE:300857,协创数据,2026-01-30,其他,协创数据:关于公司开展融资租赁业务的进展公告,https://data.eastmoney.com/notices/detail/300857/AN202601301818580554.html,,eastmoney_notice
SZSE:300857,协创数据,2026-01-29,业绩预告,协创数据:2025年度业绩预告,https://data.eastmoney.com/notices/detail/300857/AN202601281818506653.html,earnings,eastmoney_notice
SZSE:300857,协创数据,2026-01-28,公司经营范围变更,协创数据:关于变更公司住所、经营范围及修订《公司章程》并授权办理工商变更登记的公告,https://data.eastmoney.com/notices/detail/300857/AN202601281818496563.html,,eastmoney_notice
SZSE:300857,协创数据,2026-01-28,召开股东大会通知,协创数据:关于召开2026年第二次临时股东会的通知,https://data.eastmoney.com/notices/detail/300857/AN202601281818496564.html,institutional_capital,eastmoney_notice
SZSE:300857,协创数据,2026-01-28,董事会决议公告,协创数据:第四届董事会第十次会议决议公告,https://data.eastmoney.com/notices/detail/300857/AN202601281818496561.html,,eastmoney_notice
SZSE:300857,协创数据,2026-01-28,公司章程,协创数据:公司章程,https://data.eastmoney.com/notices/detail/300857/AN202601281818496562.html,,eastmoney_notice
SZSE:300857,协创数据,2026-01-28,公司章程,协创数据:公司章程(草案)(H股发行并上市后适用),https://data.eastmoney.com/notices/detail/300857/AN202601281818496560.html,,eastmoney_notice
SZSE:300857,协创数据,2026-01-28,借贷,协创数据:关于控股股东为公司及子公司提供借款暨关联交易的公告,https://data.eastmoney.com/notices/detail/300857/AN202601281818496565.html,institutional_capital,eastmoney_notice
SZSE:300857,协创数据,2026-01-12,股份质押、冻结,协创数据:关于控股股东部分股份质押的公告,https://data.eastmoney.com/notices/detail/300857/AN202601121816944444.html,institutional_capital,eastmoney_notice
SZSE:300857,协创数据,2026-01-08,股份质押、冻结,协创数据:关于控股股东部分股份质押及解除质押的公告,https://data.eastmoney.com/notices/detail/300857/AN202601081816852604.html,institutional_capital,eastmoney_notice
SZSE:300857,协创数据,2026-01-05,股东大会决议公告,协创数据:2026年第一次临时股东会决议公告,https://data.eastmoney.com/notices/detail/300857/AN202601051815450572.html,institutional_capital,eastmoney_notice
SZSE:300857,协创数据,2026-01-05,法律意见书,协创数据:广东信达律师事务所关于协创数据技术股份有限公司2026年第一次临时股东会的法律意见书,https://data.eastmoney.com/notices/detail/300857/AN202601051815450581.html,institutional_capital,eastmoney_notice
SZSE:300857,协创数据,2025-12-31,提供/对外担保公告,协创数据:关于公司开展融资租赁业务的进展暨控股子公司为公司提供担保进展的公告,https://data.eastmoney.com/notices/detail/300857/AN202512311812046368.html,,eastmoney_notice
SZSE:300857,协创数据,2025-12-30,提供/对外担保公告,协创数据:关于公司为全资子公司提供担保的进展公告,https://data.eastmoney.com/notices/detail/300857/AN202512301811330131.html,,eastmoney_notice
SZSE:300857,协创数据,2025-12-26,保荐/核查意见,协创数据:天风证券股份有限公司关于协创数据技术股份有限公司2025年度持续督导培训情况的报告,https://data.eastmoney.com/notices/detail/300857/AN202512261808594437.html,,eastmoney_notice
SZSE:300857,协创数据,2025-12-24,抵押,协创数据:关于公司以部分自有资产抵押向银行申请授信的进展公告,https://data.eastmoney.com/notices/detail/300857/AN202512241807215427.html,,eastmoney_notice
SZSE:300857,协创数据,2025-12-22,其他,协创数据:关于公司开展融资租赁业务的进展公告,https://data.eastmoney.com/notices/detail/300857/AN202512221805862500.html,,eastmoney_notice
SZSE:300857,协创数据,2025-12-19,其他,协创数据:关于公司开展融资租赁业务的进展公告,https://data.eastmoney.com/notices/detail/300857/AN202512191803779009.html,,eastmoney_notice
SZSE:300857,协创数据,2025-12-17,签订协议,协创数据:关于签署《光芯片、光模块研发和生产建设项目合作协议书》的自愿性披露公告,https://data.eastmoney.com/notices/detail/300857/AN202512171802445130.html,"capacity_project,product_cycle",eastmoney_notice
SZSE:300857,协创数据,2025-12-17,提供/对外担保公告,协创数据:关于公司开展融资租赁业务的进展暨公司为子公司提供担保进展的公告,https://data.eastmoney.com/notices/detail/300857/AN202512171802445128.html,,eastmoney_notice
SZSE:300857,协创数据,2025-12-17,调研活动,协创数据:2025年12月16日投资者关系活动记录表,https://data.eastmoney.com/notices/detail/300857/AN202512171802320632.html,investor_relations,eastmoney_notice
SZSE:300857,协创数据,2025-12-17,保荐/核查意见,协创数据:天风证券股份有限公司关于协创数据技术股份有限公司控股股东为公司及子公司提供借款暨关联交易的核查意见,https://data.eastmoney.com/notices/detail/300857/AN202512161801755790.html,institutional_capital,eastmoney_notice
SZSE:300857,协创数据,2025-12-17,借贷,协创数据:关于控股股东为公司及子公司提供借款暨关联交易的公告,https://data.eastmoney.com/notices/detail/300857/AN202512161801755804.html,institutional_capital,eastmoney_notice
SZSE:300857,协创数据,2025-12-17,其他担保公告,协创数据:关于公司及子公司2025年度新增向银行等金融或非金融机构申请综合授信暨有关担保的公告,https://data.eastmoney.com/notices/detail/300857/AN202512161801755815.html,,eastmoney_notice
SZSE:300857,协创数据,2025-12-17,董事会决议公告,协创数据:第四届董事会第九次会议决议公告,https://data.eastmoney.com/notices/detail/300857/AN202512161801755806.html,,eastmoney_notice
SZSE:300857,协创数据,2025-12-17,召开股东大会通知,协创数据:关于召开2026年第一次临时股东会的通知,https://data.eastmoney.com/notices/detail/300857/AN202512161801755809.html,institutional_capital,eastmoney_notice
SZSE:300857,协创数据,2025-12-17,收购出售资产/股权,协创数据:关于公司购买资产的公告,https://data.eastmoney.com/notices/detail/300857/AN202512161801755803.html,,eastmoney_notice
SZSE:300857,协创数据,2025-12-16,签订协议,协创数据:关于签署《战略合作框架协议》的自愿性披露公告,https://data.eastmoney.com/notices/detail/300857/AN202512161801819508.html,order_contract,eastmoney_notice
SZSE:300857,协创数据,2025-12-12,保荐/核查意见,协创数据:天风证券股份有限公司关于协创数据技术股份有限公司2025年度定期现场检查报告,https://data.eastmoney.com/notices/detail/300857/AN202512121799094365.html,,eastmoney_notice
SZSE:300857,协创数据,2025-12-02,提供/对外担保公告,协创数据:关于公司为全资子公司提供担保的进展公告,https://data.eastmoney.com/notices/detail/300857/AN202512021792561522.html,,eastmoney_notice
SZSE:300857,协创数据,2025-11-26,法律意见书,协创数据:广东信达律师事务所关于协创数据技术股份有限公司2025年第九次临时股东会的法律意见书,https://data.eastmoney.com/notices/detail/300857/AN202511261788756637.html,institutional_capital,eastmoney_notice
SZSE:300857,协创数据,2025-11-26,股东大会决议公告,协创数据:2025年第九次临时股东会决议公告,https://data.eastmoney.com/notices/detail/300857/AN202511261788756634.html,institutional_capital,eastmoney_notice
SZSE:300857,协创数据,2025-11-25,提供/对外担保公告,协创数据:关于公司为全资子公司提供担保的进展公告,https://data.eastmoney.com/notices/detail/300857/AN202511251788118776.html,,eastmoney_notice
SZSE:300857,协创数据,2025-11-20,调研活动,协创数据:2025年11月20日投资者关系活动记录表,https://data.eastmoney.com/notices/detail/300857/AN202511211785375272.html,investor_relations,eastmoney_notice
SZSE:300857,协创数据,2025-11-17,其他,协创数据:关于发行境外上市股份(H股)备案申请材料获中国证监会接收的公告,https://data.eastmoney.com/notices/detail/300857/AN202511171783118067.html,,eastmoney_notice
SZSE:300857,协创数据,2025-11-13,调研活动,协创数据:关于参加2025年度深圳辖区上市公司投资者网上集体接待日活动的公告,https://data.eastmoney.com/notices/detail/300857/AN202511131780625816.html,investor_relations,eastmoney_notice
SZSE:300857,协创数据,2025-11-13,抵押,协创数据:关于公司以部分自有资产抵押向银行申请授信的进展公告,https://data.eastmoney.com/notices/detail/300857/AN202511131780625817.html,,eastmoney_notice
SZSE:300857,协创数据,2025-11-11,董事会决议公告,协创数据:第四届董事会第八次会议决议公告,https://data.eastmoney.com/notices/detail/300857/AN202511101778762563.html,,eastmoney_notice
SZSE:300857,协创数据,2025-11-11,关联交易,协创数据:关于新增2025年度日常关联交易预计的公告,https://data.eastmoney.com/notices/detail/300857/AN202511101778762560.html,,eastmoney_notice
SZSE:300857,协创数据,2025-11-11,召开股东大会通知,协创数据:关于召开2025年第九次临时股东会的通知,https://data.eastmoney.com/notices/detail/300857/AN202511101778762559.html,institutional_capital,eastmoney_notice
SZSE:300857,协创数据,2025-11-11,保荐/核查意见,协创数据:天风证券股份有限公司关于协创数据技术股份有限公司新增2025年度日常关联交易预计的核查意见,https://data.eastmoney.com/notices/detail/300857/AN202511101778760255.html,,eastmoney_notice
SZSE:300857,协创数据,2025-11-07,其他,协创数据:关于公司开展融资租赁业务的进展公告,https://data.eastmoney.com/notices/detail/300857/AN202511071776890901.html,,eastmoney_notice
SZSE:300857,协创数据,2025-11-06,法律意见书,协创数据:广东信达律师事务所关于协创数据技术股份有限公司2025年第八次临时股东会的法律意见书,https://data.eastmoney.com/notices/detail/300857/AN202511061776275028.html,institutional_capital,eastmoney_notice
SZSE:300857,协创数据,2025-11-06,股东大会决议公告,协创数据:2025年第八次临时股东会决议公告,https://data.eastmoney.com/notices/detail/300857/AN202511061776275031.html,institutional_capital,eastmoney_notice
SZSE:300857,协创数据,2025-11-03,调研活动,协创数据:2025年11月2日投资者关系活动记录表,https://data.eastmoney.com/notices/detail/300857/AN202511031773985550.html,investor_relations,eastmoney_notice
SZSE:300857,协创数据,2025-10-30,董事会决议公告,协创数据:第四届董事会第七次会议决议公告,https://data.eastmoney.com/notices/detail/300857/AN202510291771399351.html,,eastmoney_notice
SZSE:300857,协创数据,2025-10-30,公司关联方基本资料变更,协创数据:关于全资子公司的分公司完成注销的公告,https://data.eastmoney.com/notices/detail/300857/AN202510291771399350.html,,eastmoney_notice
SZSE:300857,协创数据,2025-10-30,其他,协创数据:关于2025年第三季度报告披露的提示性公告,https://data.eastmoney.com/notices/detail/300857/AN202510291771399349.html,earnings,eastmoney_notice
SZSE:300857,协创数据,2025-10-30,三季度报告全文,协创数据:2025年三季度报告,https://data.eastmoney.com/notices/detail/300857/AN202510291771399352.html,earnings,eastmoney_notice
SZSE:300857,协创数据,2025-10-30,其他,协创数据:关于全资子公司拟转让私募基金份额的公告,https://data.eastmoney.com/notices/detail/300857/AN202510291771399297.html,,eastmoney_notice
SZSE:300857,协创数据,2025-10-23,其他,协创数据:关于向香港联合交易所有限公司递交H股发行及上市申请并刊发申请资料的公告,https://data.eastmoney.com/notices/detail/300857/AN202510231767312795.html,,eastmoney_notice
SZSE:300857,协创数据,2025-10-22,保荐/核查意见,协创数据:天风证券股份有限公司关于协创数据技术股份有限公司新增2025年度日常关联交易预计的核查意见,https://data.eastmoney.com/notices/detail/300857/AN202510211766375984.html,,eastmoney_notice
SZSE:300857,协创数据,2025-10-22,董事会决议公告,协创数据:第四届董事会第六次会议决议公告,https://data.eastmoney.com/notices/detail/300857/AN202510211766375983.html,,eastmoney_notice
SZSE:300857,协创数据,2025-10-22,收购出售资产/股权,协创数据:关于公司购买资产的公告,https://data.eastmoney.com/notices/detail/300857/AN202510211766375985.html,,eastmoney_notice
SZSE:300857,协创数据,2025-10-22,关联交易,协创数据:关于新增2025年度日常关联交易预计的公告,https://data.eastmoney.com/notices/detail/300857/AN202510211766375982.html,,eastmoney_notice
SZSE:300857,协创数据,2025-10-22,其他担保公告,协创数据:关于公司及子公司2025年度新增向银行等金融或非金融机构申请综合授信暨有关担保的公告,https://data.eastmoney.com/notices/detail/300857/AN202510211766375986.html,,eastmoney_notice
SZSE:300857,协创数据,2025-10-22,召开股东大会通知,协创数据:关于召开2025年第八次临时股东会的通知,https://data.eastmoney.com/notices/detail/300857/AN202510211766375981.html,institutional_capital,eastmoney_notice
SZSE:300857,协创数据,2025-10-17,变更募集资金投资项目,协创数据:关于变更部分募投项目实施地点的进展公告,https://data.eastmoney.com/notices/detail/300857/AN202510171763915747.html,capacity_project,eastmoney_notice
SZSE:300857,协创数据,2025-10-15,其他,协创数据:关于公司开展融资租赁业务的进展公告,https://data.eastmoney.com/notices/detail/300857/AN202510151762624450.html,,eastmoney_notice
SZSE:300857,协创数据,2025-10-13,法律意见书,协创数据:广东信达律师事务所关于协创数据技术股份有限公司2025年第七次临时股东会的法律意见书,https://data.eastmoney.com/notices/detail/300857/AN202510131761445912.html,institutional_capital,eastmoney_notice
SZSE:300857,协创数据,2025-10-13,股东大会决议公告,协创数据:2025年第七次临时股东会决议公告,https://data.eastmoney.com/notices/detail/300857/AN202510131761445916.html,institutional_capital,eastmoney_notice
SZSE:300857,协创数据,2025-09-26,高管人员任职变动,协创数据:第四届董事会第五次会议决议公告,https://data.eastmoney.com/notices/detail/300857/AN202509251750478320.html,,eastmoney_notice
SZSE:300857,协创数据,2025-09-26,管理办法/制度,协创数据:内幕信息知情人登记管理制度(草案)(H股发行并上市后适用),https://data.eastmoney.com/notices/detail/300857/AN202509251750478327.html,,eastmoney_notice
SZSE:300857,协创数据,2025-09-26,公司章程,协创数据:公司章程(草案)(H股发行并上市后适用),https://data.eastmoney.com/notices/detail/300857/AN202509251750478311.html,,eastmoney_notice
SZSE:300857,协创数据,2025-09-26,管理办法/制度,协创数据:关联(连)交易管理制度(草案)(H股发行并上市后适用),https://data.eastmoney.com/notices/detail/300857/AN202509251750478329.html,,eastmoney_notice
SZSE:300857,协创数据,2025-09-26,召开股东大会通知,协创数据:关于召开2025年第七次临时股东会的通知,https://data.eastmoney.com/notices/detail/300857/AN202509251750478307.html,institutional_capital,eastmoney_notice
SZSE:300857,协创数据,2025-09-26,保荐/核查意见,协创数据:前次募集资金使用情况鉴证报告,https://data.eastmoney.com/notices/detail/300857/AN202509251750478324.html,,eastmoney_notice
SZSE:300857,协创数据,2025-09-26,管理办法/制度,协创数据:信息披露管理制度(草案)(H股发行并上市后适用),https://data.eastmoney.com/notices/detail/300857/AN202509251750478325.html,,eastmoney_notice
SZSE:300857,协创数据,2025-09-26,公司章程,协创数据:关于制定公司于H股发行上市后适用的《公司章程(草案)》及相关议事规则(草案)的公告,https://data.eastmoney.com/notices/detail/300857/AN202509251750478308.html,,eastmoney_notice
SZSE:300857,协创数据,2025-09-26,议事规则/实施细则,协创数据:董事会战略委员会工作条例(草案)(H股发行并上市后适用),https://data.eastmoney.com/notices/detail/300857/AN202509251750478319.html,,eastmoney_notice
SZSE:300857,协创数据,2025-09-26,议事规则/实施细则,协创数据:董事会提名委员会工作条例(草案)(H股发行并上市后适用),https://data.eastmoney.com/notices/detail/300857/AN202509251750478310.html,,eastmoney_notice
SZSE:300857,协创数据,2025-09-26,募集资金使用情况报告,协创数据:前次募集资金使用情况报告,https://data.eastmoney.com/notices/detail/300857/AN202509251750478315.html,,eastmoney_notice
SZSE:300857,协创数据,2025-09-26,管理办法/制度,协创数据:关于修订公司于H股发行上市后生效的公司治理制度及《印章管理制度》的公告,https://data.eastmoney.com/notices/detail/300857/AN202509251750478328.html,,eastmoney_notice
SZSE:300857,协创数据,2025-09-26,议事规则/实施细则,协创数据:董事会审计委员会工作条例(草案)(H股发行并上市后适用),https://data.eastmoney.com/notices/detail/300857/AN202509251750478317.html,,eastmoney_notice
SZSE:300857,协创数据,2025-09-26,管理办法/制度,协创数据:保密和档案管理工作制度,https://data.eastmoney.com/notices/detail/300857/AN202509251750478318.html,,eastmoney_notice
SZSE:300857,协创数据,2025-09-26,变更募集资金投资项目,协创数据:关于变更部分募投项目实施地点的公告,https://data.eastmoney.com/notices/detail/300857/AN202509251750478309.html,capacity_project,eastmoney_notice
SZSE:300857,协创数据,2025-09-26,管理办法/制度,协创数据:对外投资管理制度(草案)(H股发行并上市后适用),https://data.eastmoney.com/notices/detail/300857/AN202509251750478326.html,,eastmoney_notice
SZSE:300857,协创数据,2025-09-26,管理办法/制度,协创数据:独立董事工作制度(草案)(H股发行并上市后适用),https://data.eastmoney.com/notices/detail/300857/AN202509251750478306.html,,eastmoney_notice
SZSE:300857,协创数据,2025-09-26,管理办法/制度,协创数据:董事和高级管理人员所持公司股份及其变动的管理制度(草案)(H股发行并上市后适用),https://data.eastmoney.com/notices/detail/300857/AN202509251750478312.html,,eastmoney_notice
SZSE:300857,协创数据,2025-09-26,议事规则/实施细则,协创数据:董事会薪酬与考核委员会工作条例(草案)(H股发行并上市后适用),https://data.eastmoney.com/notices/detail/300857/AN202509251750478313.html,,eastmoney_notice
SZSE:300857,协创数据,2025-09-26,议事规则/实施细则,协创数据:股东会议事规则(草案)(H股发行并上市后适用),https://data.eastmoney.com/notices/detail/300857/AN202509251750478314.html,institutional_capital,eastmoney_notice
SZSE:300857,协创数据,2025-09-26,保荐/核查意见,协创数据:天风证券股份有限公司关于协创数据技术股份有限公司变更部分募投项目实施地点的核查意见,https://data.eastmoney.com/notices/detail/300857/AN202509251750478316.html,capacity_project,eastmoney_notice
SZSE:300857,协创数据,2025-09-26,议事规则/实施细则,协创数据:董事会议事规则(草案)(H股发行并上市后适用),https://data.eastmoney.com/notices/detail/300857/AN202509251750478322.html,,eastmoney_notice
SZSE:300857,协创数据,2025-09-26,收购出售资产/股权,协创数据:关于公司购买资产的公告,https://data.eastmoney.com/notices/detail/300857/AN202509251750478321.html,,eastmoney_notice
SZSE:300857,协创数据,2025-09-26,管理办法/制度,协创数据:对外担保管理制度(草案)(H股发行并上市后适用),https://data.eastmoney.com/notices/detail/300857/AN202509251750478323.html,,eastmoney_notice
SZSE:300857,协创数据,2025-09-16,提供/对外担保公告,协创数据:关于公司为全资子公司提供担保的进展公告,https://data.eastmoney.com/notices/detail/300857/AN202509161744819159.html,,eastmoney_notice
SZSE:300857,协创数据,2025-09-15,股东大会决议公告,协创数据:2025年第六次临时股东会决议公告,https://data.eastmoney.com/notices/detail/300857/AN202509151744302717.html,institutional_capital,eastmoney_notice
SZSE:300857,协创数据,2025-09-15,法律意见书,协创数据:广东信达律师事务所关于协创数据技术股份有限公司2025年第六次临时股东会的法律意见书,https://data.eastmoney.com/notices/detail/300857/AN202509151744302737.html,institutional_capital,eastmoney_notice
SZSE:300857,协创数据,2025-09-12,股东/实际控制人股份减持,协创数据:关于持股5%以上股东之一致行动人减持股份触及1%整数倍的公告,https://data.eastmoney.com/notices/detail/300857/AN202509121742457541.html,institutional_capital,eastmoney_notice
SZSE:300857,协创数据,2025-09-03,公司注册资本变更,协创数据:关于公司变更注册资本并完成工商变更登记的公告,https://data.eastmoney.com/notices/detail/300857/AN202509031738471287.html,,eastmoney_notice
SZSE:300857,协创数据,2025-09-03,其他,协创数据:关于全资子公司以部分自有资产抵押向银行申请授信的进展公告,https://data.eastmoney.com/notices/detail/300857/AN202509031738471284.html,,eastmoney_notice
SZSE:300857,协创数据,2025-09-02,提供/对外担保公告,协创数据:关于公司为全资子公司提供担保的进展公告,https://data.eastmoney.com/notices/detail/300857/AN202509021738101308.html,,eastmoney_notice
SZSE:300857,协创数据,2025-09-01,法律意见书,协创数据:广东信达律师事务所关于协创数据技术股份有限公司2025年第五次临时股东会的法律意见书,https://data.eastmoney.com/notices/detail/300857/AN202509011737726805.html,institutional_capital,eastmoney_notice
SZSE:300857,协创数据,2025-09-01,股东大会决议公告,协创数据:2025年第五次临时股东会决议公告,https://data.eastmoney.com/notices/detail/300857/AN202509011737726804.html,institutional_capital,eastmoney_notice
SZSE:300857,协创数据,2025-08-29,半年度报告摘要,协创数据:2025年半年度报告摘要,https://data.eastmoney.com/notices/detail/300857/AN202508281736105641.html,earnings,eastmoney_notice
SZSE:300857,协创数据,2025-08-29,董事会决议公告,协创数据:董事会决议公告,https://data.eastmoney.com/notices/detail/300857/AN202508281736105648.html,,eastmoney_notice
SZSE:300857,协创数据,2025-08-29,保荐/核查意见,协创数据:天风证券股份有限公司关于协创数据技术股份有限公司2025年半年度持续督导跟踪报告,https://data.eastmoney.com/notices/detail/300857/AN202508281736105632.html,,eastmoney_notice
SZSE:300857,协创数据,2025-08-29,关联交易,协创数据:关于新增2025年度日常关联交易预计的公告,https://data.eastmoney.com/notices/detail/300857/AN202508281736105597.html,,eastmoney_notice
SZSE:300857,协创数据,2025-08-29,募集资金使用情况报告,协创数据:关于2025年半年度募集资金存放、管理与使用情况的专项报告,https://data.eastmoney.com/notices/detail/300857/AN202508281736105619.html,,eastmoney_notice
SZSE:300857,协创数据,2025-08-29,管理办法/制度,协创数据:关于新修订公司部分制度的公告,https://data.eastmoney.com/notices/detail/300857/AN202508281736105623.html,,eastmoney_notice
SZSE:300857,协创数据,2025-08-29,半年度报告全文,协创数据:2025年半年度报告,https://data.eastmoney.com/notices/detail/300857/AN202508281736105591.html,earnings,eastmoney_notice
SZSE:300857,协创数据,2025-08-29,保荐/核查意见,协创数据:天风证券股份有限公司关于协创数据技术股份有限公司新增2025年度日常关联交易预计的核查意见,https://data.eastmoney.com/notices/detail/300857/AN202508281736105637.html,,eastmoney_notice
SZSE:300857,协创数据,2025-08-29,召开股东大会通知,协创数据:关于召开2025年第六次临时股东会的通知,https://data.eastmoney.com/notices/detail/300857/AN202508281736105599.html,institutional_capital,eastmoney_notice
SZSE:300857,协创数据,2025-08-29,资金占用,协创数据:2025年半年度非经营性资金占用及其他关联资金往来情况汇总表,https://data.eastmoney.com/notices/detail/300857/AN202508281736105615.html,,eastmoney_notice
SZSE:300857,协创数据,2025-08-29,审计机构变更,协创数据:关于聘请H股发行并上市审计机构的公告,https://data.eastmoney.com/notices/detail/300857/AN202508281736105382.html,,eastmoney_notice
SZSE:300857,协创数据,2025-08-29,其他,协创数据:关于2025年半年度报告披露的提示性公告,https://data.eastmoney.com/notices/detail/300857/AN202508281736105368.html,earnings,eastmoney_notice
SZSE:300857,协创数据,2025-08-29,其他,协创数据:关于计提2025年半年度信用减值损失及资产减值损失的公告,https://data.eastmoney.com/notices/detail/300857/AN202508281736105373.html,,eastmoney_notice
SZSE:300857,协创数据,2025-08-21,公司关联方基本资料变更,协创数据:关于全资子公司完成工商变更登记的公告,https://data.eastmoney.com/notices/detail/300857/AN202508201731185902.html,,eastmoney_notice
SZSE:300857,协创数据,2025-08-16,召开股东大会通知,协创数据:关于召开2025年第五次临时股东会的通知,https://data.eastmoney.com/notices/detail/300857/AN202508151728080551.html,institutional_capital,eastmoney_notice
SZSE:300857,协创数据,2025-08-16,高管人员任职变动,协创数据:关于调整第四届董事会审计委员会委员、提名委员会委员的公告,https://data.eastmoney.com/notices/detail/300857/AN202508151728080529.html,,eastmoney_notice
SZSE:300857,协创数据,2025-08-16,其他,协创数据:关于调整公司组织结构的公告,https://data.eastmoney.com/notices/detail/300857/AN202508151728080536.html,,eastmoney_notice
SZSE:300857,协创数据,2025-08-16,公司注册资本变更,协创数据:关于变更注册资本、修订《公司章程》并授权办理工商变更登记的公告,https://data.eastmoney.com/notices/detail/300857/AN202508151728081259.html,,eastmoney_notice
SZSE:300857,协创数据,2025-08-16,高管人员任职变动,协创数据:第四届董事会第三次会议决议公告,https://data.eastmoney.com/notices/detail/300857/AN202508151728080527.html,,eastmoney_notice
SZSE:300857,协创数据,2025-08-16,收购出售资产/股权,协创数据:关于公司购买资产的公告,https://data.eastmoney.com/notices/detail/300857/AN202508151728080528.html,,eastmoney_notice
SZSE:300857,协创数据,2025-08-16,公司章程,协创数据:公司章程,https://data.eastmoney.com/notices/detail/300857/AN202508151728080523.html,,eastmoney_notice
SZSE:300857,协创数据,2025-08-14,其他,协创数据:关于全资子公司以部分自有资产抵押向银行申请授信的进展公告,https://data.eastmoney.com/notices/detail/300857/AN202508141727461999.html,,eastmoney_notice
SZSE:300857,协创数据,2025-08-11,业绩快报,协创数据:2025年半年度报告业绩快报,https://data.eastmoney.com/notices/detail/300857/AN202508111725578455.html,earnings,eastmoney_notice
SZSE:300857,协创数据,2025-08-05,其他,协创数据:关于全资子公司以部分自有资产抵押向银行申请授信的进展公告,https://data.eastmoney.com/notices/detail/300857/AN202508051721944417.html,,eastmoney_notice
SZSE:300857,协创数据,2025-07-30,限售股份上市流通,协创数据:关于2023年限制性股票激励计划首次授予部分第二个归属期及预留授予部分第一个归属期归属结果暨股份上市的公告,https://data.eastmoney.com/notices/detail/300857/AN202507301718390590.html,institutional_capital,eastmoney_notice
SZSE:300857,协创数据,2025-07-24,股东/实际控制人股份减持,协创数据:关于部分董事、高级管理人员股份减持计划完成及前高级管理人员提前终止减持计划的公告,https://data.eastmoney.com/notices/detail/300857/AN202507241714849370.html,"institutional_capital,risk",eastmoney_notice
SZSE:300857,协创数据,2025-07-21,其他,协创数据:关于授权公司管理层启动公司境外发行股份(H股)并在香港联合交易所有限公司上市相关筹备工作的提示性公告,https://data.eastmoney.com/notices/detail/300857/AN202507211713055351.html,,eastmoney_notice
SZSE:300857,协创数据,2025-07-21,董事会决议公告,协创数据:第四届董事会第二次会议决议公告,https://data.eastmoney.com/notices/detail/300857/AN202507211713055350.html,,eastmoney_notice
SZSE:300857,协创数据,2025-07-10,公司章程,协创数据:公司章程,https://data.eastmoney.com/notices/detail/300857/AN202507101706405541.html,,eastmoney_notice
SZSE:300857,协创数据,2025-07-10,公司经营范围变更,协创数据:关于公司变更经营范围并完成工商变更登记的公告,https://data.eastmoney.com/notices/detail/300857/AN202507101706405535.html,,eastmoney_notice
SZSE:300857,协创数据,2025-07-04,公司关联方基本资料变更,协创数据:关于全资子公司完成工商变更登记的公告,https://data.eastmoney.com/notices/detail/300857/AN202507041702704468.html,,eastmoney_notice
SZSE:300857,协创数据,2025-07-01,提供/对外担保公告,协创数据:关于公司为全资子公司提供担保的进展公告,https://data.eastmoney.com/notices/detail/300857/AN202507011700997275.html,,eastmoney_notice
SZSE:300857,协创数据,2025-06-30,增资扩股,协创数据:关于对全资子公司增资的公告,https://data.eastmoney.com/notices/detail/300857/AN202506301700463146.html,,eastmoney_notice
SZSE:300857,协创数据,2025-06-30,议事规则/实施细则,协创数据:审计委员会工作条例,https://data.eastmoney.com/notices/detail/300857/AN202506301700463154.html,,eastmoney_notice
SZSE:300857,协创数据,2025-06-30,股东大会决议公告,协创数据:2025年第四次临时股东会决议公告,https://data.eastmoney.com/notices/detail/300857/AN202506301700463147.html,institutional_capital,eastmoney_notice
SZSE:300857,协创数据,2025-06-30,高管人员任职变动,协创数据:关于完成董事会换届选举暨聘任公司高级管理人员、内审部门负责人的公告,https://data.eastmoney.com/notices/detail/300857/AN202506301700463151.html,,eastmoney_notice
SZSE:300857,协创数据,2025-06-30,高管人员任职变动,协创数据:第四届董事会第一次会议决议公告,https://data.eastmoney.com/notices/detail/300857/AN202506301700463143.html,,eastmoney_notice
SZSE:300857,协创数据,2025-06-30,法律意见书,协创数据:广东信达律师事务所关于协创数据技术股份有限公司2025年第四次临时股东会的法律意见书,https://data.eastmoney.com/notices/detail/300857/AN202506301700463150.html,institutional_capital,eastmoney_notice
SZSE:300857,协创数据,2025-06-30,高管人员任职变动,协创数据:关于续聘首席科技官的公告,https://data.eastmoney.com/notices/detail/300857/AN202506301700463139.html,,eastmoney_notice
SZSE:300857,协创数据,2025-06-19,调研活动,协创数据:2025年6月19日投资者关系活动记录表,https://data.eastmoney.com/notices/detail/300857/AN202506191693980767.html,investor_relations,eastmoney_notice
SZSE:300857,协创数据,2025-06-19,其他,协创数据:关于公司开展融资租赁业务的进展公告,https://data.eastmoney.com/notices/detail/300857/AN202506191693685115.html,,eastmoney_notice
SZSE:300857,协创数据,2025-06-13,独立董事提名人声明,协创数据:独立董事提名人声明与承诺(李平),https://data.eastmoney.com/notices/detail/300857/AN202506121689706050.html,,eastmoney_notice
SZSE:300857,协创数据,2025-06-13,管理办法/制度,协创数据:董事及高管离职管理制度,https://data.eastmoney.com/notices/detail/300857/AN202506121689706051.html,,eastmoney_notice
SZSE:300857,协创数据,2025-06-13,变更募集资金投资项目,协创数据:关于部分募投项目延期的公告,https://data.eastmoney.com/notices/detail/300857/AN202506121689706039.html,capacity_project,eastmoney_notice
SZSE:300857,协创数据,2025-06-13,管理办法/制度,协创数据:关联交易管理制度,https://data.eastmoney.com/notices/detail/300857/AN202506121689709478.html,,eastmoney_notice
SZSE:300857,协创数据,2025-06-13,高管人员任职变动,协创数据:第三届董事会第三十六次会议决议公告,https://data.eastmoney.com/notices/detail/300857/AN202506121689709483.html,,eastmoney_notice
SZSE:300857,协创数据,2025-06-13,管理办法/制度,协创数据:独立董事年报工作制度,https://data.eastmoney.com/notices/detail/300857/AN202506121689709461.html,earnings,eastmoney_notice
SZSE:300857,协创数据,2025-06-13,管理办法/制度,协创数据:对外投资管理制度,https://data.eastmoney.com/notices/detail/300857/AN202506121689706053.html,,eastmoney_notice
SZSE:300857,协创数据,2025-06-13,管理办法/制度,协创数据:内幕信息知情人登记管理制度,https://data.eastmoney.com/notices/detail/300857/AN202506121689706055.html,,eastmoney_notice
SZSE:300857,协创数据,2025-06-13,议事规则/实施细则,协创数据:股东会议事规则,https://data.eastmoney.com/notices/detail/300857/AN202506121689709463.html,institutional_capital,eastmoney_notice
SZSE:300857,协创数据,2025-06-13,管理办法/制度,协创数据:提名委员会工作条例,https://data.eastmoney.com/notices/detail/300857/AN202506121689709462.html,,eastmoney_notice
SZSE:300857,协创数据,2025-06-13,保荐/核查意见,协创数据:天风证券股份有限公司关于协创数据技术股份有限公司部分募投项目延期的核查意见,https://data.eastmoney.com/notices/detail/300857/AN202506121689709471.html,capacity_project,eastmoney_notice
SZSE:300857,协创数据,2025-06-13,管理办法/制度,协创数据:内部审计工作制度,https://data.eastmoney.com/notices/detail/300857/AN202506121689706046.html,,eastmoney_notice
SZSE:300857,协创数据,2025-06-13,管理办法/制度,协创数据:防范大股东及其他关联方资金占用管理制度,https://data.eastmoney.com/notices/detail/300857/AN202506121689709473.html,institutional_capital,eastmoney_notice
SZSE:300857,协创数据,2025-06-13,管理办法/制度,协创数据:控股子公司管理制度,https://data.eastmoney.com/notices/detail/300857/AN202506121689706048.html,,eastmoney_notice
SZSE:300857,协创数据,2025-06-13,议事规则/实施细则,协创数据:董事会议事规则,https://data.eastmoney.com/notices/detail/300857/AN202506121689706043.html,,eastmoney_notice
SZSE:300857,协创数据,2025-06-13,管理办法/制度,协创数据:信息披露暂缓、豁免披露管理制度,https://data.eastmoney.com/notices/detail/300857/AN202506121689709460.html,,eastmoney_notice
SZSE:300857,协创数据,2025-06-13,管理办法/制度,协创数据:关于修订和制定公司制度的公告,https://data.eastmoney.com/notices/detail/300857/AN202506121689706044.html,,eastmoney_notice
SZSE:300857,协创数据,2025-06-13,管理办法/制度,协创数据:审计委员会工作条例,https://data.eastmoney.com/notices/detail/300857/AN202506121689709464.html,,eastmoney_notice
SZSE:300857,协创数据,2025-06-13,独立董事提名人声明,协创数据:独立董事提名人声明与承诺(胡琦),https://data.eastmoney.com/notices/detail/300857/AN202506121689706056.html,,eastmoney_notice
SZSE:300857,协创数据,2025-06-13,独立董事提名人声明,协创数据:独立董事提名人声明与承诺(黄福平),https://data.eastmoney.com/notices/detail/300857/AN202506121689709469.html,,eastmoney_notice
SZSE:300857,协创数据,2025-06-13,股东大会决议公告,协创数据:2025年第三次临时股东会决议公告,https://data.eastmoney.com/notices/detail/300857/AN202506121689706049.html,institutional_capital,eastmoney_notice
SZSE:300857,协创数据,2025-06-13,管理办法/制度,协创数据:董事和高级管理人员所持公司股份及其变动的管理制度,https://data.eastmoney.com/notices/detail/300857/AN202506121689709466.html,,eastmoney_notice
SZSE:300857,协创数据,2025-06-13,管理办法/制度,协创数据:会计师事务所选聘制度,https://data.eastmoney.com/notices/detail/300857/AN202506121689709476.html,,eastmoney_notice
SZSE:300857,协创数据,2025-06-13,高管人员任职变动,协创数据:关于选举职工代表董事的公告,https://data.eastmoney.com/notices/detail/300857/AN202506121689709477.html,,eastmoney_notice
SZSE:300857,协创数据,2025-06-13,管理办法/制度,协创数据:信息披露管理制度,https://data.eastmoney.com/notices/detail/300857/AN202506121689706054.html,,eastmoney_notice
SZSE:300857,协创数据,2025-06-13,管理办法/制度,协创数据:年度财务报告工作制度,https://data.eastmoney.com/notices/detail/300857/AN202506121689709472.html,,eastmoney_notice
SZSE:300857,协创数据,2025-06-13,管理办法/制度,协创数据:对外担保管理制度,https://data.eastmoney.com/notices/detail/300857/AN202506121689709467.html,,eastmoney_notice
SZSE:300857,协创数据,2025-06-13,公司经营范围变更,协创数据:关于变更经营范围、修订《公司章程》并授权办理工商变更登记的公告,https://data.eastmoney.com/notices/detail/300857/AN202506121689709465.html,,eastmoney_notice
SZSE:300857,协创数据,2025-06-13,议事规则/实施细则,协创数据:累积投票制实施细则,https://data.eastmoney.com/notices/detail/300857/AN202506121689706040.html,,eastmoney_notice
SZSE:300857,协创数据,2025-06-13,公司章程,协创数据:公司章程,https://data.eastmoney.com/notices/detail/300857/AN202506121689709480.html,,eastmoney_notice
SZSE:300857,协创数据,2025-06-13,议事规则/实施细则,协创数据:战略委员会工作条例,https://data.eastmoney.com/notices/detail/300857/AN202506121689706047.html,,eastmoney_notice
SZSE:300857,协创数据,2025-06-13,召开股东大会通知,协创数据:关于召开2025年第四次临时股东会的通知,https://data.eastmoney.com/notices/detail/300857/AN202506121689709457.html,institutional_capital,eastmoney_notice
SZSE:300857,协创数据,2025-06-13,管理办法/制度,协创数据:募集资金管理制度,https://data.eastmoney.com/notices/detail/300857/AN202506121689709474.html,,eastmoney_notice
SZSE:300857,协创数据,2025-06-13,管理办法/制度,协创数据:重大信息内部报告制度,https://data.eastmoney.com/notices/detail/300857/AN202506121689709470.html,,eastmoney_notice
SZSE:300857,协创数据,2025-06-13,管理办法/制度,协创数据:独立董事工作制度,https://data.eastmoney.com/notices/detail/300857/AN202506121689709481.html,,eastmoney_notice
SZSE:300857,协创数据,2025-06-13,管理办法/制度,协创数据:互动易平台信息发布及回复内部审核制度,https://data.eastmoney.com/notices/detail/300857/AN202506121689706045.html,,eastmoney_notice
SZSE:300857,协创数据,2025-06-13,管理办法/制度,协创数据:外汇套期保值制度,https://data.eastmoney.com/notices/detail/300857/AN202506121689709475.html,,eastmoney_notice
SZSE:300857,协创数据,2025-06-13,独立董事候选人声明,协创数据:独立董事候选人声明与承诺(黄福平),https://data.eastmoney.com/notices/detail/300857/AN202506121689709482.html,,eastmoney_notice
SZSE:300857,协创数据,2025-06-13,管理办法/制度,协创数据:董事会秘书工作制度,https://data.eastmoney.com/notices/detail/300857/AN202506121689706041.html,,eastmoney_notice
SZSE:300857,协创数据,2025-06-13,独立董事候选人声明,协创数据:独立董事候选人声明与承诺(李平),https://data.eastmoney.com/notices/detail/300857/AN202506121689709458.html,,eastmoney_notice
SZSE:300857,协创数据,2025-06-13,法律意见书,协创数据:广东信达律师事务所关于协创数据技术股份有限公司2025年第三次临时股东会的法律意见书,https://data.eastmoney.com/notices/detail/300857/AN202506121689709479.html,institutional_capital,eastmoney_notice
SZSE:300857,协创数据,2025-06-13,独立董事候选人声明,协创数据:独立董事候选人声明与承诺(胡琦),https://data.eastmoney.com/notices/detail/300857/AN202506121689709468.html,,eastmoney_notice
SZSE:300857,协创数据,2025-06-13,高管人员任职变动,协创数据:关于董事会换届选举的公告,https://data.eastmoney.com/notices/detail/300857/AN202506121689706052.html,,eastmoney_notice
SZSE:300857,协创数据,2025-06-13,管理办法/制度,协创数据:薪酬与考核委员会工作条例,https://data.eastmoney.com/notices/detail/300857/AN202506121689706042.html,,eastmoney_notice
SZSE:300857,协创数据,2025-06-13,管理办法/制度,协创数据:投资者关系管理制度,https://data.eastmoney.com/notices/detail/300857/AN202506121689709459.html,investor_relations,eastmoney_notice
SZSE:300857,协创数据,2025-06-05,股东/实际控制人股份减持,协创数据:关于部分董事、高级管理人员股份减持计划的预披露公告,https://data.eastmoney.com/notices/detail/300857/AN202506051685421372.html,institutional_capital,eastmoney_notice
SZSE:301345,涛涛车业,2026-05-27,其他,涛涛车业:关于重新向香港联交所递交H股发行上市申请并刊发申请资料的公告,https://data.eastmoney.com/notices/detail/301345/AN202605271822917325.html,,eastmoney_notice
SZSE:301345,涛涛车业,2026-05-25,保荐/核查意见,涛涛车业:浙商证券股份有限公司关于浙江涛涛车业股份有限公司调整2026年度日常关联交易预计的核查意见,https://data.eastmoney.com/notices/detail/301345/AN202605251822852282.html,,eastmoney_notice
SZSE:301345,涛涛车业,2026-05-25,董事会决议公告,涛涛车业:第四届董事会第十五次会议决议公告,https://data.eastmoney.com/notices/detail/301345/AN202605251822852278.html,,eastmoney_notice
SZSE:301345,涛涛车业,2026-05-25,关联交易,涛涛车业:关于调整公司2026年度日常关联交易预计的公告,https://data.eastmoney.com/notices/detail/301345/AN202605251822852279.html,,eastmoney_notice
SZSE:301345,涛涛车业,2026-04-30,调研活动,涛涛车业:301345涛涛车业投资者关系管理信息20260430,https://data.eastmoney.com/notices/detail/301345/AN202604301821826621.html,investor_relations,eastmoney_notice
SZSE:301345,涛涛车业,2026-04-29,董事会决议公告,涛涛车业:第四届董事会第十四次会议决议公告,https://data.eastmoney.com/notices/detail/301345/AN202604281821668388.html,,eastmoney_notice
SZSE:301345,涛涛车业,2026-04-29,保荐/核查意见,涛涛车业:浙商证券股份有限公司关于浙江涛涛车业股份有限公司部分募集资金投资项目延期的核查意见,https://data.eastmoney.com/notices/detail/301345/AN202604281821668384.html,capacity_project,eastmoney_notice
SZSE:301345,涛涛车业,2026-04-29,变更募集资金投资项目,涛涛车业:关于部分募投项目延期的公告,https://data.eastmoney.com/notices/detail/301345/AN202604281821668385.html,capacity_project,eastmoney_notice
SZSE:301345,涛涛车业,2026-04-29,一季度报告全文,涛涛车业:2026年一季度报告,https://data.eastmoney.com/notices/detail/301345/AN202604281821668382.html,earnings,eastmoney_notice
SZSE:301345,涛涛车业,2026-04-23,分配方案实施,涛涛车业:2025年年度权益分派实施公告,https://data.eastmoney.com/notices/detail/301345/AN202604221821449967.html,,eastmoney_notice
SZSE:301345,涛涛车业,2026-04-22,其他,涛涛车业:关于会计政策变更的公告,https://data.eastmoney.com/notices/detail/301345/AN202604221821442268.html,,eastmoney_notice
SZSE:301345,涛涛车业,2026-04-21,法律意见书,涛涛车业:国浩律师(杭州)事务所关于浙江涛涛车业股份有限公司2025年年度股东会法律意见书,https://data.eastmoney.com/notices/detail/301345/AN202604211821383452.html,institutional_capital,eastmoney_notice
SZSE:301345,涛涛车业,2026-04-21,分配方案决议公告,涛涛车业:2025年年度股东会决议公告,https://data.eastmoney.com/notices/detail/301345/AN202604211821383453.html,institutional_capital,eastmoney_notice
SZSE:301345,涛涛车业,2026-04-07,业绩预告,涛涛车业:2026年第一季度业绩预告,https://data.eastmoney.com/notices/detail/301345/AN202604071821043316.html,earnings,eastmoney_notice
SZSE:301345,涛涛车业,2026-04-03,保荐/核查意见,涛涛车业:浙商证券股份有限公司关于浙江涛涛车业股份有限公司持续督导期2026年培训情况报告,https://data.eastmoney.com/notices/detail/301345/AN202604031821016669.html,,eastmoney_notice
SZSE:301345,涛涛车业,2026-03-31,调研活动,涛涛车业:301345涛涛车业投资者关系管理信息20260331,https://data.eastmoney.com/notices/detail/301345/AN202603311820917897.html,investor_relations,eastmoney_notice
SZSE:301345,涛涛车业,2026-03-31,保荐/核查意见,涛涛车业:浙商证券股份有限公司关于浙江涛涛车业股份有限公司使用部分闲置募集资金进行现金管理的核查意见,https://data.eastmoney.com/notices/detail/301345/AN202603301820868987.html,,eastmoney_notice
SZSE:301345,涛涛车业,2026-03-31,投资理财,涛涛车业:关于使用自有资金进行现金管理的公告,https://data.eastmoney.com/notices/detail/301345/AN202603301820868986.html,,eastmoney_notice
SZSE:301345,涛涛车业,2026-03-31,投资理财,涛涛车业:关于使用部分闲置募集资金进行现金管理的公告,https://data.eastmoney.com/notices/detail/301345/AN202603301820868988.html,,eastmoney_notice
SZSE:301345,涛涛车业,2026-03-31,年度报告全文,涛涛车业:2025年年度报告,https://data.eastmoney.com/notices/detail/301345/AN202603301820868916.html,earnings,eastmoney_notice
SZSE:301345,涛涛车业,2026-03-31,独立董事述职报告,涛涛车业:独立董事述职报告陈东坡,https://data.eastmoney.com/notices/detail/301345/AN202603301820868893.html,,eastmoney_notice
SZSE:301345,涛涛车业,2026-03-31,审计机构变更,涛涛车业:关于续聘会计师事务所的公告,https://data.eastmoney.com/notices/detail/301345/AN202603301820868960.html,,eastmoney_notice
SZSE:301345,涛涛车业,2026-03-31,关联交易,涛涛车业:关于公司2026年度日常关联交易预计的公告,https://data.eastmoney.com/notices/detail/301345/AN202603301820868926.html,,eastmoney_notice
SZSE:301345,涛涛车业,2026-03-31,保荐/核查意见,涛涛车业:浙商证券股份有限公司关于浙江涛涛车业股份有限公司使用自有资金支付募投项目部分款项并以募集资金等额置换的核查意见,https://data.eastmoney.com/notices/detail/301345/AN202603301820868900.html,capacity_project,eastmoney_notice
SZSE:301345,涛涛车业,2026-03-31,独立董事述职报告,涛涛车业:独立董事述职报告张建新,https://data.eastmoney.com/notices/detail/301345/AN202603301820868920.html,,eastmoney_notice
SZSE:301345,涛涛车业,2026-03-31,保荐/核查意见,涛涛车业:募集资金2025年度存放、管理与使用情况鉴证报告,https://data.eastmoney.com/notices/detail/301345/AN202603301820868914.html,,eastmoney_notice
SZSE:301345,涛涛车业,2026-03-31,其他,涛涛车业:关于召开2025年度业绩说明会的公告,https://data.eastmoney.com/notices/detail/301345/AN202603301820868907.html,investor_relations,eastmoney_notice
SZSE:301345,涛涛车业,2026-03-31,其他,涛涛车业:2025年度董事会工作报告,https://data.eastmoney.com/notices/detail/301345/AN202603301820868955.html,,eastmoney_notice
SZSE:301345,涛涛车业,2026-03-31,内部控制报告,涛涛车业:2025年度内部控制评价报告,https://data.eastmoney.com/notices/detail/301345/AN202603301820868949.html,,eastmoney_notice
SZSE:301345,涛涛车业,2026-03-31,独立董事述职报告,涛涛车业:独立董事述职报告陈军泽,https://data.eastmoney.com/notices/detail/301345/AN202603301820868935.html,,eastmoney_notice
SZSE:301345,涛涛车业,2026-03-31,募集资金使用情况报告,涛涛车业:2025年度募集资金存放、管理与使用情况专项报告,https://data.eastmoney.com/notices/detail/301345/AN202603301820868883.html,,eastmoney_notice
SZSE:301345,涛涛车业,2026-03-31,分配预案,涛涛车业:关于2025年度利润分配预案的公告,https://data.eastmoney.com/notices/detail/301345/AN202603301820868912.html,earnings,eastmoney_notice
SZSE:301345,涛涛车业,2026-03-31,借贷,涛涛车业:关于公司2026年度向银行申请综合授信额度的公告,https://data.eastmoney.com/notices/detail/301345/AN202603301820868930.html,,eastmoney_notice
SZSE:301345,涛涛车业,2026-03-31,其他,涛涛车业:关于开展外汇套期保值业务的可行性分析报告,https://data.eastmoney.com/notices/detail/301345/AN202603301820868931.html,,eastmoney_notice
SZSE:301345,涛涛车业,2026-03-31,其他,涛涛车业:关于开展外汇套期保值业务的公告,https://data.eastmoney.com/notices/detail/301345/AN202603301820868936.html,,eastmoney_notice
SZSE:301345,涛涛车业,2026-03-31,保荐/核查意见,涛涛车业:2025年度非经营性资金占用及其他关联资金往来情况的专项审计说明,https://data.eastmoney.com/notices/detail/301345/AN202603301820868887.html,,eastmoney_notice
SZSE:301345,涛涛车业,2026-03-31,保荐/核查意见,涛涛车业:浙商证券股份有限公司关于浙江涛涛车业股份有限公司2025年度募集资金存放与使用情况的专项核查意见,https://data.eastmoney.com/notices/detail/301345/AN202603301820868905.html,,eastmoney_notice
SZSE:301345,涛涛车业,2026-03-31,保荐/核查意见,涛涛车业:浙商证券股份有限公司关于浙江涛涛车业股份有限公司2025年度持续督导跟踪报告,https://data.eastmoney.com/notices/detail/301345/AN202603301820868899.html,,eastmoney_notice
SZSE:301345,涛涛车业,2026-03-31,保荐/核查意见,涛涛车业:浙商证券股份有限公司关于浙江涛涛车业股份有限公司2026年度日常关联交易预计的核查意见,https://data.eastmoney.com/notices/detail/301345/AN202603301820868952.html,,eastmoney_notice
SZSE:301345,涛涛车业,2026-03-31,专项说明/独立意见,涛涛车业:董事会关于独立董事独立性自查情况的专项意见,https://data.eastmoney.com/notices/detail/301345/AN202603301820868908.html,,eastmoney_notice
SZSE:301345,涛涛车业,2026-03-31,资金占用,涛涛车业:2025年度非经营性资金占用及其他关联资金往来情况汇总表,https://data.eastmoney.com/notices/detail/301345/AN202603301820868943.html,,eastmoney_notice
SZSE:301345,涛涛车业,2026-03-31,分配预案,涛涛车业:第四届董事会第十三次会议决议公告,https://data.eastmoney.com/notices/detail/301345/AN202603301820868924.html,,eastmoney_notice
SZSE:301345,涛涛车业,2026-03-31,审计报告,涛涛车业:2025年年度审计报告,https://data.eastmoney.com/notices/detail/301345/AN202603301820868970.html,,eastmoney_notice
SZSE:301345,涛涛车业,2026-03-31,年度报告摘要,涛涛车业:2025年年度报告摘要,https://data.eastmoney.com/notices/detail/301345/AN202603301820868941.html,earnings,eastmoney_notice
SZSE:301345,涛涛车业,2026-03-31,其他,涛涛车业:关于2026年度董事、高级管理人员薪酬方案的公告,https://data.eastmoney.com/notices/detail/301345/AN202603301820868884.html,,eastmoney_notice
SZSE:301345,涛涛车业,2026-03-31,独立董事述职报告,涛涛车业:独立董事述职报告臧翠翠,https://data.eastmoney.com/notices/detail/301345/AN202603301820868910.html,,eastmoney_notice
SZSE:301345,涛涛车业,2026-03-31,管理办法/制度,涛涛车业:董事、高级管理人员薪酬管理制度(2026年3月修订),https://data.eastmoney.com/notices/detail/301345/AN202603301820868932.html,,eastmoney_notice
SZSE:301345,涛涛车业,2026-03-31,募集资金使用情况报告,涛涛车业:关于使用自有资金支付募投项目部分款项并以募集资金等额置换的公告,https://data.eastmoney.com/notices/detail/301345/AN202603301820868968.html,capacity_project,eastmoney_notice
SZSE:301345,涛涛车业,2026-03-31,召开股东大会通知,涛涛车业:关于召开2025年年度股东会的通知,https://data.eastmoney.com/notices/detail/301345/AN202603301820868918.html,institutional_capital,eastmoney_notice
SZSE:301345,涛涛车业,2026-03-31,保荐/核查意见,涛涛车业:浙商证券股份有限公司关于浙江涛涛车业股份有限公司2025年度内部控制评价报告的核查意见,https://data.eastmoney.com/notices/detail/301345/AN202603301820868896.html,,eastmoney_notice
SZSE:301345,涛涛车业,2026-03-31,提供/对外担保公告,涛涛车业:关于为全资子公司提供担保额度预计的公告,https://data.eastmoney.com/notices/detail/301345/AN202603301820868934.html,,eastmoney_notice
SZSE:301345,涛涛车业,2026-03-31,保荐/核查意见,涛涛车业:浙商证券股份有限公司关于浙江涛涛车业股份有限公司开展外汇套期保值业务的核查意见,https://data.eastmoney.com/notices/detail/301345/AN202603301820868894.html,,eastmoney_notice
SZSE:301345,涛涛车业,2026-03-31,其他,涛涛车业:2025年度会计师事务所履职情况评估报告及审计委员会履行监督职责情况报告,https://data.eastmoney.com/notices/detail/301345/AN202603301820868911.html,,eastmoney_notice
SZSE:301345,涛涛车业,2026-03-31,审计报告,涛涛车业:2025年度内部控制审计报告,https://data.eastmoney.com/notices/detail/301345/AN202603301820868928.html,,eastmoney_notice
SZSE:301345,涛涛车业,2026-03-27,公司注册资本变更,涛涛车业:关于完成工商变更登记并换发营业执照的公告,https://data.eastmoney.com/notices/detail/301345/AN202603271820796843.html,,eastmoney_notice
SZSE:301345,涛涛车业,2026-03-25,法律意见书,涛涛车业:国浩律师(杭州)事务所关于2026年第一次临时股东会法律意见书,https://data.eastmoney.com/notices/detail/301345/AN202603251820744498.html,institutional_capital,eastmoney_notice
SZSE:301345,涛涛车业,2026-03-25,股东大会决议公告,涛涛车业:2026年第一次临时股东会决议公告,https://data.eastmoney.com/notices/detail/301345/AN202603251820744495.html,institutional_capital,eastmoney_notice
SZSE:301345,涛涛车业,2026-03-19,限售股份上市流通,涛涛车业:关于部分首次公开发行前已发行股份上市流通的提示性公告,https://data.eastmoney.com/notices/detail/301345/AN202603191820648945.html,,eastmoney_notice
SZSE:301345,涛涛车业,2026-03-19,保荐/核查意见,涛涛车业:浙商证券股份有限公司关于涛涛车业部分首次公开发行前已发行股份上市流通的核查意见,https://data.eastmoney.com/notices/detail/301345/AN202603191820648927.html,,eastmoney_notice
SZSE:301345,涛涛车业,2026-03-10,召开股东大会通知,涛涛车业:浙江涛涛车业股份有限公司关于召开2026年第一次临时股东会的通知,https://data.eastmoney.com/notices/detail/301345/AN202603101820454460.html,institutional_capital,eastmoney_notice
SZSE:301345,涛涛车业,2026-03-10,管理办法/制度,涛涛车业:市值管理制度,https://data.eastmoney.com/notices/detail/301345/AN202603091820414906.html,,eastmoney_notice
SZSE:301345,涛涛车业,2026-03-10,公司注册资本变更,涛涛车业:关于变更注册资本及修订《公司章程》的公告,https://data.eastmoney.com/notices/detail/301345/AN202603091820414911.html,,eastmoney_notice
SZSE:301345,涛涛车业,2026-03-10,董事会决议公告,涛涛车业:第四届董事会第十二次会议决议公告,https://data.eastmoney.com/notices/detail/301345/AN202603091820414908.html,,eastmoney_notice
SZSE:301345,涛涛车业,2026-03-10,管理办法/制度,涛涛车业:对外担保管理制度(2026年3月修订),https://data.eastmoney.com/notices/detail/301345/AN202603091820414910.html,,eastmoney_notice
SZSE:301345,涛涛车业,2026-03-10,对外项目投资,涛涛车业:关于增加泰国生产基地投资额的公告,https://data.eastmoney.com/notices/detail/301345/AN202603091820414907.html,capacity_project,eastmoney_notice
SZSE:301345,涛涛车业,2026-03-10,公司章程修订,涛涛车业:浙江涛涛车业股份有限公司章程(2026年3月修订),https://data.eastmoney.com/notices/detail/301345/AN202603091820414837.html,,eastmoney_notice
SZSE:301345,涛涛车业,2026-03-06,公司注册资本变更,涛涛车业:关于完成工商变更登记并换发营业执照的公告,https://data.eastmoney.com/notices/detail/301345/AN202603061820340900.html,,eastmoney_notice
SZSE:301345,涛涛车业,2026-02-27,保荐代表人（机构）变更,涛涛车业:关于变更持续督导保荐代表人的公告,https://data.eastmoney.com/notices/detail/301345/AN202602271820098391.html,,eastmoney_notice
SZSE:301345,涛涛车业,2026-02-02,保荐/核查意见,涛涛车业:浙商证券股份有限公司关于浙江涛涛车业股份有限公司2025年度持续督导现场检查报告,https://data.eastmoney.com/notices/detail/301345/AN202602021819366100.html,,eastmoney_notice
SZSE:301345,涛涛车业,2026-01-14,公司关联方基本资料变更,涛涛车业:关于变更签字注册会计师的公告,https://data.eastmoney.com/notices/detail/301345/AN202601141817015076.html,,eastmoney_notice
SZSE:301345,涛涛车业,2026-01-07,公司注册资本变更,涛涛车业:关于回购股份注销并减少注册资本暨通知债权人的公告,https://data.eastmoney.com/notices/detail/301345/AN202601071816737681.html,institutional_capital,eastmoney_notice
SZSE:301345,涛涛车业,2026-01-06,业绩预告,涛涛车业:浙江涛涛车业股份有限公司2025年度业绩预告,https://data.eastmoney.com/notices/detail/301345/AN202601051815382306.html,earnings,eastmoney_notice
SZSE:301345,涛涛车业,2025-12-31,股东大会决议公告,涛涛车业:2025年第四次临时股东会决议公告,https://data.eastmoney.com/notices/detail/301345/AN202512311812045400.html,institutional_capital,eastmoney_notice
SZSE:301345,涛涛车业,2025-12-31,法律意见书,涛涛车业:国浩律师(杭州)事务所关于浙江涛涛车业股份有限公司2025年第四次临时股东会法律意见书,https://data.eastmoney.com/notices/detail/301345/AN202512311812045401.html,institutional_capital,eastmoney_notice
SZSE:301345,涛涛车业,2025-12-19,收购出售资产/股权,涛涛车业:关于完成收购境外公司股权的进展公告,https://data.eastmoney.com/notices/detail/301345/AN202512191803792651.html,,eastmoney_notice
SZSE:301345,涛涛车业,2025-12-16,董事会决议公告,涛涛车业:第四届董事会第十一次会议决议公告,https://data.eastmoney.com/notices/detail/301345/AN202512151801071142.html,,eastmoney_notice
SZSE:301345,涛涛车业,2025-12-16,收购出售资产/股权,涛涛车业:关于收购境外公司100%股权的公告,https://data.eastmoney.com/notices/detail/301345/AN202512151801071133.html,,eastmoney_notice
SZSE:301345,涛涛车业,2025-12-16,公司章程修订,涛涛车业:浙江涛涛车业股份有限公司章程(2025年12月修订),https://data.eastmoney.com/notices/detail/301345/AN202512151801071121.html,,eastmoney_notice
SZSE:301345,涛涛车业,2025-12-16,公司注册资本变更,涛涛车业:关于变更注册资本及修订《公司章程》的公告,https://data.eastmoney.com/notices/detail/301345/AN202512151801071136.html,,eastmoney_notice
SZSE:301345,涛涛车业,2025-12-16,召开股东大会通知,涛涛车业:浙江涛涛车业股份有限公司关于召开2025年第四次临时股东会的通知,https://data.eastmoney.com/notices/detail/301345/AN202512151801071119.html,institutional_capital,eastmoney_notice
SZSE:301345,涛涛车业,2025-12-12,公司注册资本变更,涛涛车业:关于完成工商变更登记并换发营业执照的公告,https://data.eastmoney.com/notices/detail/301345/AN202512121799018689.html,,eastmoney_notice
SZSE:301345,涛涛车业,2025-11-10,法律意见书,涛涛车业:浙江涛涛车业股份有限公司2025年第三次临时股东会法律意见书,https://data.eastmoney.com/notices/detail/301345/AN202511101778765512.html,institutional_capital,eastmoney_notice
SZSE:301345,涛涛车业,2025-11-10,股东大会决议公告,涛涛车业:2025年第三次临时股东会决议公告,https://data.eastmoney.com/notices/detail/301345/AN202511101778765513.html,institutional_capital,eastmoney_notice
SZSE:301345,涛涛车业,2025-11-03,其他,涛涛车业:关于向香港联合交易所有限公司递交H股发行上市的申请并刊发申请资料的公告,https://data.eastmoney.com/notices/detail/301345/AN202511021773762815.html,,eastmoney_notice
SZSE:301345,涛涛车业,2025-10-31,调研活动,涛涛车业:301345涛涛车业投资者关系管理信息20251031,https://data.eastmoney.com/notices/detail/301345/AN202510311772665146.html,investor_relations,eastmoney_notice
SZSE:301345,涛涛车业,2025-10-25,调研活动,涛涛车业:301345涛涛车业投资者关系管理信息20251025,https://data.eastmoney.com/notices/detail/301345/AN202510251768625103.html,investor_relations,eastmoney_notice
SZSE:301345,涛涛车业,2025-10-23,高管人员任职变动,涛涛车业:第四届董事会第十次会议决议公告,https://data.eastmoney.com/notices/detail/301345/AN202510221766917984.html,,eastmoney_notice
SZSE:301345,涛涛车业,2025-10-23,议事规则/实施细则,涛涛车业:提名委员会实施细则(2025年10月修订),https://data.eastmoney.com/notices/detail/301345/AN202510221766917979.html,,eastmoney_notice
SZSE:301345,涛涛车业,2025-10-23,公司章程修订,涛涛车业:关于修订《公司章程》的公告,https://data.eastmoney.com/notices/detail/301345/AN202510221766917970.html,,eastmoney_notice
SZSE:301345,涛涛车业,2025-10-23,召开股东大会通知,涛涛车业:浙江涛涛车业股份有限公司关于召开2025年第三次临时股东会的通知,https://data.eastmoney.com/notices/detail/301345/AN202510221766917974.html,institutional_capital,eastmoney_notice
SZSE:301345,涛涛车业,2025-10-23,公司章程修订,涛涛车业:浙江涛涛车业股份有限公司章程(2025年10月修订),https://data.eastmoney.com/notices/detail/301345/AN202510221766917972.html,,eastmoney_notice
SZSE:301345,涛涛车业,2025-10-23,高管人员任职变动,涛涛车业:关于确定2025年度独立董事薪酬方案及新增独立董事任期的公告,https://data.eastmoney.com/notices/detail/301345/AN202510221766917975.html,,eastmoney_notice
SZSE:301345,涛涛车业,2025-10-23,高管人员任职变动,涛涛车业:关于选举代表公司执行公司事务的董事、选举董事会专门委员会成员及推选召集人的公告,https://data.eastmoney.com/notices/detail/301345/AN202510221766917982.html,,eastmoney_notice
SZSE:301345,涛涛车业,2025-10-23,三季度报告全文,涛涛车业:2025年三季度报告,https://data.eastmoney.com/notices/detail/301345/AN202510221766917969.html,earnings,eastmoney_notice
SZSE:301345,涛涛车业,2025-10-09,法律意见书,涛涛车业:国浩律师(杭州)事务所关于浙江涛涛车业股份有限公司2025年第二次临时股东大会法律意见书,https://data.eastmoney.com/notices/detail/301345/AN202510091759004647.html,institutional_capital,eastmoney_notice
SZSE:301345,涛涛车业,2025-10-09,股东大会决议公告,涛涛车业:2025年第二次临时股东大会决议公告,https://data.eastmoney.com/notices/detail/301345/AN202510091759004642.html,institutional_capital,eastmoney_notice
SZSE:301345,涛涛车业,2025-10-09,业绩预告,涛涛车业:浙江涛涛车业股份有限公司2025年第三季度业绩预告,https://data.eastmoney.com/notices/detail/301345/AN202510091758950533.html,earnings,eastmoney_notice
SZSE:301345,涛涛车业,2025-09-20,召开股东大会通知,涛涛车业:关于召开2025年第二次临时股东大会的公告,https://data.eastmoney.com/notices/detail/301345/AN202509291752782149.html,institutional_capital,eastmoney_notice
SZSE:301345,涛涛车业,2025-09-20,独立董事候选人声明,涛涛车业:独立董事候选人声明与承诺(臧翠翠),https://data.eastmoney.com/notices/detail/301345/AN202509191746766893.html,,eastmoney_notice
SZSE:301345,涛涛车业,2025-09-20,管理办法/制度,涛涛车业:董事、高级管理人员所持本公司股份及其变动管理制度(草案)(H股发行并上市后适用),https://data.eastmoney.com/notices/detail/301345/AN202509191746763850.html,,eastmoney_notice
SZSE:301345,涛涛车业,2025-09-20,议事规则/实施细则,涛涛车业:董事会议事规则(2025年9月修订),https://data.eastmoney.com/notices/detail/301345/AN202509191746763852.html,,eastmoney_notice
SZSE:301345,涛涛车业,2025-09-20,议事规则/实施细则,涛涛车业:战略委员会实施细则(2025年9月修订),https://data.eastmoney.com/notices/detail/301345/AN202509191746763838.html,,eastmoney_notice
SZSE:301345,涛涛车业,2025-09-20,管理办法/制度,涛涛车业:董事、高级管理人员离职管理制度,https://data.eastmoney.com/notices/detail/301345/AN202509191746766872.html,,eastmoney_notice
SZSE:301345,涛涛车业,2025-09-20,审计机构变更,涛涛车业:关于聘请H股股票发行并上市审计机构的公告,https://data.eastmoney.com/notices/detail/301345/AN202509191746766878.html,,eastmoney_notice
SZSE:301345,涛涛车业,2025-09-20,管理办法/制度,涛涛车业:独立董事工作制度(2025年9月修订),https://data.eastmoney.com/notices/detail/301345/AN202509191746766866.html,,eastmoney_notice
SZSE:301345,涛涛车业,2025-09-20,公司章程,涛涛车业:公司章程(草案)(H股发行并上市后适用),https://data.eastmoney.com/notices/detail/301345/AN202509191746766891.html,,eastmoney_notice
SZSE:301345,涛涛车业,2025-09-20,高管人员任职变动,涛涛车业:第四届董事会第九次会议决议公告,https://data.eastmoney.com/notices/detail/301345/AN202509191746766859.html,,eastmoney_notice
SZSE:301345,涛涛车业,2025-09-20,管理办法/制度,涛涛车业:对外担保管理制度(2025年9月修订),https://data.eastmoney.com/notices/detail/301345/AN202509191746766862.html,,eastmoney_notice
SZSE:301345,涛涛车业,2025-09-20,监事会决议公告,涛涛车业:第四届监事会第七次会议决议公告,https://data.eastmoney.com/notices/detail/301345/AN202509191746763837.html,,eastmoney_notice
SZSE:301345,涛涛车业,2025-09-20,管理办法/制度,涛涛车业:累积投票制度(2025年9月修订),https://data.eastmoney.com/notices/detail/301345/AN202509191746766888.html,,eastmoney_notice
SZSE:301345,涛涛车业,2025-09-20,管理办法/制度,涛涛车业:董事会成员及雇员多元化政策(草案)(H股发行并上市后适用),https://data.eastmoney.com/notices/detail/301345/AN202509191746766861.html,,eastmoney_notice
SZSE:301345,涛涛车业,2025-09-20,管理办法/制度,涛涛车业:董事、高级管理人员薪酬管理制度,https://data.eastmoney.com/notices/detail/301345/AN202509191746766863.html,,eastmoney_notice
SZSE:301345,涛涛车业,2025-09-20,管理办法/制度,涛涛车业:信息披露暂缓与豁免管理制度,https://data.eastmoney.com/notices/detail/301345/AN202509191746766877.html,,eastmoney_notice
SZSE:301345,涛涛车业,2025-09-20,管理办法/制度,涛涛车业:股东通讯政策(草案)(H股发行并上市后适用),https://data.eastmoney.com/notices/detail/301345/AN202509191746766873.html,institutional_capital,eastmoney_notice
SZSE:301345,涛涛车业,2025-09-20,议事规则/实施细则,涛涛车业:审计委员会实施细则(2025年9月修订),https://data.eastmoney.com/notices/detail/301345/AN202509191746766876.html,,eastmoney_notice
SZSE:301345,涛涛车业,2025-09-20,专项说明/独立意见,涛涛车业:第四届董事会提名委员会关于独立董事候选人任职资格的审查意见,https://data.eastmoney.com/notices/detail/301345/AN202509191746766870.html,,eastmoney_notice
SZSE:301345,涛涛车业,2025-09-20,管理办法/制度,涛涛车业:关联(连)交易决策制度(草案)(H股发行并上市后适用),https://data.eastmoney.com/notices/detail/301345/AN202509191746766880.html,,eastmoney_notice
SZSE:301345,涛涛车业,2025-09-20,管理办法/制度,涛涛车业:关联交易决策制度(2025年9月修订),https://data.eastmoney.com/notices/detail/301345/AN202509191746766875.html,,eastmoney_notice
SZSE:301345,涛涛车业,2025-09-20,议事规则/实施细则,涛涛车业:股东会议事规则(草案)(H股发行并上市后适用),https://data.eastmoney.com/notices/detail/301345/AN202509191746766894.html,institutional_capital,eastmoney_notice
SZSE:301345,涛涛车业,2025-09-20,管理办法/制度,涛涛车业:独立董事工作制度(草案)(H股发行并上市后适用),https://data.eastmoney.com/notices/detail/301345/AN202509191746766882.html,,eastmoney_notice
SZSE:301345,涛涛车业,2025-09-20,管理办法/制度,涛涛车业:外汇套期保值业务制度(2025年9月修订),https://data.eastmoney.com/notices/detail/301345/AN202509191746763845.html,,eastmoney_notice
SZSE:301345,涛涛车业,2025-09-20,管理办法/制度,涛涛车业:控股子公司管理制度(2025年9月修订),https://data.eastmoney.com/notices/detail/301345/AN202509191746766867.html,,eastmoney_notice
SZSE:301345,涛涛车业,2025-09-20,管理办法/制度,涛涛车业:境外发行证券与上市相关保密和档案管理工作制度,https://data.eastmoney.com/notices/detail/301345/AN202509191746766886.html,,eastmoney_notice
SZSE:301345,涛涛车业,2025-09-20,议事规则/实施细则,涛涛车业:股东会议事规则(2025年9月修订),https://data.eastmoney.com/notices/detail/301345/AN202509191746766860.html,institutional_capital,eastmoney_notice
SZSE:301345,涛涛车业,2025-09-20,管理办法/制度,涛涛车业:内幕信息知情人登记管理制度(2025年9月修订),https://data.eastmoney.com/notices/detail/301345/AN202509191746766868.html,,eastmoney_notice
SZSE:301345,涛涛车业,2025-09-20,高管人员任职变动,涛涛车业:关于选举职工代表董事的公告,https://data.eastmoney.com/notices/detail/301345/AN202509191746766869.html,,eastmoney_notice
SZSE:301345,涛涛车业,2025-09-20,其他,涛涛车业:关于筹划发行H股股票并在香港联合交易所有限公司上市的提示性公告,https://data.eastmoney.com/notices/detail/301345/AN202509191746766890.html,,eastmoney_notice
SZSE:301345,涛涛车业,2025-09-20,公司章程修订,涛涛车业:《公司章程》修订对照表,https://data.eastmoney.com/notices/detail/301345/AN202509191746766892.html,,eastmoney_notice
SZSE:301345,涛涛车业,2025-09-20,管理办法/制度,涛涛车业:印章管理制度(2025年9月修订),https://data.eastmoney.com/notices/detail/301345/AN202509191746766884.html,,eastmoney_notice
SZSE:301345,涛涛车业,2025-09-20,议事规则/实施细则,涛涛车业:薪酬与考核委员会实施细则(草案)(H股发行并上市后适用),https://data.eastmoney.com/notices/detail/301345/AN202509191746766871.html,,eastmoney_notice
SZSE:301345,涛涛车业,2025-09-20,管理办法/制度,涛涛车业:募集资金管理制度(2025年9月修订),https://data.eastmoney.com/notices/detail/301345/AN202509191746763853.html,,eastmoney_notice
SZSE:301345,涛涛车业,2025-09-20,议事规则/实施细则,涛涛车业:审计委员会实施细则(草案)(H股发行并上市后适用),https://data.eastmoney.com/notices/detail/301345/AN202509191746763841.html,,eastmoney_notice
SZSE:301345,涛涛车业,2025-09-20,议事规则/实施细则,涛涛车业:提名委员会实施细则(草案)(H股发行并上市后适用),https://data.eastmoney.com/notices/detail/301345/AN202509191746766881.html,,eastmoney_notice
SZSE:301345,涛涛车业,2025-09-20,管理办法/制度,涛涛车业:投资者关系管理制度(2025年9月修订),https://data.eastmoney.com/notices/detail/301345/AN202509191746763854.html,investor_relations,eastmoney_notice
SZSE:301345,涛涛车业,2025-09-20,议事规则/实施细则,涛涛车业:提名委员会实施细则(2025年9月修订),https://data.eastmoney.com/notices/detail/301345/AN202509191746766889.html,,eastmoney_notice
SZSE:301345,涛涛车业,2025-09-20,公司名称变更,涛涛车业:关于补选董事、调整董事会专门委员会名称及组成的公告,https://data.eastmoney.com/notices/detail/301345/AN202509191746766864.html,,eastmoney_notice
SZSE:301345,涛涛车业,2025-09-20,议事规则/实施细则,涛涛车业:薪酬与考核委员会实施细则(2025年9月修订),https://data.eastmoney.com/notices/detail/301345/AN202509191746766865.html,,eastmoney_notice
SZSE:301345,涛涛车业,2025-09-20,独立董事提名人声明,涛涛车业:独立董事提名人声明与承诺(臧翠翠),https://data.eastmoney.com/notices/detail/301345/AN202509191746766887.html,,eastmoney_notice
SZSE:301345,涛涛车业,2025-09-20,管理办法/制度,涛涛车业:互动易平台信息发布及回复内部审核制度,https://data.eastmoney.com/notices/detail/301345/AN202509191746763843.html,,eastmoney_notice
SZSE:301345,涛涛车业,2025-09-20,管理办法/制度,涛涛车业:防范控股股东、实际控制人及其他关联方占用公司资金管理制度(2025年9月修订),https://data.eastmoney.com/notices/detail/301345/AN202509191746763847.html,institutional_capital,eastmoney_notice
SZSE:301345,涛涛车业,2025-09-20,公司章程修订,涛涛车业:关于修订H股发行上市后适用的《公司章程(草案)》及相关内部治理制度草案的公告,https://data.eastmoney.com/notices/detail/301345/AN202509191746763851.html,,eastmoney_notice
SZSE:301345,涛涛车业,2025-09-20,议事规则/实施细则,涛涛车业:董事会议事规则(草案)(H股发行并上市后适用),https://data.eastmoney.com/notices/detail/301345/AN202509191746763839.html,,eastmoney_notice
SZSE:301345,涛涛车业,2025-09-20,议事规则/实施细则,涛涛车业:董事会秘书工作细则(2025年9月修订),https://data.eastmoney.com/notices/detail/301345/AN202509191746763849.html,,eastmoney_notice
SZSE:301345,涛涛车业,2025-09-20,管理办法/制度,涛涛车业:对外提供财务资助管理制度,https://data.eastmoney.com/notices/detail/301345/AN202509191746766895.html,,eastmoney_notice
SZSE:301345,涛涛车业,2025-09-20,管理办法/制度,涛涛车业:信息披露管理制度(草案)(H股发行并上市后适用),https://data.eastmoney.com/notices/detail/301345/AN202509191746763856.html,,eastmoney_notice
SZSE:301345,涛涛车业,2025-09-20,管理办法/制度,涛涛车业:年报信息披露重大差错责任追究制度,https://data.eastmoney.com/notices/detail/301345/AN202509191746763842.html,earnings,eastmoney_notice
SZSE:301345,涛涛车业,2025-09-20,管理办法/制度,涛涛车业:董事、高级管理人员所持本公司股份及其变动管理制度(2025年9月修订),https://data.eastmoney.com/notices/detail/301345/AN202509191746766879.html,,eastmoney_notice
SZSE:301345,涛涛车业,2025-09-20,管理办法/制度,涛涛车业:反舞弊、反洗钱及反贿赂政策(草案)(H股发行并上市后适用),https://data.eastmoney.com/notices/detail/301345/AN202509191746766874.html,,eastmoney_notice
SZSE:301345,涛涛车业,2025-09-20,议事规则/实施细则,涛涛车业:总经理工作细则(2025年9月修订),https://data.eastmoney.com/notices/detail/301345/AN202509191746766858.html,,eastmoney_notice
SZSE:301345,涛涛车业,2025-09-20,管理办法/制度,涛涛车业:ESG管理办法(草案)(H股发行并上市后适用),https://data.eastmoney.com/notices/detail/301345/AN202509191746763855.html,,eastmoney_notice
SZSE:301345,涛涛车业,2025-09-20,管理办法/制度,涛涛车业:信息披露管理制度(2025年9月修订),https://data.eastmoney.com/notices/detail/301345/AN202509191746763840.html,,eastmoney_notice
SZSE:301345,涛涛车业,2025-09-20,管理办法/制度,涛涛车业:对外投资管理制度(2025年9月修订),https://data.eastmoney.com/notices/detail/301345/AN202509191746763844.html,,eastmoney_notice
SZSE:301345,涛涛车业,2025-09-20,议事规则/实施细则,涛涛车业:战略与可持续发展委员会实施细则(草案)(H股发行并上市后适用),https://data.eastmoney.com/notices/detail/301345/AN202509191746763846.html,,eastmoney_notice
SZSE:301345,涛涛车业,2025-09-20,公司章程修订,涛涛车业:浙江涛涛车业股份有限公司章程(2025年9月修订),https://data.eastmoney.com/notices/detail/301345/AN202509191746766883.html,,eastmoney_notice
SZSE:301345,涛涛车业,2025-09-20,公司注册资本变更,涛涛车业:关于变更注册资本并修订《公司章程》及修订、制定相关内部治理制度的公告,https://data.eastmoney.com/notices/detail/301345/AN202509191746766885.html,,eastmoney_notice
SZSE:301345,涛涛车业,2025-09-20,管理办法/制度,涛涛车业:内部审计制度(2025年9月修订),https://data.eastmoney.com/notices/detail/301345/AN202509191746766857.html,,eastmoney_notice
SZSE:301345,涛涛车业,2025-09-15,分配方案实施,涛涛车业:2025年半年度权益分派实施公告,https://data.eastmoney.com/notices/detail/301345/AN202509151744205772.html,,eastmoney_notice
SZSE:301345,涛涛车业,2025-09-10,法律意见书,涛涛车业:国浩律师(杭州)事务所关于浙江涛涛车业股份有限公司2025年第一次临时股东大会法律意见书,https://data.eastmoney.com/notices/detail/301345/AN202509101741207711.html,institutional_capital,eastmoney_notice
SZSE:301345,涛涛车业,2025-09-10,分配方案决议公告,涛涛车业:2025年第一次临时股东大会决议公告,https://data.eastmoney.com/notices/detail/301345/AN202509101741207684.html,institutional_capital,eastmoney_notice
SZSE:301345,涛涛车业,2025-09-02,限售股份上市流通,涛涛车业:2023年限制性股票激励计划首次授予部分第二个归属期及预留授予部分第一个归属期归属结果暨股份上市的公告,https://data.eastmoney.com/notices/detail/301345/AN202509011737716304.html,institutional_capital,eastmoney_notice
SZSE:301345,涛涛车业,2025-08-26,半年度报告全文,涛涛车业:2025年半年度报告,https://data.eastmoney.com/notices/detail/301345/AN202508251734154453.html,earnings,eastmoney_notice
SZSE:301345,涛涛车业,2025-08-26,监事会决议公告,涛涛车业:监事会决议公告,https://data.eastmoney.com/notices/detail/301345/AN202508251734155457.html,,eastmoney_notice
SZSE:301345,涛涛车业,2025-08-26,资金占用,涛涛车业:2025年半年度非经营性资金占用及其他关联资金往来情况汇总表,https://data.eastmoney.com/notices/detail/301345/AN202508251734154443.html,,eastmoney_notice
SZSE:301345,涛涛车业,2025-08-26,半年度报告摘要,涛涛车业:2025年半年度报告摘要,https://data.eastmoney.com/notices/detail/301345/AN202508251734154432.html,earnings,eastmoney_notice
SZSE:301345,涛涛车业,2025-08-26,召开股东大会通知,涛涛车业:关于召开2025年第一次临时股东大会的公告,https://data.eastmoney.com/notices/detail/301345/AN202508251734154447.html,institutional_capital,eastmoney_notice
SZSE:301345,涛涛车业,2025-08-26,保荐/核查意见,涛涛车业:浙商证券股份有限公司关于浙江涛涛车业股份有限公司2025年半年度持续督导跟踪报告,https://data.eastmoney.com/notices/detail/301345/AN202508251734154445.html,,eastmoney_notice
SZSE:301345,涛涛车业,2025-08-26,分配预案,涛涛车业:董事会决议公告,https://data.eastmoney.com/notices/detail/301345/AN202508251734155462.html,,eastmoney_notice
SZSE:301345,涛涛车业,2025-08-26,募集资金使用情况报告,涛涛车业:2025年半年度募集资金存放、管理与使用情况专项报告,https://data.eastmoney.com/notices/detail/301345/AN202508251734154456.html,,eastmoney_notice
SZSE:301345,涛涛车业,2025-08-26,分配预案,涛涛车业:关于2025年半年度利润分配预案的公告,https://data.eastmoney.com/notices/detail/301345/AN202508251734155464.html,earnings,eastmoney_notice
SZSE:301345,涛涛车业,2025-07-15,股权激励进展公告,涛涛车业:关于2023年限制性股票激励计划首次授予部分第二个归属期及预留授予部分第一个归属期归属条件成就的公告,https://data.eastmoney.com/notices/detail/301345/AN202507141708766189.html,institutional_capital,eastmoney_notice
SZSE:301345,涛涛车业,2025-07-15,监事会决议公告,涛涛车业:第四届监事会第五次会议决议公告,https://data.eastmoney.com/notices/detail/301345/AN202507141708766182.html,,eastmoney_notice
SZSE:301345,涛涛车业,2025-07-15,股权激励进展公告,涛涛车业:关于作废2023年限制性股票激励计划部分已授予尚未归属的限制性股票的公告,https://data.eastmoney.com/notices/detail/301345/AN202507141708766191.html,institutional_capital,eastmoney_notice
SZSE:301345,涛涛车业,2025-07-15,保荐/核查意见,涛涛车业:监事会关于2023年限制性股票激励计划首次授予部分第二个归属期及预留授予部分第一个归属期归属条件成就和归属名单的核查意见,https://data.eastmoney.com/notices/detail/301345/AN202507141708766190.html,institutional_capital,eastmoney_notice
SZSE:301345,涛涛车业,2025-07-15,董事会决议公告,涛涛车业:第四届董事会第七次会议决议公告,https://data.eastmoney.com/notices/detail/301345/AN202507141708766185.html,,eastmoney_notice
SZSE:301345,涛涛车业,2025-07-15,股权激励行权价（数量）调整,涛涛车业:关于调整2023年限制性股票激励计划授予价格的公告,https://data.eastmoney.com/notices/detail/301345/AN202507141708766194.html,institutional_capital,eastmoney_notice
SZSE:301345,涛涛车业,2025-07-15,法律意见书,涛涛车业:关于浙江涛涛车业股份有限公司2023年限制性股票激励计划调整授予价格、首次授予部分第二个归属期及预留授予部分第一个归属期归属条件成就暨作废部分限制性股票的法律意见书,https://data.eastmoney.com/notices/detail/301345/AN202507141708766195.html,institutional_capital,eastmoney_notice
SZSE:301345,涛涛车业,2025-07-01,调研活动,涛涛车业:301345涛涛车业投资者关系管理信息20250701,https://data.eastmoney.com/notices/detail/301345/AN202507011701068490.html,investor_relations,eastmoney_notice
SZSE:301345,涛涛车业,2025-06-30,业绩预告,涛涛车业:2025年半年度业绩预告,https://data.eastmoney.com/notices/detail/301345/AN202506301700417566.html,earnings,eastmoney_notice
SZSE:301345,涛涛车业,2025-06-20,调研活动,涛涛车业:301345涛涛车业投资者关系管理信息20250620,https://data.eastmoney.com/notices/detail/301345/AN202506201694466970.html,investor_relations,eastmoney_notice
SZSE:301345,涛涛车业,2025-06-11,调研活动,涛涛车业:301345涛涛车业投资者关系管理信息20250611,https://data.eastmoney.com/notices/detail/301345/AN202506111688903784.html,investor_relations,eastmoney_notice
SZSE:002916,深南电路,2026-06-02,增发提示性公告,深南电路:关于筹划向特定对象发行股票的提示性公告,https://data.eastmoney.com/notices/detail/002916/AN202606011823133894.html,,eastmoney_notice
SZSE:002916,深南电路,2026-05-27,调研活动,深南电路:2026年5月27日投资者关系活动记录表,https://data.eastmoney.com/notices/detail/002916/AN202605271822921177.html,investor_relations,eastmoney_notice
SZSE:002916,深南电路,2026-05-22,分配方案实施,深南电路:2025年年度权益分派实施公告,https://data.eastmoney.com/notices/detail/002916/AN202605211822651135.html,,eastmoney_notice
SZSE:002916,深南电路,2026-05-21,调研活动,深南电路:2026年5月19日-21日投资者关系活动记录表,https://data.eastmoney.com/notices/detail/002916/AN202605211822653259.html,investor_relations,eastmoney_notice
SZSE:002916,深南电路,2026-05-13,调研活动,深南电路:2026年5月12日-13日投资者关系活动记录表,https://data.eastmoney.com/notices/detail/002916/AN202605131822281238.html,investor_relations,eastmoney_notice
SZSE:002916,深南电路,2026-05-07,调研活动,深南电路:2026年5月7日投资者关系活动记录表,https://data.eastmoney.com/notices/detail/002916/AN202605071822039518.html,investor_relations,eastmoney_notice
SZSE:002916,深南电路,2026-04-29,调研活动,深南电路:2026年4月28日-29日投资者关系活动记录表,https://data.eastmoney.com/notices/detail/002916/AN202604291821760565.html,investor_relations,eastmoney_notice
SZSE:002916,深南电路,2026-04-24,调研活动,深南电路:2026年4月24日投资者关系活动记录表,https://data.eastmoney.com/notices/detail/002916/AN202604241821556326.html,investor_relations,eastmoney_notice
SZSE:002916,深南电路,2026-04-24,对外项目投资,深南电路:项目投资公告,https://data.eastmoney.com/notices/detail/002916/AN202604231821507929.html,capacity_project,eastmoney_notice
SZSE:002916,深南电路,2026-04-24,一季度报告全文,深南电路:2026年一季度报告,https://data.eastmoney.com/notices/detail/002916/AN202604231821507949.html,earnings,eastmoney_notice
SZSE:002916,深南电路,2026-04-24,法律意见书,深南电路:北京市嘉源律师事务所关于深南电路股份有限公司A股限制性股票激励计划(第二期)回购注销部分限制性股票的法律意见书,https://data.eastmoney.com/notices/detail/002916/AN202604231821507870.html,institutional_capital,eastmoney_notice
SZSE:002916,深南电路,2026-04-24,其他,深南电路:关于会计政策变更的公告,https://data.eastmoney.com/notices/detail/002916/AN202604231821507881.html,,eastmoney_notice
SZSE:002916,深南电路,2026-04-24,董事会决议公告,深南电路:第四届董事会第十五次会议决议公告,https://data.eastmoney.com/notices/detail/002916/AN202604231821507922.html,,eastmoney_notice
SZSE:002916,深南电路,2026-04-24,回购进展情况,深南电路:关于回购注销限制性股票激励计划(第二期)部分限制性股票的公告,https://data.eastmoney.com/notices/detail/002916/AN202604231821507894.html,institutional_capital,eastmoney_notice
SZSE:002916,深南电路,2026-04-04,法律意见书,深南电路:北京市嘉源律师事务所关于深南电路股份有限公司2025年年度股东会的法律意见书,https://data.eastmoney.com/notices/detail/002916/AN202604031821015104.html,institutional_capital,eastmoney_notice
SZSE:002916,深南电路,2026-04-04,分配方案决议公告,深南电路:2025年年度股东会决议公告,https://data.eastmoney.com/notices/detail/002916/AN202604031821015088.html,institutional_capital,eastmoney_notice
SZSE:002916,深南电路,2026-03-30,调研活动,深南电路:2026年3月30日投资者关系活动记录表,https://data.eastmoney.com/notices/detail/002916/AN202603301820862415.html,investor_relations,eastmoney_notice
SZSE:002916,深南电路,2026-03-27,调研活动,深南电路:2026年3月25日-27日投资者关系活动记录表,https://data.eastmoney.com/notices/detail/002916/AN202603271820812556.html,investor_relations,eastmoney_notice
SZSE:002916,深南电路,2026-03-20,调研活动,深南电路:2026年3月17日-20日投资者关系活动记录表,https://data.eastmoney.com/notices/detail/002916/AN202603201820669941.html,investor_relations,eastmoney_notice
SZSE:002916,深南电路,2026-03-13,保荐/核查意见,深南电路:国泰海通证券股份有限公司、中航证券有限公司关于深南电路股份有限公司2025年度募集资金存放、管理与使用的核查意见,https://data.eastmoney.com/notices/detail/002916/AN202603121820524928.html,,eastmoney_notice
SZSE:002916,深南电路,2026-03-13,保荐/核查意见,深南电路:募集资金年度存放、管理与使用情况鉴证报告,https://data.eastmoney.com/notices/detail/002916/AN202603121820524921.html,,eastmoney_notice
SZSE:002916,深南电路,2026-03-13,自查报告,深南电路:董事会关于独立董事独立性自查情况的专项报告,https://data.eastmoney.com/notices/detail/002916/AN202603121820524931.html,,eastmoney_notice
SZSE:002916,深南电路,2026-03-13,其他,深南电路:2025年度董事会工作报告,https://data.eastmoney.com/notices/detail/002916/AN202603121820524935.html,,eastmoney_notice
SZSE:002916,深南电路,2026-03-13,其他,深南电路:关于对会计师事务所履职情况的评估报告暨审计委员会对会计师事务所履行监督职责情况的报告,https://data.eastmoney.com/notices/detail/002916/AN202603121820524940.html,,eastmoney_notice
SZSE:002916,深南电路,2026-03-13,募集资金使用情况报告,深南电路:2025年度募集资金存放、管理与使用情况的专项报告,https://data.eastmoney.com/notices/detail/002916/AN202603121820524937.html,,eastmoney_notice
SZSE:002916,深南电路,2026-03-13,专项说明/独立意见,深南电路:非经营性资金占用及其他关联资金往来情况专项说明,https://data.eastmoney.com/notices/detail/002916/AN202603121820524925.html,,eastmoney_notice
SZSE:002916,深南电路,2026-03-13,召开股东大会通知,深南电路:关于召开2025年年度股东会的通知,https://data.eastmoney.com/notices/detail/002916/AN202603121820524926.html,institutional_capital,eastmoney_notice
SZSE:002916,深南电路,2026-03-13,审计报告,深南电路:2025年年度审计报告,https://data.eastmoney.com/notices/detail/002916/AN202603121820524912.html,,eastmoney_notice
SZSE:002916,深南电路,2026-03-13,管理办法/制度,深南电路:外汇衍生品交易业务管理制度(2026年3月),https://data.eastmoney.com/notices/detail/002916/AN202603121820524939.html,,eastmoney_notice
SZSE:002916,深南电路,2026-03-13,专项说明/独立意见,深南电路:涉及财务公司关联交易的存款、贷款等金融业务的专项说明,https://data.eastmoney.com/notices/detail/002916/AN202603121820524915.html,,eastmoney_notice
SZSE:002916,深南电路,2026-03-13,独立董事述职报告,深南电路:2025年度独立董事述职报告(张汉斌),https://data.eastmoney.com/notices/detail/002916/AN202603121820524923.html,,eastmoney_notice
SZSE:002916,深南电路,2026-03-13,公司章程,深南电路:公司章程(2026年3月),https://data.eastmoney.com/notices/detail/002916/AN202603121820524913.html,,eastmoney_notice
SZSE:002916,深南电路,2026-03-13,其他,深南电路:关于与中航工业集团财务有限责任公司关联存贷款的风险持续评估报告,https://data.eastmoney.com/notices/detail/002916/AN202603121820524934.html,risk,eastmoney_notice
SZSE:002916,深南电路,2026-03-13,分配预案,深南电路:关于2025年度利润分配预案的公告,https://data.eastmoney.com/notices/detail/002916/AN202603121820524920.html,earnings,eastmoney_notice
SZSE:002916,深南电路,2026-03-13,ESG公告,深南电路:2025年可持续发展(ESG)报告,https://data.eastmoney.com/notices/detail/002916/AN202603121820524911.html,,eastmoney_notice
SZSE:002916,深南电路,2026-03-13,审计报告,深南电路:内部控制审计报告,https://data.eastmoney.com/notices/detail/002916/AN202603121820524924.html,,eastmoney_notice
SZSE:002916,深南电路,2026-03-13,内部控制报告,深南电路:2025年度内部控制自我评价报告,https://data.eastmoney.com/notices/detail/002916/AN202603121820524914.html,,eastmoney_notice
SZSE:002916,深南电路,2026-03-13,年度报告全文,深南电路:2025年年度报告,https://data.eastmoney.com/notices/detail/002916/AN202603121820524917.html,earnings,eastmoney_notice
SZSE:002916,深南电路,2026-03-13,其他,深南电路:关于增加外汇衍生品套期保值业务规模的公告,https://data.eastmoney.com/notices/detail/002916/AN202603121820524910.html,,eastmoney_notice
SZSE:002916,深南电路,2026-03-13,独立董事述职报告,深南电路:2025年度独立董事述职报告(黄亚英),https://data.eastmoney.com/notices/detail/002916/AN202603121820524933.html,,eastmoney_notice
SZSE:002916,深南电路,2026-03-13,分配预案,深南电路:第四届董事会第十四次会议决议公告,https://data.eastmoney.com/notices/detail/002916/AN202603121820524909.html,,eastmoney_notice
SZSE:002916,深南电路,2026-03-13,独立董事述职报告,深南电路:2025年度独立董事述职报告(于洪宇),https://data.eastmoney.com/notices/detail/002916/AN202603121820524919.html,,eastmoney_notice
SZSE:002916,深南电路,2026-03-13,其他,深南电路:关于举办2025年度网上业绩说明会并征集相关问题的公告,https://data.eastmoney.com/notices/detail/002916/AN202603121820524941.html,investor_relations,eastmoney_notice
SZSE:002916,深南电路,2026-03-13,公司章程修订,深南电路:公司章程修订对照表,https://data.eastmoney.com/notices/detail/002916/AN202603121820524932.html,,eastmoney_notice
SZSE:002916,深南电路,2026-03-13,管理办法/制度,深南电路:董事、高级管理人员薪酬管理办法(2026年3月),https://data.eastmoney.com/notices/detail/002916/AN202603121820524918.html,,eastmoney_notice
SZSE:002916,深南电路,2026-03-13,其他,深南电路:关于开展外汇衍生品套期保值业务的可行性分析报告,https://data.eastmoney.com/notices/detail/002916/AN202603121820524929.html,,eastmoney_notice
SZSE:002916,深南电路,2026-03-13,资金占用,深南电路:2025年度非经营性资金占用及其他关联资金往来情况汇总表,https://data.eastmoney.com/notices/detail/002916/AN202603121820524908.html,,eastmoney_notice
SZSE:002916,深南电路,2026-03-13,年度报告摘要,深南电路:2025年年度报告摘要,https://data.eastmoney.com/notices/detail/002916/AN202603121820524930.html,earnings,eastmoney_notice
SZSE:002916,深南电路,2026-03-12,调研活动,深南电路:2026年3月12日投资者关系活动记录表,https://data.eastmoney.com/notices/detail/002916/AN202603121820527435.html,investor_relations,eastmoney_notice
SZSE:002916,深南电路,2026-02-27,股票交易异常波动,深南电路:股票交易异常波动公告,https://data.eastmoney.com/notices/detail/002916/AN202602261820067883.html,,eastmoney_notice
SZSE:002916,深南电路,2026-02-14,高管人员任职变动,深南电路:关于公司董事辞职暨补选审计委员会委员的公告,https://data.eastmoney.com/notices/detail/002916/AN202602131819922149.html,,eastmoney_notice
SZSE:002916,深南电路,2026-02-14,高管人员任职变动,深南电路:第四届董事会第十三次会议决议公告,https://data.eastmoney.com/notices/detail/002916/AN202602131819922147.html,,eastmoney_notice
SZSE:002916,深南电路,2026-02-04,调研活动,深南电路:2026年2月4日投资者关系活动记录表,https://data.eastmoney.com/notices/detail/002916/AN202602041819770549.html,investor_relations,eastmoney_notice
SZSE:002916,深南电路,2026-01-29,调研活动,深南电路:2026年1月29日投资者关系活动记录表,https://data.eastmoney.com/notices/detail/002916/AN202601291818551030.html,investor_relations,eastmoney_notice
SZSE:002916,深南电路,2026-01-29,股权激励进展公告,深南电路:关于A股限制性股票激励计划(第二期)授予登记完成暨控股股东及其一致行动人持股比例被动稀释触及1%整数倍的公告,https://data.eastmoney.com/notices/detail/002916/AN202601281818507515.html,institutional_capital,eastmoney_notice
SZSE:002916,深南电路,2026-01-28,业绩预告,深南电路:2025年度业绩预告,https://data.eastmoney.com/notices/detail/002916/AN202601271818469458.html,earnings,eastmoney_notice
SZSE:002916,深南电路,2026-01-22,专项说明/独立意见,深南电路:第四届董事会薪酬与考核委员会关于公司股权激励计划授予相关事项的审核意见,https://data.eastmoney.com/notices/detail/002916/AN202601211818216339.html,institutional_capital,eastmoney_notice
SZSE:002916,深南电路,2026-01-22,高管人员任职变动,深南电路:第四届董事会第十二次会议决议公告,https://data.eastmoney.com/notices/detail/002916/AN202601211818216337.html,,eastmoney_notice
SZSE:002916,深南电路,2026-01-22,股权激励进展公告,深南电路:关于向限制性股票激励计划(第二期)激励对象授予限制性股票的公告,https://data.eastmoney.com/notices/detail/002916/AN202601211818216338.html,institutional_capital,eastmoney_notice
SZSE:002916,深南电路,2026-01-22,法律意见书,深南电路:北京市嘉源律师事务所关于深南电路股份有限公司A股限制性股票激励计划(第二期)授予事项的法律意见书,https://data.eastmoney.com/notices/detail/002916/AN202601211818216340.html,institutional_capital,eastmoney_notice
SZSE:002916,深南电路,2026-01-16,股东大会决议公告,深南电路:2026年第一次临时股东会决议公告,https://data.eastmoney.com/notices/detail/002916/AN202601151817054504.html,institutional_capital,eastmoney_notice
SZSE:002916,深南电路,2026-01-16,自查报告,深南电路:关于限制性股票激励计划(第二期)内幕信息知情人及激励对象买卖公司股票情况的自查报告,https://data.eastmoney.com/notices/detail/002916/AN202601151817054503.html,institutional_capital,eastmoney_notice
SZSE:002916,深南电路,2026-01-16,法律意见书,深南电路:北京市嘉源律师事务所关于深南电路股份有限公司2026年第一次临时股东会的法律意见书,https://data.eastmoney.com/notices/detail/002916/AN202601151817054502.html,institutional_capital,eastmoney_notice
SZSE:002916,深南电路,2026-01-10,保荐/核查意见,深南电路:关于限制性股票激励计划(第二期)激励对象名单的审核意见及公示情况说明,https://data.eastmoney.com/notices/detail/002916/AN202601091816882266.html,institutional_capital,eastmoney_notice
SZSE:002916,深南电路,2026-01-06,股权激励进展公告,深南电路:关于限制性股票激励计划(第二期)获得批复的公告,https://data.eastmoney.com/notices/detail/002916/AN202601051815451984.html,institutional_capital,eastmoney_notice
SZSE:002916,深南电路,2025-12-31,关联交易,深南电路:关于2026年日常关联交易预计的公告,https://data.eastmoney.com/notices/detail/002916/AN202512301811375594.html,,eastmoney_notice
SZSE:002916,深南电路,2025-12-31,股权激励计划摘要,深南电路:深南电路股份有限公司A股限制性股票激励计划(第二期)(草案修订稿)摘要,https://data.eastmoney.com/notices/detail/002916/AN202512301811375605.html,institutional_capital,eastmoney_notice
SZSE:002916,深南电路,2025-12-31,股权激励计划,深南电路:深南电路股份有限公司A股限制性股票激励计划(第二期)(草案修订稿),https://data.eastmoney.com/notices/detail/002916/AN202512301811375591.html,institutional_capital,eastmoney_notice
SZSE:002916,深南电路,2025-12-31,其他,深南电路:关于开展外汇衍生品套期保值业务的公告,https://data.eastmoney.com/notices/detail/002916/AN202512301811375606.html,,eastmoney_notice
SZSE:002916,深南电路,2025-12-31,其他,深南电路:关于开展外汇衍生品套期保值业务的可行性分析报告,https://data.eastmoney.com/notices/detail/002916/AN202512301811375589.html,,eastmoney_notice
SZSE:002916,深南电路,2025-12-31,董事会决议公告,深南电路:第四届董事会第十一次会议决议公告,https://data.eastmoney.com/notices/detail/002916/AN202512301811375610.html,,eastmoney_notice
SZSE:002916,深南电路,2025-12-31,其他,深南电路:深南电路股份有限公司关于A股限制性股票激励计划(第二期)(草案)的修订说明,https://data.eastmoney.com/notices/detail/002916/AN202512301811375598.html,institutional_capital,eastmoney_notice
SZSE:002916,深南电路,2025-12-31,召开股东大会通知,深南电路:关于召开2026年第一次临时股东会的通知,https://data.eastmoney.com/notices/detail/002916/AN202512301811375601.html,institutional_capital,eastmoney_notice
SZSE:002916,深南电路,2025-12-31,法律意见书,深南电路:北京市嘉源律师事务所关于深南电路股份有限公司A股限制性股票激励计划(第二期)的法律意见书,https://data.eastmoney.com/notices/detail/002916/AN202512301811375602.html,institutional_capital,eastmoney_notice
SZSE:002916,深南电路,2025-12-31,专项说明/独立意见,深南电路:第四届董事会薪酬与考核委员会关于公司股权激励计划相关事项的审核意见,https://data.eastmoney.com/notices/detail/002916/AN202512301811375586.html,institutional_capital,eastmoney_notice
SZSE:002916,深南电路,2025-12-23,保荐代表人（机构）变更,深南电路:关于变更持续督导保荐代表人的公告,https://data.eastmoney.com/notices/detail/002916/AN202512221805918029.html,,eastmoney_notice
SZSE:002916,深南电路,2025-12-13,股权激励计划,深南电路:深南电路股份有限公司A股限制性股票激励计划(第二期)(草案),https://data.eastmoney.com/notices/detail/002916/AN202512121799081088.html,institutional_capital,eastmoney_notice
SZSE:002916,深南电路,2025-12-13,股权激励其他事项公告,深南电路:上市公司股权激励计划自查表,https://data.eastmoney.com/notices/detail/002916/AN202512121799081065.html,institutional_capital,eastmoney_notice
SZSE:002916,深南电路,2025-12-13,董事会决议公告,深南电路:第四届董事会第十次会议决议公告,https://data.eastmoney.com/notices/detail/002916/AN202512121799081028.html,,eastmoney_notice
SZSE:002916,深南电路,2025-12-13,股权激励计划摘要,深南电路:深南电路股份有限公司A股限制性股票激励计划(第二期)(草案)摘要,https://data.eastmoney.com/notices/detail/002916/AN202512121799081037.html,institutional_capital,eastmoney_notice
SZSE:002916,深南电路,2025-12-13,专项说明/独立意见,深南电路:第四届董事会薪酬与考核委员会关于公司A股限制性股票激励计划(第二期)的审核意见,https://data.eastmoney.com/notices/detail/002916/AN202512121799081047.html,institutional_capital,eastmoney_notice
SZSE:002916,深南电路,2025-12-13,管理办法/制度,深南电路:深南电路股份有限公司A股限制性股票激励计划(第二期)实施考核管理办法,https://data.eastmoney.com/notices/detail/002916/AN202512121799081079.html,institutional_capital,eastmoney_notice
SZSE:002916,深南电路,2025-12-02,调研活动,深南电路:2025年12月2日投资者关系活动记录表,https://data.eastmoney.com/notices/detail/002916/AN202512021792625411.html,investor_relations,eastmoney_notice
SZSE:002916,深南电路,2025-11-28,调研活动,深南电路:2025年11月25日-28日投资者关系活动记录表,https://data.eastmoney.com/notices/detail/002916/AN202511281790068152.html,investor_relations,eastmoney_notice
SZSE:002916,深南电路,2025-11-22,提供/对外担保公告,深南电路:关于对外担保的进展公告,https://data.eastmoney.com/notices/detail/002916/AN202511211785576362.html,,eastmoney_notice
SZSE:002916,深南电路,2025-11-19,调研活动,深南电路:2025年11月19日投资者关系活动记录表,https://data.eastmoney.com/notices/detail/002916/AN202511191784373866.html,investor_relations,eastmoney_notice
SZSE:002916,深南电路,2025-11-15,调研活动,深南电路:关于参加2025年度深圳辖区上市公司集体接待日活动的公告,https://data.eastmoney.com/notices/detail/002916/AN202511141781198406.html,investor_relations,eastmoney_notice
SZSE:002916,深南电路,2025-11-13,调研活动,深南电路:2025年11月12日-13日投资者关系活动记录表,https://data.eastmoney.com/notices/detail/002916/AN202511131780658230.html,investor_relations,eastmoney_notice
SZSE:002916,深南电路,2025-11-06,调研活动,深南电路:2025年11月4日-6日投资者关系活动记录表,https://data.eastmoney.com/notices/detail/002916/AN202511061776336965.html,investor_relations,eastmoney_notice
SZSE:002916,深南电路,2025-10-30,调研活动,深南电路:2025年10月30日投资者关系活动记录表,https://data.eastmoney.com/notices/detail/002916/AN202510301771964866.html,investor_relations,eastmoney_notice
SZSE:002916,深南电路,2025-10-30,高管人员任职变动,深南电路:关于公司董事、总经理辞职暨聘任总经理并提名非独立董事候选人的公告,https://data.eastmoney.com/notices/detail/002916/AN202510291771333515.html,,eastmoney_notice
SZSE:002916,深南电路,2025-10-30,三季度报告全文,深南电路:2025年三季度报告,https://data.eastmoney.com/notices/detail/002916/AN202510291771333524.html,earnings,eastmoney_notice
SZSE:002916,深南电路,2025-10-30,高管人员任职变动,深南电路:第四届董事会第九次会议决议公告,https://data.eastmoney.com/notices/detail/002916/AN202510291771333493.html,,eastmoney_notice
SZSE:002916,深南电路,2025-10-29,调研活动,深南电路:2025年10月29日投资者关系活动记录表,https://data.eastmoney.com/notices/detail/002916/AN202510291771441901.html,investor_relations,eastmoney_notice
SZSE:002916,深南电路,2025-10-15,调研活动,深南电路:2025年10月15日投资者关系活动记录表,https://data.eastmoney.com/notices/detail/002916/AN202510151762693209.html,investor_relations,eastmoney_notice
SZSE:002916,深南电路,2025-09-26,调研活动,深南电路:2025年9月26日投资者关系活动记录表,https://data.eastmoney.com/notices/detail/002916/AN202509261751028298.html,investor_relations,eastmoney_notice
SZSE:002916,深南电路,2025-09-18,调研活动,深南电路:2025年9月18日投资者关系活动记录表,https://data.eastmoney.com/notices/detail/002916/AN202509181746121799.html,investor_relations,eastmoney_notice
SZSE:002916,深南电路,2025-09-11,调研活动,深南电路:2025年9月9日-11日投资者关系活动记录表,https://data.eastmoney.com/notices/detail/002916/AN202509111741834665.html,investor_relations,eastmoney_notice
SZSE:002916,深南电路,2025-09-05,调研活动,深南电路:2025年9月1日-5日投资者关系活动记录表,https://data.eastmoney.com/notices/detail/002916/AN202509051739265675.html,investor_relations,eastmoney_notice
SZSE:002916,深南电路,2025-09-01,股票交易异常波动,深南电路:股票交易异常波动公告,https://data.eastmoney.com/notices/detail/002916/AN202508311737275948.html,,eastmoney_notice
SZSE:002916,深南电路,2025-08-29,调研活动,深南电路:2025年8月28日-29日投资者关系活动记录表,https://data.eastmoney.com/notices/detail/002916/AN202508291736547161.html,investor_relations,eastmoney_notice
SZSE:002916,深南电路,2025-08-28,募集资金使用情况报告,深南电路:2025年半年度募集资金存放与使用情况的专项报告,https://data.eastmoney.com/notices/detail/002916/AN202508271735478994.html,,eastmoney_notice
SZSE:002916,深南电路,2025-08-28,资金占用,深南电路:半年度非经营性资金占用及其他关联资金往来情况汇总表,https://data.eastmoney.com/notices/detail/002916/AN202508271735479006.html,,eastmoney_notice
SZSE:002916,深南电路,2025-08-28,半年度财务报告,深南电路:2025年半年度财务报告,https://data.eastmoney.com/notices/detail/002916/AN202508271735479000.html,,eastmoney_notice
SZSE:002916,深南电路,2025-08-28,其他,深南电路:关于计提资产减值准备的公告,https://data.eastmoney.com/notices/detail/002916/AN202508271735478995.html,,eastmoney_notice
SZSE:002916,深南电路,2025-08-28,提供/对外担保公告,深南电路:关于为子公司提供担保的公告,https://data.eastmoney.com/notices/detail/002916/AN202508271735479003.html,,eastmoney_notice
SZSE:002916,深南电路,2025-08-28,高管人员任职变动,深南电路:第四届董事会第八次会议决议公告,https://data.eastmoney.com/notices/detail/002916/AN202508271735478993.html,,eastmoney_notice
SZSE:002916,深南电路,2025-08-28,其他,深南电路:关于与中航工业集团财务有限责任公司关联存贷款的风险持续评估报告,https://data.eastmoney.com/notices/detail/002916/AN202508271735478998.html,risk,eastmoney_notice
SZSE:002916,深南电路,2025-08-28,半年度报告摘要,深南电路:2025年半年度报告摘要,https://data.eastmoney.com/notices/detail/002916/AN202508271735479004.html,earnings,eastmoney_notice
SZSE:002916,深南电路,2025-08-28,半年度报告全文,深南电路:2025年半年度报告,https://data.eastmoney.com/notices/detail/002916/AN202508271735478989.html,earnings,eastmoney_notice
SZSE:002916,深南电路,2025-08-27,调研活动,深南电路:2025年8月27日投资者关系活动记录表,https://data.eastmoney.com/notices/detail/002916/AN202508271735573869.html,investor_relations,eastmoney_notice
SZSE:002916,深南电路,2025-08-21,高管人员任职变动,深南电路:关于公司董事辞职及补选职工代表董事的公告,https://data.eastmoney.com/notices/detail/002916/AN202508201731139235.html,,eastmoney_notice
SZSE:002916,深南电路,2025-08-19,股东大会决议公告,深南电路:2025年第一次临时股东会决议公告,https://data.eastmoney.com/notices/detail/002916/AN202508181729911864.html,institutional_capital,eastmoney_notice
SZSE:002916,深南电路,2025-08-19,法律意见书,深南电路:北京市嘉源律师事务所关于深南电路股份有限公司2025年第一次临时股东会的法律意见书,https://data.eastmoney.com/notices/detail/002916/AN202508181729911875.html,institutional_capital,eastmoney_notice
SZSE:002916,深南电路,2025-07-31,管理办法/制度,深南电路:独立董事工作制度(2025年7月),https://data.eastmoney.com/notices/detail/002916/AN202507301718427586.html,,eastmoney_notice
SZSE:002916,深南电路,2025-07-31,管理办法/制度,深南电路:董事、高级管理人员离职管理制度(2025年7月),https://data.eastmoney.com/notices/detail/002916/AN202507301718427602.html,,eastmoney_notice
SZSE:002916,深南电路,2025-07-31,管理办法/制度,深南电路:内幕信息知情人登记制度(2025年7月),https://data.eastmoney.com/notices/detail/002916/AN202507301718427595.html,,eastmoney_notice
SZSE:002916,深南电路,2025-07-31,管理办法/制度,深南电路:对外担保管理制度(2025年7月),https://data.eastmoney.com/notices/detail/002916/AN202507301718427601.html,,eastmoney_notice
SZSE:002916,深南电路,2025-07-31,议事规则/实施细则,深南电路:提名委员会工作细则(2025年7月),https://data.eastmoney.com/notices/detail/002916/AN202507301718427606.html,,eastmoney_notice
SZSE:002916,深南电路,2025-07-31,管理办法/制度,深南电路:董事、高级管理人员所持本公司股份及其变动管理制度(2025年7月),https://data.eastmoney.com/notices/detail/002916/AN202507301718427613.html,,eastmoney_notice
SZSE:002916,深南电路,2025-07-31,议事规则/实施细则,深南电路:总经理工作细则(2025年7月),https://data.eastmoney.com/notices/detail/002916/AN202507301718427609.html,,eastmoney_notice
SZSE:002916,深南电路,2025-07-31,管理办法/制度,深南电路:募集资金管理制度(2025年7月),https://data.eastmoney.com/notices/detail/002916/AN202507301718427599.html,,eastmoney_notice
SZSE:002916,深南电路,2025-07-31,管理办法/制度,深南电路:信息披露管理制度(2025年7月),https://data.eastmoney.com/notices/detail/002916/AN202507301718427621.html,,eastmoney_notice
SZSE:002916,深南电路,2025-07-31,管理办法/制度,深南电路:会计师事务所选聘制度(2025年7月),https://data.eastmoney.com/notices/detail/002916/AN202507301718427592.html,,eastmoney_notice
SZSE:002916,深南电路,2025-07-31,管理办法/制度,深南电路:内部审计制度(2025年7月),https://data.eastmoney.com/notices/detail/002916/AN202507301718427598.html,,eastmoney_notice
SZSE:002916,深南电路,2025-07-31,管理办法/制度,深南电路:投资者关系管理制度(2025年7月),https://data.eastmoney.com/notices/detail/002916/AN202507301718427594.html,investor_relations,eastmoney_notice
SZSE:002916,深南电路,2025-07-31,议事规则/实施细则,深南电路:战略委员会工作细则(2025年7月),https://data.eastmoney.com/notices/detail/002916/AN202507301718427612.html,,eastmoney_notice
SZSE:002916,深南电路,2025-07-31,管理办法/制度,深南电路:外汇衍生品交易业务管理制度(2025年7月),https://data.eastmoney.com/notices/detail/002916/AN202507301718427600.html,,eastmoney_notice
SZSE:002916,深南电路,2025-07-31,议事规则/实施细则,深南电路:股东会议事规则(2025年7月),https://data.eastmoney.com/notices/detail/002916/AN202507301718427617.html,institutional_capital,eastmoney_notice
SZSE:002916,深南电路,2025-07-31,议事规则/实施细则,深南电路:董事会议事规则(2025年7月),https://data.eastmoney.com/notices/detail/002916/AN202507301718427585.html,,eastmoney_notice
SZSE:002916,深南电路,2025-07-31,议事规则/实施细则,深南电路:薪酬与考核委员会工作细则(2025年7月),https://data.eastmoney.com/notices/detail/002916/AN202507301718427589.html,,eastmoney_notice
SZSE:002916,深南电路,2025-07-31,召开股东大会通知,深南电路:关于召开2025年第一次临时股东会的通知,https://data.eastmoney.com/notices/detail/002916/AN202507301718427587.html,institutional_capital,eastmoney_notice
SZSE:002916,深南电路,2025-07-31,公司章程修订,深南电路:公司章程修订对照表,https://data.eastmoney.com/notices/detail/002916/AN202507301718427607.html,,eastmoney_notice
SZSE:002916,深南电路,2025-07-31,董事会决议公告,深南电路:第四届董事会第七次会议决议公告,https://data.eastmoney.com/notices/detail/002916/AN202507301718427619.html,,eastmoney_notice
SZSE:002916,深南电路,2025-07-31,审计机构变更,深南电路:关于续聘会计师事务所的公告,https://data.eastmoney.com/notices/detail/002916/AN202507301718427616.html,,eastmoney_notice
SZSE:002916,深南电路,2025-07-31,公司章程,深南电路:公司章程(2025年7月),https://data.eastmoney.com/notices/detail/002916/AN202507301718427596.html,,eastmoney_notice
SZSE:002916,深南电路,2025-07-31,管理办法/制度,深南电路:关联交易管理制度(2025年7月),https://data.eastmoney.com/notices/detail/002916/AN202507301718427584.html,,eastmoney_notice
SZSE:002916,深南电路,2025-07-31,议事规则/实施细则,深南电路:董事会秘书工作细则(2025年7月),https://data.eastmoney.com/notices/detail/002916/AN202507301718427597.html,,eastmoney_notice
SZSE:002916,深南电路,2025-07-31,议事规则/实施细则,深南电路:审计委员会工作细则(2025年7月),https://data.eastmoney.com/notices/detail/002916/AN202507301718427611.html,,eastmoney_notice
SZSE:002916,深南电路,2025-07-03,调研活动,深南电路:2025年7月1日-3日投资者关系活动记录表,https://data.eastmoney.com/notices/detail/002916/AN202507031702270475.html,investor_relations,eastmoney_notice
SZSE:002916,深南电路,2025-06-20,调研活动,深南电路:2025年6月20日投资者关系活动记录表,https://data.eastmoney.com/notices/detail/002916/AN202506201694444175.html,investor_relations,eastmoney_notice
SZSE:002916,深南电路,2025-06-14,公司关联方基本资料变更,深南电路:关于控股股东变更名称并完成工商变更登记的公告,https://data.eastmoney.com/notices/detail/002916/AN202506131690261891.html,institutional_capital,eastmoney_notice
SZSE:002916,深南电路,2025-06-10,调研活动,深南电路:2025年6月10日投资者关系活动记录表,https://data.eastmoney.com/notices/detail/002916/AN202506101688373624.html,investor_relations,eastmoney_notice
SZSE:002916,深南电路,2025-06-06,调研活动,深南电路:2025年6月6日投资者关系活动记录表,https://data.eastmoney.com/notices/detail/002916/AN202506061685960342.html,investor_relations,eastmoney_notice
